seed,plant,t,chaos,incumbent_J,oracle_J,model,spearman,J,ess,frac_gated,role
0,0.5,10,0.9043547117188424,0.7169761061668396,0.7135805562138557,0.7,0.4902978690097189,0.7128845453262329,1.1355377435684204,0.0,other
0,0.5,10,0.9043547117188424,0.7169761061668396,0.7135805562138557,1.0,0.46724091206663837,0.7402663007378578,1.350185751914978,0.0,other
0,0.5,10,0.9043547117188424,0.7169761061668396,0.7135805562138557,2.0,0.46868515881838857,0.35909887216985226,2.8317759037017822,0.0,other
0,0.5,10,0.9043547117188424,0.7169761061668396,0.7135805562138557,1.4,0.4639910899685216,0.6476708352565765,1.7854855060577393,0.0,other
0,0.5,10,0.9043547117188424,0.7169761061668396,0.7135805562138557,0.5,0.9137676895130982,0.7357784360647202,23.2105712890625,0.002928257686676372,true
0,0.5,14,0.9310767381093205,0.6231417059898376,0.6579615771770477,0.7,0.5935426068735141,0.653620071709156,2.6338517665863037,0.0,other
0,0.5,14,0.9310767381093205,0.6231417059898376,0.6579615771770477,1.0,0.5579342059774018,0.6230916008353233,1.2845338582992554,0.0,other
0,0.5,14,0.9310767381093205,0.6231417059898376,0.6579615771770477,2.0,0.5409263640907597,-0.13414453621953726,1.0877455472946167,0.0,other
0,0.5,14,0.9310767381093205,0.6231417059898376,0.6579615771770477,1.4,0.5410124845590885,0.24444349482655525,1.3211973905563354,0.0,other
0,0.5,14,0.9310767381093205,0.6231417059898376,0.6579615771770477,0.5,0.936517260115458,0.623044990003109,37.162960052490234,0.0014641288433382416,true
0,0.5,18,0.9016730155487538,0.5921323299407959,0.5876342728734016,0.7,0.5588239997848214,0.5545864477753639,1.1500588655471802,0.0,other
0,0.5,18,0.9016730155487538,0.5921323299407959,0.5876342728734016,1.0,0.5385381632574494,-1.0883654057979584,1.0163565874099731,0.0,other
0,0.5,18,0.9016730155487538,0.5921323299407959,0.5876342728734016,2.0,0.5025313650112309,0.538767552934587,2.104231834411621,0.0,other
0,0.5,18,0.9016730155487538,0.5921323299407959,0.5876342728734016,1.4,0.5083197134159239,-1.0614227950572968,1.0096975564956665,0.0,other
0,0.5,18,0.9016730155487538,0.5921323299407959,0.5876342728734016,0.5,0.9062526628991293,0.5894598513841629,48.12275314331055,0.0014641288433382416,true
0,0.5,22,0.873137952019585,0.4430463910102844,0.5020674467086792,0.7,0.618268067979462,0.45620928704738617,1.9096962213516235,0.0,other
0,0.5,22,0.873137952019585,0.4430463910102844,0.5020674467086792,1.0,0.605005793337865,-0.36215872317552567,1.0655659437179565,0.0,other
0,0.5,22,0.873137952019585,0.4430463910102844,0.5020674467086792,2.0,0.586310386945992,-0.12830500584095716,2.09559965133667,0.0,other
0,0.5,22,0.873137952019585,0.4430463910102844,0.5020674467086792,1.4,0.6019334366946049,0.5435154587030411,2.5246286392211914,0.0,other
0,0.5,22,0.873137952019585,0.4430463910102844,0.5020674467086792,0.5,0.8953059588215606,0.46914178878068924,21.34010124206543,0.0009760858955587537,true
0,0.5,26,0.9112599495558716,0.2883331775665283,0.3705977573990822,0.7,0.6175752352744815,0.4303463585674763,2.0240211486816406,0.0,other
0,0.5,26,0.9112599495558716,0.2883331775665283,0.3705977573990822,1.0,0.6051127462515424,0.29997333022765815,3.0982844829559326,0.0,other
0,0.5,26,0.9112599495558716,0.2883331775665283,0.3705977573990822,2.0,0.582598431374573,0.2511971518397331,2.6812524795532227,0.0,other
0,0.5,26,0.9112599495558716,0.2883331775665283,0.3705977573990822,1.4,0.593807624408444,0.17895562248304486,1.5838550329208374,0.0,other
0,0.5,26,0.9112599495558716,0.2883331775665283,0.3705977573990822,0.5,0.9087906381964683,0.37220749258995056,10.145678520202637,0.0,true
0,0.5,30,0.8687514184881744,0.3546781539916992,0.3755117431282997,0.7,0.6696294790673695,-0.3151734210550785,1.005631446838379,0.0,other
0,0.5,30,0.8687514184881744,0.3546781539916992,0.3755117431282997,1.0,0.6681331509268331,0.355015616863966,1.01571786403656,0.0,other
0,0.5,30,0.8687514184881744,0.3546781539916992,0.3755117431282997,2.0,0.6313071402115198,0.3226100951433182,1.186108112335205,0.0,other
0,0.5,30,0.8687514184881744,0.3546781539916992,0.3755117431282997,1.4,0.6426547874290717,0.3370633162558079,1.0012294054031372,0.0,other
0,0.5,30,0.8687514184881744,0.3546781539916992,0.3755117431282997,0.5,0.8762720148815807,0.250745402649045,1.8494576215744019,0.0014641288433382416,true
0,0.5,34,0.9228617252360535,0.16907969117164612,0.13200824800878763,0.7,0.5332274964417484,-0.6487137898802757,1.4589124917984009,0.0,other
0,0.5,34,0.9228617252360535,0.16907969117164612,0.13200824800878763,1.0,0.4891470260440847,0.1678254958242178,1.002458930015564,0.0,other
0,0.5,34,0.9228617252360535,0.16907969117164612,0.13200824800878763,2.0,0.48535792851104437,-0.14040219597518444,1.3020845651626587,0.0,other
0,0.5,34,0.9228617252360535,0.16907969117164612,0.13200824800878763,1.4,0.5087799196558476,0.155504216440022,1.0067553520202637,0.0,other
0,0.5,34,0.9228617252360535,0.16907969117164612,0.13200824800878763,0.5,0.9265712814941556,0.25510571897029877,5.674529552459717,0.0014641288433382416,true
0,0.5,38,0.9487257322318146,0.1671222746372223,0.07395798899233341,0.7,0.6643323511097027,-0.1047299774363637,1.1976909637451172,0.0,other
0,0.5,38,0.9487257322318146,0.1671222746372223,0.07395798899233341,1.0,0.6324585116996394,-0.03988244096399285,1.8176206350326538,0.0,other
0,0.5,38,0.9487257322318146,0.1671222746372223,0.07395798899233341,2.0,0.570466894730029,0.07305734138935804,2.177701711654663,0.0,other
0,0.5,38,0.9487257322318146,0.1671222746372223,0.07395798899233341,1.4,0.5944724937395102,-0.15629680640995502,1.0562061071395874,0.0,other
0,0.5,38,0.9487257322318146,0.1671222746372223,0.07395798899233341,0.5,0.9466636805654752,-0.04903995629865676,1.6833683252334595,0.0,true
0,0.5,42,0.9660594895384101,0.12075135111808777,-0.015962525736540556,0.7,0.5418522971524732,0.12091195955872536,1.015397071838379,0.0,other
0,0.5,42,0.9660594895384101,0.12075135111808777,-0.015962525736540556,1.0,0.5050090670992889,0.19780341908335686,3.304259777069092,0.0,other
0,0.5,42,0.9660594895384101,0.12075135111808777,-0.015962525736540556,2.0,0.42301425902458667,-0.06178600341081619,2.356868028640747,0.0,other
0,0.5,42,0.9660594895384101,0.12075135111808777,-0.015962525736540556,1.4,0.451390058221653,-0.3481783978641033,3.2686469554901123,0.0,other
0,0.5,42,0.9660594895384101,0.12075135111808777,-0.015962525736540556,0.5,0.9689873364085081,0.12486635148525238,7.092519283294678,0.0019521717911176184,true
0,0.5,46,0.9239162858785778,-0.5111200213432312,0.009221782558597624,0.7,0.47942493598236113,-0.13559030089527369,1.7190593481063843,0.0,other
0,0.5,46,0.9239162858785778,-0.5111200213432312,0.009221782558597624,1.0,0.46859739903447606,0.028191551566123962,2.010342836380005,0.0,other
0,0.5,46,0.9239162858785778,-0.5111200213432312,0.009221782558597624,2.0,0.4627693779477485,0.034471708815544844,3.090651273727417,0.0,other
0,0.5,46,0.9239162858785778,-0.5111200213432312,0.009221782558597624,1.4,0.46793829909731127,-0.029043040005490184,1.7317403554916382,0.0,other
0,0.5,46,0.9239162858785778,-0.5111200213432312,0.009221782558597624,0.5,0.9452862905240411,0.038456707494333386,3.4340407848358154,0.0009760858955587537,true
0,0.5,50,0.9310300281303221,-0.468455046415329,-0.3206438943743706,0.7,0.5907741498183623,-0.04535428434610367,1.679850697517395,0.0,other
0,0.5,50,0.9310300281303221,-0.468455046415329,-0.3206438943743706,1.0,0.5816803535545746,-0.2688415125012398,1.00167715549469,0.0,other
0,0.5,50,0.9310300281303221,-0.468455046415329,-0.3206438943743706,2.0,0.5421601185712945,-0.12364156730473042,4.108509063720703,0.0,other
0,0.5,50,0.9310300281303221,-0.468455046415329,-0.3206438943743706,1.4,0.5670785760689889,-0.27019728533923626,1.2173588275909424,0.0,other
0,0.5,50,0.9310300281303221,-0.468455046415329,-0.3206438943743706,0.5,0.9313772087642086,-0.2940983809530735,17.723979949951172,0.0009760858955587537,true
0,0.5,54,0.89726729838387,-0.31986263394355774,-0.3958345465362072,0.7,0.7489279428781038,-0.5684446953237057,1.0009156465530396,0.0,other
0,0.5,54,0.89726729838387,-0.31986263394355774,-0.3958345465362072,1.0,0.7463222625708608,-0.4756958819925785,1.1757053136825562,0.0,other
0,0.5,54,0.89726729838387,-0.31986263394355774,-0.3958345465362072,2.0,0.699122601737094,-0.49204361997544765,1.0000181198120117,0.0,other
0,0.5,54,0.89726729838387,-0.31986263394355774,-0.3958345465362072,1.4,0.7269790801872537,-0.4330436624586582,1.1477618217468262,0.0,other
0,0.5,54,0.89726729838387,-0.31986263394355774,-0.3958345465362072,0.5,0.9122983939051713,-0.4408571873791516,1.420486330986023,0.0009760858955587537,true
0,0.5,58,0.8535338277413025,-0.11322516947984695,-0.4410665405448526,0.7,0.4789011588177362,-0.5205768272280693,1.0741157531738281,0.0,other
0,0.5,58,0.8535338277413025,-0.11322516947984695,-0.4410665405448526,1.0,0.5091627941912955,-1.22843736410141,3.9833531379699707,0.0,other
0,0.5,58,0.8535338277413025,-0.11322516947984695,-0.4410665405448526,2.0,0.4679648461530042,-0.13417525868862867,1.0952777862548828,0.0,other
0,0.5,58,0.8535338277413025,-0.11322516947984695,-0.4410665405448526,1.4,0.5044050723922331,-0.34649716410785913,3.901280403137207,0.0,other
0,0.5,58,0.8535338277413025,-0.11322516947984695,-0.4410665405448526,0.5,0.8600344671952481,-0.2381112352013588,5.804893970489502,0.007320644216691097,true
0,0.7,10,0.9645043011574653,0.7547399401664734,0.7543236240744591,0.7,0.9647710122576153,0.7549261823296547,1.002389907836914,0.0,true
0,0.7,10,0.9645043011574653,0.7547399401664734,0.7543236240744591,1.0,0.8690050159246332,0.6927951946854591,1.300907850265503,0.0,other
0,0.7,10,0.9645043011574653,0.7547399401664734,0.7543236240744591,2.0,0.8326658318416779,0.7545226737856865,1.0000743865966797,0.0,other
0,0.7,10,0.9645043011574653,0.7547399401664734,0.7543236240744591,1.4,0.8493406286826414,0.7547697871923447,1.0008529424667358,0.0,other
0,0.7,14,0.9641504969891621,0.8100938200950623,0.7975083217024803,0.7,0.9679425069970182,0.8008454889059067,1.0518524646759033,0.0,true
0,0.7,14,0.9641504969891621,0.8100938200950623,0.7975083217024803,1.0,0.8666721520350499,0.8027100935578346,1.0003384351730347,0.0,other
0,0.7,14,0.9641504969891621,0.8100938200950623,0.7975083217024803,2.0,0.7685792230966326,0.8054190203547478,1.0020356178283691,0.0,other
0,0.7,14,0.9641504969891621,0.8100938200950623,0.7975083217024803,1.4,0.8217386065575488,0.805825874209404,1.0017131567001343,0.0,other
0,0.7,18,0.967764208578099,0.7966372966766357,0.7953727319836617,0.7,0.9513285406920687,0.7911437302827835,1.361517071723938,0.0,true
0,0.7,18,0.967764208578099,0.7966372966766357,0.7953727319836617,1.0,0.8410082485581903,0.792974442243576,1.7763789892196655,0.0,other
0,0.7,18,0.967764208578099,0.7966372966766357,0.7953727319836617,2.0,0.7100728312033533,0.80034189671278,1.0597100257873535,0.0,other
0,0.7,18,0.967764208578099,0.7966372966766357,0.7953727319836617,1.4,0.7842843554150449,0.7969902008771896,1.0016343593597412,0.0,other
0,0.7,22,0.9594498702425054,0.7799909114837646,0.7683783397078514,0.7,0.961544924790963,0.7077674344182014,1.4649848937988281,0.0,true
0,0.7,22,0.9594498702425054,0.7799909114837646,0.7683783397078514,1.0,0.8624199007634296,0.7661836445331573,1.0427608489990234,0.0,other
0,0.7,22,0.9594498702425054,0.7799909114837646,0.7683783397078514,2.0,0.8078833639224632,0.7800816744565964,2.000131845474243,0.0,other
0,0.7,22,0.9594498702425054,0.7799909114837646,0.7683783397078514,1.4,0.8330997449049473,0.7990854904055595,1.9641779661178589,0.0,other
0,0.7,26,0.9440714917821306,0.6876092553138733,0.6844366416335106,0.7,0.944579593034675,0.7845022603869438,1.7957820892333984,0.0,true
0,0.7,26,0.9440714917821306,0.6876092553138733,0.6844366416335106,1.0,0.8369957002503763,0.7627811133861542,1.4585978984832764,0.0,other
0,0.7,26,0.9440714917821306,0.6876092553138733,0.6844366416335106,2.0,0.7369437356600187,0.7423432096838951,1.0000371932983398,0.0,other
0,0.7,26,0.9440714917821306,0.6876092553138733,0.6844366416335106,1.4,0.8055661405139629,0.7229286730289459,1.6367456912994385,0.0,other
0,0.7,30,0.9451483476658752,0.8106017708778381,0.8048902004957199,0.7,0.9534109501102561,0.809585765004158,1.0003331899642944,0.0,true
0,0.7,30,0.9451483476658752,0.8106017708778381,0.8048902004957199,1.0,0.7979534349556299,0.5861035957932472,1.4870970249176025,0.0,other
0,0.7,30,0.9451483476658752,0.8106017708778381,0.8048902004957199,2.0,0.6977434169999644,0.7831979393959045,1.1250340938568115,0.0,other
0,0.7,30,0.9451483476658752,0.8106017708778381,0.8048902004957199,1.4,0.7690073119955899,0.8127090409398079,1.4400421380996704,0.0,other
0,0.7,34,0.973646696336107,0.7361061573028564,0.8083752319216728,0.7,0.9747819555605651,0.7984888255596161,2.638561964035034,0.0,true
0,0.7,34,0.973646696336107,0.7361061573028564,0.8083752319216728,1.0,0.8692891065800987,0.8261930420994759,2.4694364070892334,0.0,other
0,0.7,34,0.973646696336107,0.7361061573028564,0.8083752319216728,2.0,0.8017408821153093,0.6799708902835846,1.2864408493041992,0.0,other
0,0.7,34,0.973646696336107,0.7361061573028564,0.8083752319216728,1.4,0.8293362820501377,0.7961793765425682,1.4913837909698486,0.0,other
0,0.7,38,0.9616028249205443,0.5630940794944763,0.7961852326989174,0.7,0.9635304587901298,0.7950905710458755,1.050376534461975,0.0,true
0,0.7,38,0.9616028249205443,0.5630940794944763,0.7961852326989174,1.0,0.8357623388007537,0.6279769688844681,1.005104660987854,0.0,other
0,0.7,38,0.9616028249205443,0.5630940794944763,0.7961852326989174,2.0,0.7488491048950113,0.8097223863005638,4.837437152862549,0.0,other
0,0.7,38,0.9616028249205443,0.5630940794944763,0.7961852326989174,1.4,0.7924173065720639,0.5954412668943405,1.0000431537628174,0.0,other
0,0.7,42,0.9364923177873802,0.7675562500953674,0.8183382675051689,0.7,0.9370566086111312,0.8307753950357437,1.6783934831619263,0.0,true
0,0.7,42,0.9364923177873802,0.7675562500953674,0.8183382675051689,1.0,0.8352705276555192,0.8131715953350067,1.0083123445510864,0.0,other
0,0.7,42,0.9364923177873802,0.7675562500953674,0.8183382675051689,2.0,0.7701818652800594,0.7694768533110619,1.0018864870071411,0.0,other
0,0.7,42,0.9364923177873802,0.7675562500953674,0.8183382675051689,1.4,0.8001134351118631,0.7737999260425568,1.0024217367172241,0.0,other
0,0.7,46,0.9588908861327359,0.8033187389373779,0.7585017383098602,0.7,0.9575267898193944,0.7151496708393097,1.0019246339797974,0.0,true
0,0.7,46,0.9588908861327359,0.8033187389373779,0.7585017383098602,1.0,0.8611388623540336,0.7272874563932419,1.0019911527633667,0.0,other
0,0.7,46,0.9588908861327359,0.8033187389373779,0.7585017383098602,2.0,0.7834664240773311,0.6615954115986824,2.9562675952911377,0.0,other
0,0.7,46,0.9588908861327359,0.8033187389373779,0.7585017383098602,1.4,0.8314539109090991,0.713331863284111,2.0153090953826904,0.0,other
0,0.7,50,0.9566757105265508,0.8125348091125488,0.8422391638159752,0.7,0.9489083131160057,0.8404184356331825,2.0159857273101807,0.0,true
0,0.7,50,0.9566757105265508,0.8125348091125488,0.8422391638159752,1.0,0.8530878415928652,0.8292464688420296,1.0973446369171143,0.0,other
0,0.7,50,0.9566757105265508,0.8125348091125488,0.8422391638159752,2.0,0.7561279622942186,0.8127494677901268,1.0003288984298706,0.0,other
0,0.7,50,0.9566757105265508,0.8125348091125488,0.8422391638159752,1.4,0.8289866557266188,0.8028063699603081,1.041308045387268,0.0,other
0,0.7,54,0.9674032483684786,0.8340270519256592,0.8332939296960831,0.7,0.9678996352538887,0.8385885134339333,2.9925363063812256,0.0,true
0,0.7,54,0.9674032483684786,0.8340270519256592,0.8332939296960831,1.0,0.8678106475199087,0.842880591750145,2.036583423614502,0.0,other
0,0.7,54,0.9674032483684786,0.8340270519256592,0.8332939296960831,2.0,0.7869782771600365,0.8327648863196373,1.0957741737365723,0.0,other
0,0.7,54,0.9674032483684786,0.8340270519256592,0.8332939296960831,1.4,0.8242869039701105,0.8346668928861618,1.4675884246826172,0.0,other
0,0.7,58,0.9727573956919795,0.7387017607688904,0.835452526807785,0.7,0.9763936871719103,0.8359024226665497,1.0833783149719238,0.0,true
0,0.7,58,0.9727573956919795,0.7387017607688904,0.835452526807785,1.0,0.8475892343007894,0.8240983113646507,1.0508792400360107,0.0,other
0,0.7,58,0.9727573956919795,0.7387017607688904,0.835452526807785,2.0,0.7955365384958756,0.7882317006587982,1.07338285446167,0.0,other
0,0.7,58,0.9727573956919795,0.7387017607688904,0.835452526807785,1.4,0.8219822834272222,0.8043103143572807,1.0169711112976074,0.0,other
0,0.7,62,0.9716591051628398,0.856386661529541,0.8565598875284195,0.7,0.9717696625138379,0.8645564839243889,1.1301145553588867,0.0,true
0,0.7,62,0.9716591051628398,0.856386661529541,0.8565598875284195,1.0,0.8754237980640469,0.8192923441529274,1.0341821908950806,0.0,other
0,0.7,62,0.9716591051628398,0.856386661529541,0.8565598875284195,2.0,0.8319209590825092,0.8504392132163048,1.000035047531128,0.0,other
0,0.7,62,0.9716591051628398,0.856386661529541,0.8565598875284195,1.4,0.8630334682333144,0.8563584536314011,1.0488775968551636,0.0,other
0,0.7,66,0.9716684052266723,0.8511426448822021,0.8515000715851784,0.7,0.9711662617621327,0.8514925241470337,1.0007685422897339,0.0,true
0,0.7,66,0.9716684052266723,0.8511426448822021,0.8515000715851784,1.0,0.8624633730649396,0.7907628268003464,3.3325514793395996,0.0,other
0,0.7,66,0.9716684052266723,0.8511426448822021,0.8515000715851784,2.0,0.8016436227256902,0.7855465933680534,1.0194681882858276,0.0,other
0,0.7,66,0.9716684052266723,0.8511426448822021,0.8515000715851784,1.4,0.8382339475904369,0.7678635790944099,1.0176135301589966,0.0,other
0,0.7,70,0.9642053948460881,0.6041203141212463,0.6923224925994873,0.7,0.9684788515962578,0.820111408829689,2.4314725399017334,0.0,true
0,0.7,70,0.9642053948460881,0.6041203141212463,0.6923224925994873,1.0,0.8924004389596651,0.6866104304790497,1.9373953342437744,0.0,other
0,0.7,70,0.9642053948460881,0.6041203141212463,0.6923224925994873,2.0,0.7959540788598545,0.8003661185503006,1.6937718391418457,0.0,other
0,0.7,70,0.9642053948460881,0.6041203141212463,0.6923224925994873,1.4,0.8584574825130344,0.7616548463702202,1.781633973121643,0.0,other
0,0.7,74,0.9696278774818771,0.8229381442070007,0.8309803456068039,0.7,0.9682259713245012,0.7376743629574776,1.5581289529800415,0.0,true
0,0.7,74,0.9696278774818771,0.8229381442070007,0.8309803456068039,1.0,0.8724145588448443,0.8411330282688141,1.0742148160934448,0.0,other
0,0.7,74,0.9696278774818771,0.8229381442070007,0.8309803456068039,2.0,0.8118774662536158,0.7174534425139427,1.1347841024398804,0.0,other
0,0.7,74,0.9696278774818771,0.8229381442070007,0.8309803456068039,1.4,0.8500618376825699,0.7677813172340393,1.1516951322555542,0.0,other
0,0.7,78,0.9496925430386689,0.793535590171814,0.6808393448591232,0.7,0.95202163222189,0.7484636977314949,1.1032410860061646,0.0,true
0,0.7,78,0.9496925430386689,0.793535590171814,0.6808393448591232,1.0,0.8406776585742061,0.7558656483888626,1.0006250143051147,0.0,other
0,0.7,78,0.9496925430386689,0.793535590171814,0.6808393448591232,2.0,0.722228827436677,0.755709283053875,1.0000083446502686,0.0,other
0,0.7,78,0.9496925430386689,0.793535590171814,0.6808393448591232,1.4,0.7864958061086981,0.6723926290869713,1.0553323030471802,0.0,other
0,0.7,82,0.9638331286491627,0.6961509585380554,0.5711889043450356,0.7,0.9638365504365605,0.5688342675566673,1.0076762437820435,0.0,true
0,0.7,82,0.9638331286491627,0.6961509585380554,0.5711889043450356,1.0,0.8234929321188803,0.7092249616980553,1.0084062814712524,0.0,other
0,0.7,82,0.9638331286491627,0.6961509585380554,0.5711889043450356,2.0,0.7245811665268008,0.808732733130455,2.3284614086151123,0.0,other
0,0.7,82,0.9638331286491627,0.6961509585380554,0.5711889043450356,1.4,0.7905880845881008,0.8022278621792793,1.0527265071868896,0.0,other
0,0.7,86,0.9578835536865902,0.7246792912483215,0.7192036285996437,0.7,0.9607302482100133,0.7245937213301659,1.227911353111267,0.0,true
0,0.7,86,0.9578835536865902,0.7246792912483215,0.7192036285996437,1.0,0.8796246663303934,0.7463652715086937,2.1371405124664307,0.0,other
0,0.7,86,0.9578835536865902,0.7246792912483215,0.7192036285996437,2.0,0.7923606594605936,0.19057979807257652,1.2131636142730713,0.0,other
0,0.7,86,0.9578835536865902,0.7246792912483215,0.7192036285996437,1.4,0.8261483814234191,0.7301697805523872,2.5434017181396484,0.0,other
0,1.0,10,0.9680512690604579,0.7613813877105713,0.8328900188207626,0.7,0.8657580577304218,0.8158287927508354,1.4821505546569824,0.0,other
0,1.0,10,0.9680512690604579,0.7613813877105713,0.8328900188207626,1.0,0.9680547480403886,0.7380299493670464,1.3151867389678955,0.0,true
0,1.0,10,0.9680512690604579,0.7613813877105713,0.8328900188207626,2.0,0.8491540736148806,0.7620284855365753,1.0024797916412354,0.0,other
0,1.0,10,0.9680512690604579,0.7613813877105713,0.8328900188207626,1.4,0.8918614216557157,0.7786966562271118,1.3649051189422607,0.0,other
0,1.0,14,0.9697174898113596,0.8301753401756287,0.8395056873559952,0.7,0.8815616044486306,0.8219445273280144,1.3483469486236572,0.0,other
0,1.0,14,0.9697174898113596,0.8301753401756287,0.8395056873559952,1.0,0.9705512122063901,0.8414886593818665,2.2892370223999023,0.0,true
0,1.0,14,0.9697174898113596,0.8301753401756287,0.8395056873559952,2.0,0.8557163308953507,0.8450925871729851,1.9869860410690308,0.0,other
0,1.0,14,0.9697174898113596,0.8301753401756287,0.8395056873559952,1.4,0.8900381739233297,0.8431244939565659,1.6580480337142944,0.0,other
0,1.0,18,0.957673739755562,0.875186026096344,0.8791477605700493,0.7,0.8547433519957685,0.8674030303955078,1.2149044275283813,0.0,other
0,1.0,18,0.957673739755562,0.875186026096344,0.8791477605700493,1.0,0.9565593418562299,0.8797871172428131,1.5353509187698364,0.0,true
0,1.0,18,0.957673739755562,0.875186026096344,0.8791477605700493,2.0,0.8658411947492234,0.875837117433548,1.0091222524642944,0.0,other
0,1.0,18,0.957673739755562,0.875186026096344,0.8791477605700493,1.4,0.8897248104555763,0.8751916959881783,1.000091552734375,0.0,other
0,1.0,22,0.9671750934051709,0.8911987543106079,0.8885015323758125,0.7,0.8478106447300291,0.8875573426485062,1.2324117422103882,0.0,other
0,1.0,22,0.9671750934051709,0.8911987543106079,0.8885015323758125,1.0,0.973147807266186,0.8876552060246468,1.4918006658554077,0.0,true
0,1.0,22,0.9671750934051709,0.8911987543106079,0.8885015323758125,2.0,0.8539551861819057,0.890560656785965,1.03237783908844,0.0,other
0,1.0,22,0.9671750934051709,0.8911987543106079,0.8885015323758125,1.4,0.8832555259146343,0.8902285620570183,1.0060008764266968,0.0,other
0,1.0,26,0.9650795269145273,0.8794134259223938,0.8765360787510872,0.7,0.8530977958834769,0.8740218803286552,1.197507619857788,0.0,other
0,1.0,26,0.9650795269145273,0.8794134259223938,0.8765360787510872,1.0,0.9577824878696034,0.8773277699947357,1.0097508430480957,0.0,true
0,1.0,26,0.9650795269145273,0.8794134259223938,0.8765360787510872,2.0,0.8322795604488806,0.8757127895951271,1.0149482488632202,0.0,other
0,1.0,26,0.9650795269145273,0.8794134259223938,0.8765360787510872,1.4,0.8915043086901404,0.8770702108740807,1.064239740371704,0.0,other
0,1.0,30,0.973119068715852,0.8668929934501648,0.8783333823084831,0.7,0.8613800432654538,0.8683146759867668,1.005031704902649,0.0,other
0,1.0,30,0.973119068715852,0.8668929934501648,0.8783333823084831,1.0,0.9749565476243619,0.8651827722787857,1.027251958847046,0.0,true
0,1.0,30,0.973119068715852,0.8668929934501648,0.8783333823084831,2.0,0.8340344170713853,0.868711955845356,1.0200836658477783,0.0,other
0,1.0,30,0.973119068715852,0.8668929934501648,0.8783333823084831,1.4,0.8753569065144807,0.8679664805531502,1.042145013809204,0.0,other
0,1.0,34,0.9412258884650754,0.8164367079734802,0.8265881612896919,0.7,0.792220760945256,0.7210090681910515,1.0142273902893066,0.0,other
0,1.0,34,0.9412258884650754,0.8164367079734802,0.8265881612896919,1.0,0.9495845911040783,0.8304942473769188,1.5557641983032227,0.0,true
0,1.0,34,0.9412258884650754,0.8164367079734802,0.8265881612896919,2.0,0.78337866422794,0.8365970402956009,2.166675090789795,0.0,other
0,1.0,34,0.9412258884650754,0.8164367079734802,0.8265881612896919,1.4,0.7916685168218585,0.7770574167370796,1.213690161705017,0.0,other
0,1.0,38,0.9623353859407923,0.862754762172699,0.8639687746763229,0.7,0.8265872085691713,0.8628509044647217,1.0060670375823975,0.0,other
0,1.0,38,0.9623353859407923,0.862754762172699,0.8639687746763229,1.0,0.9667013704446846,0.8631555140018463,1.0057989358901978,0.0,true
0,1.0,38,0.9623353859407923,0.862754762172699,0.8639687746763229,2.0,0.7988945506396637,0.8664968386292458,1.1983193159103394,0.0,other
0,1.0,38,0.9623353859407923,0.862754762172699,0.8639687746763229,1.4,0.8442067256186838,0.8659511655569077,1.4233620166778564,0.0,other
0,1.0,42,0.9705711734568618,0.8683133721351624,0.8684427514672279,0.7,0.8326761502115846,0.8688110560178757,1.0023823976516724,0.0,other
0,1.0,42,0.9705711734568618,0.8683133721351624,0.8684427514672279,1.0,0.9705285259615042,0.8684027716517448,1.0006130933761597,0.0,true
0,1.0,42,0.9705711734568618,0.8683133721351624,0.8684427514672279,2.0,0.8278889301481093,0.8658177405595779,1.075132131576538,0.0,other
0,1.0,42,0.9705711734568618,0.8683133721351624,0.8684427514672279,1.4,0.8725225840758134,0.8682239428162575,1.0002549886703491,0.0,other
0,1.0,46,0.9640782335263187,0.8632879853248596,0.8665450885891914,0.7,0.8450593993277508,0.8632363602519035,1.0029836893081665,0.0,other
0,1.0,46,0.9640782335263187,0.8632879853248596,0.8665450885891914,1.0,0.9647044024858945,0.8661502599716187,1.0895901918411255,0.0,true
0,1.0,46,0.9640782335263187,0.8632879853248596,0.8665450885891914,2.0,0.8230747319483628,0.8700188100337982,1.2972623109817505,0.0,other
0,1.0,46,0.9640782335263187,0.8632879853248596,0.8665450885891914,1.4,0.862943214231511,0.8687921240925789,1.2717492580413818,0.0,other
0,1.0,50,0.8717813702438134,0.8781359791755676,0.8715605288743973,0.7,0.8366361723520696,0.8814045339822769,2.0784542560577393,0.0,other
0,1.0,50,0.8717813702438134,0.8781359791755676,0.8715605288743973,1.0,0.8697183323550157,0.8656397834420204,1.0140851736068726,0.0,true
0,1.0,50,0.8717813702438134,0.8781359791755676,0.8715605288743973,2.0,0.8180486061203265,0.8660517409443855,1.0017718076705933,0.0,other
0,1.0,50,0.8717813702438134,0.8781359791755676,0.8715605288743973,1.4,0.8707642428936186,0.8656618520617485,1.0001282691955566,0.0,other
0,1.0,54,0.9566652191841054,0.7645369172096252,0.8099111095070839,0.7,0.8296120779852313,0.5738291963934898,1.001056432723999,0.0,other
0,1.0,54,0.9566652191841054,0.7645369172096252,0.8099111095070839,1.0,0.9626998125758849,0.8072375878691673,1.7601488828659058,0.0,true
0,1.0,54,0.9566652191841054,0.7645369172096252,0.8099111095070839,2.0,0.7971748730046782,0.7939293012022972,1.4709526300430298,0.0,other
0,1.0,54,0.9566652191841054,0.7645369172096252,0.8099111095070839,1.4,0.8566413294446131,0.6375011950731277,1.6319233179092407,0.0,other
0,1.0,58,0.9692118994505053,0.8212049603462219,0.8667230010032654,0.7,0.8365381750392816,0.8592703193426132,1.7705438137054443,0.0,other
0,1.0,58,0.9692118994505053,0.8212049603462219,0.8667230010032654,1.0,0.9710099880481556,0.8453193381428719,1.3595026731491089,0.0,true
0,1.0,58,0.9692118994505053,0.8212049603462219,0.8667230010032654,2.0,0.8183232767471343,0.8226630315184593,1.386491298675537,0.0,other
0,1.0,58,0.9692118994505053,0.8212049603462219,0.8667230010032654,1.4,0.8572451486782667,0.8298153281211853,1.000576376914978,0.0,other
0,1.0,62,0.9725726233573191,0.8588665723800659,0.8594712913036346,0.7,0.8252908686680893,0.8597777560353279,1.0437134504318237,0.0,other
0,1.0,62,0.9725726233573191,0.8588665723800659,0.8594712913036346,1.0,0.9711067215454596,0.859032653272152,1.0308364629745483,0.0,true
0,1.0,62,0.9725726233573191,0.8588665723800659,0.8594712913036346,2.0,0.8205345618661395,0.8591067865490913,1.000344157218933,0.0,other
0,1.0,62,0.9725726233573191,0.8588665723800659,0.8594712913036346,1.4,0.8686693515538516,0.8587888553738594,1.015005111694336,0.0,other
0,1.0,66,0.958472090322912,0.5856857299804688,0.7078536003828049,0.7,0.8515959297329752,0.781870611011982,3.12035870552063,0.0,other
0,1.0,66,0.958472090322912,0.5856857299804688,0.7078536003828049,1.0,0.9609924145962042,0.7721269428730011,1.705617070198059,0.0,true
0,1.0,66,0.958472090322912,0.5856857299804688,0.7078536003828049,2.0,0.8401672546803023,0.8194071277976036,3.5984761714935303,0.0,other
0,1.0,66,0.958472090322912,0.5856857299804688,0.7078536003828049,1.4,0.8803479468159662,0.7547515109181404,2.0281198024749756,0.0,other
0,1.0,70,0.9539772036143451,0.706717848777771,0.7401063069701195,0.7,0.797834779978931,0.45393016189336777,1.0287322998046875,0.0,other
0,1.0,70,0.9539772036143451,0.706717848777771,0.7401063069701195,1.0,0.9511304567783232,0.7938094884157181,1.0035585165023804,0.0,true
0,1.0,70,0.9539772036143451,0.706717848777771,0.7401063069701195,2.0,0.8177399673137701,0.6656091883778572,1.0040388107299805,0.0,other
0,1.0,70,0.9539772036143451,0.706717848777771,0.7401063069701195,1.4,0.8431909360157842,0.7964862063527107,1.7623687982559204,0.0,other
0,1.0,74,0.9474727930935972,0.7999382019042969,0.8079117462038994,0.7,0.8144372003669251,0.8039377257227898,1.0014581680297852,0.0,other
0,1.0,74,0.9474727930935972,0.7999382019042969,0.8079117462038994,1.0,0.9508231246986932,0.8077415227890015,1.0332016944885254,0.0,true
0,1.0,74,0.9474727930935972,0.7999382019042969,0.8079117462038994,2.0,0.8159801195965612,0.6375334784388542,1.0894473791122437,0.0,other
0,1.0,74,0.9474727930935972,0.7999382019042969,0.8079117462038994,1.4,0.8561049304427205,0.7667964845895767,2.1916346549987793,0.0,other
0,1.0,78,0.9405361451228442,0.7982706427574158,0.7980171889066696,0.7,0.8157319904898583,0.6946019753813744,3.0422041416168213,0.0,other
0,1.0,78,0.9405361451228442,0.7982706427574158,0.7980171889066696,1.0,0.9730927210923832,0.7977395132184029,1.0000073909759521,0.0,true
0,1.0,78,0.9405361451228442,0.7982706427574158,0.7980171889066696,2.0,0.7862616282184053,0.7148651778697968,1.8389232158660889,0.0,other
0,1.0,78,0.9405361451228442,0.7982706427574158,0.7980171889066696,1.4,0.8483625108247332,0.7987789064645767,1.0191116333007812,0.0,other
0,1.0,82,0.9781636509927509,0.7580599784851074,0.7582206726074219,0.7,0.790694089974735,0.7593942508101463,1.048291563987732,0.0,other
0,1.0,82,0.9781636509927509,0.7580599784851074,0.7582206726074219,1.0,0.9783212457147451,0.7591529339551926,1.0191314220428467,0.0,true
0,1.0,82,0.9781636509927509,0.7580599784851074,0.7582206726074219,2.0,0.765063068019498,0.7819365411996841,2.4948840141296387,0.0,other
0,1.0,82,0.9781636509927509,0.7580599784851074,0.7582206726074219,1.4,0.7818075239706461,0.7579301819205284,1.0012786388397217,0.0,other
0,1.0,86,0.9770101794339001,0.8681068420410156,0.8680984750390053,0.7,0.852734416848195,0.8672349154949188,1.0561820268630981,0.0,other
0,1.0,86,0.9770101794339001,0.8681068420410156,0.8680984750390053,1.0,0.9797257509866848,0.8650614470243454,1.0068904161453247,0.0,true
0,1.0,86,0.9770101794339001,0.8681068420410156,0.8680984750390053,2.0,0.7851400352194409,0.8677455335855484,1.0833758115768433,0.0,other
0,1.0,86,0.9770101794339001,0.8681068420410156,0.8680984750390053,1.4,0.8039675938738707,0.8691601976752281,2.9505670070648193,0.0,other
0,1.4,10,0.9811224344898324,0.8354089856147766,0.8469060212373734,0.7,0.8692938043431221,0.8540853038430214,2.048417806625366,0.0,other
0,1.4,10,0.9811224344898324,0.8354089856147766,0.8469060212373734,1.0,0.9090815621697764,0.8500801995396614,1.723930835723877,0.0,other
0,1.4,10,0.9811224344898324,0.8354089856147766,0.8469060212373734,2.0,0.9035520660256937,0.8350470885634422,1.0271239280700684,0.0,other
0,1.4,10,0.9811224344898324,0.8354089856147766,0.8469060212373734,1.4,0.9815394587262204,0.8462085798382759,1.8443197011947632,0.0,true
0,1.4,14,0.9792899951567691,0.7589576244354248,0.7972356975078583,0.7,0.8693065865710817,0.7823161408305168,1.3019354343414307,0.0,other
0,1.4,14,0.9792899951567691,0.7589576244354248,0.7972356975078583,1.0,0.9110258387494199,0.7914873659610748,1.4326385259628296,0.0,other
0,1.4,14,0.9792899951567691,0.7589576244354248,0.7972356975078583,2.0,0.9194629997790417,0.7225675880908966,2.066500186920166,0.0,other
0,1.4,14,0.9792899951567691,0.7589576244354248,0.7972356975078583,1.4,0.9786666635048031,0.7959610819816589,1.5037788152694702,0.0,true
0,1.4,18,0.971990948793433,0.7426244020462036,0.731172576546669,0.7,0.8070021724792881,0.6972862705588341,1.9679112434387207,0.0,other
0,1.4,18,0.971990948793433,0.7426244020462036,0.731172576546669,1.0,0.8573539989219047,0.7551692947745323,1.1010724306106567,0.0,other
0,1.4,18,0.971990948793433,0.7426244020462036,0.731172576546669,2.0,0.8530612596195052,0.5973189622163773,1.049410104751587,0.0,other
0,1.4,18,0.971990948793433,0.7426244020462036,0.731172576546669,1.4,0.9681073442465986,0.7388655617833138,1.0067318677902222,0.0,true
0,1.4,22,0.9787767228622828,0.8037885427474976,0.8015304654836655,0.7,0.7759639466641969,0.8113706037402153,1.5641692876815796,0.0,other
0,1.4,22,0.9787767228622828,0.8037885427474976,0.8015304654836655,1.0,0.8202369249500054,0.7961840555071831,1.1942375898361206,0.0,other
0,1.4,22,0.9787767228622828,0.8037885427474976,0.8015304654836655,2.0,0.8646080246982468,0.7984830364584923,1.0106205940246582,0.0,other
0,1.4,22,0.9787767228622828,0.8037885427474976,0.8015304654836655,1.4,0.9803038360287292,0.799653172492981,1.0677751302719116,0.0,true
0,1.4,26,0.9670277417263331,0.8263266682624817,0.8237440511584282,0.7,0.8201158943907797,0.8247418105602264,1.0525332689285278,0.0,other
0,1.4,26,0.9670277417263331,0.8263266682624817,0.8237440511584282,1.0,0.8799349985939008,0.8235511407256126,1.018043041229248,0.0,other
0,1.4,26,0.9670277417263331,0.8263266682624817,0.8237440511584282,2.0,0.8680654500187481,0.8247515708208084,1.0151370763778687,0.0,other
0,1.4,26,0.9670277417263331,0.8263266682624817,0.8237440511584282,1.4,0.9703376507650967,0.8242055103182793,1.0016942024230957,0.0,true
0,1.4,30,0.9820391913924402,0.8259589076042175,0.8256201297044754,0.7,0.8560761625986503,0.8248957395553589,1.1103401184082031,0.0,other
0,1.4,30,0.9820391913924402,0.8259589076042175,0.8256201297044754,1.0,0.8935804813323575,0.8224171176552773,1.0063648223876953,0.0,other
0,1.4,30,0.9820391913924402,0.8259589076042175,0.8256201297044754,2.0,0.9007784698849232,0.8243207782506943,1.002449631690979,0.0,other
0,1.4,30,0.9820391913924402,0.8259589076042175,0.8256201297044754,1.4,0.9800702338253938,0.8240805566310883,1.0002177953720093,0.0,true
0,1.4,34,0.9724721639757349,0.8255189657211304,0.8376984298229218,0.7,0.8455469991496448,0.830190546810627,1.4412273168563843,0.0,other
0,1.4,34,0.9724721639757349,0.8255189657211304,0.8376984298229218,1.0,0.8811270221047747,0.8140044584870338,1.1433981657028198,0.0,other
0,1.4,34,0.9724721639757349,0.8255189657211304,0.8376984298229218,2.0,0.8998648177762205,0.8178479969501495,1.000098705291748,0.0,other
0,1.4,34,0.9724721639757349,0.8255189657211304,0.8376984298229218,1.4,0.9693040017475808,0.8365420252084732,1.4968235492706299,0.0,true
0,1.4,38,0.9651031627749707,0.7445405125617981,0.7217705622315407,0.7,0.7896727624607186,0.7464747726917267,2.5860698223114014,0.0,other
0,1.4,38,0.9651031627749707,0.7445405125617981,0.7217705622315407,1.0,0.8406186934770383,0.7863708958029747,3.8101885318756104,0.0,other
0,1.4,38,0.9651031627749707,0.7445405125617981,0.7217705622315407,2.0,0.8551098208227691,0.7502794936299324,1.0938024520874023,0.0,other
0,1.4,38,0.9651031627749707,0.7445405125617981,0.7217705622315407,1.4,0.9613743295919188,0.7069732248783112,3.0137932300567627,0.0,true
0,1.4,42,0.9782034095677251,0.7319141030311584,0.732906386256218,0.7,0.8667167650006251,0.7179541811347008,1.9990015029907227,0.0,other
0,1.4,42,0.9782034095677251,0.7319141030311584,0.732906386256218,1.0,0.9119999726591794,0.7645560503005981,2.5249528884887695,0.0,other
0,1.4,42,0.9782034095677251,0.7319141030311584,0.732906386256218,2.0,0.9143805640363799,0.732135958969593,1.0004853010177612,0.0,other
0,1.4,42,0.9782034095677251,0.7319141030311584,0.732906386256218,1.4,0.9817178293397139,0.7320514917373657,1.0019525289535522,0.0,true
0,1.4,46,0.9791636708008964,0.7757443189620972,0.7623724415898323,0.7,0.8672903028804951,0.5510481297969818,1.3236196041107178,0.0,other
0,1.4,46,0.9791636708008964,0.7757443189620972,0.7623724415898323,1.0,0.9068079271082564,0.6817692220211029,2.0195462703704834,0.0,other
0,1.4,46,0.9791636708008964,0.7757443189620972,0.7623724415898323,2.0,0.9111823119397924,0.7230159565806389,1.5623561143875122,0.0,other
0,1.4,46,0.9791636708008964,0.7757443189620972,0.7623724415898323,1.4,0.9785894982234048,0.7564815878868103,1.000205397605896,0.0,true
0,1.4,50,0.9796609166317003,0.7675467133522034,0.7671582400798798,0.7,0.8542928771024535,0.7954748719930649,2.008240222930908,0.0,other
0,1.4,50,0.9796609166317003,0.7675467133522034,0.7671582400798798,1.0,0.9063381898069299,0.7669740095734596,1.0032414197921753,0.0,other
0,1.4,50,0.9796609166317003,0.7675467133522034,0.7671582400798798,2.0,0.8861887956201123,0.7667677104473114,1.0004557371139526,0.0,other
0,1.4,50,0.9796609166317003,0.7675467133522034,0.7671582400798798,1.4,0.9801702691452703,0.7644707709550858,1.0547436475753784,0.0,true
0,1.4,54,0.9759970555610115,0.7932056188583374,0.7853969037532806,0.7,0.8404821009690927,0.7848334610462189,1.032159686088562,0.0,other
0,1.4,54,0.9759970555610115,0.7932056188583374,0.7853969037532806,1.0,0.884678877876924,0.7841793522238731,1.0840215682983398,0.0,other
0,1.4,54,0.9759970555610115,0.7932056188583374,0.7853969037532806,2.0,0.8972996866407171,0.7859087884426117,1.0001094341278076,0.0,other
0,1.4,54,0.9759970555610115,0.7932056188583374,0.7853969037532806,1.4,0.971678067616248,0.7846545353531837,1.0951648950576782,0.0,true
0,1.4,58,0.9808701815988468,0.7829357385635376,0.7865251302719116,0.7,0.8276833062529017,0.7870483174920082,1.1196660995483398,0.0,other
0,1.4,58,0.9808701815988468,0.7829357385635376,0.7865251302719116,1.0,0.8790901686314859,0.7866779640316963,1.0489853620529175,0.0,other
0,1.4,58,0.9808701815988468,0.7829357385635376,0.7865251302719116,2.0,0.8799191520774562,0.7863540351390839,1.057852029800415,0.0,other
0,1.4,58,0.9808701815988468,0.7829357385635376,0.7865251302719116,1.4,0.9778432249446489,0.7850966155529022,1.203896164894104,0.0,true
0,1.4,62,0.9223131757088527,0.6900228261947632,0.6865321397781372,0.7,0.7853532824608079,0.5535131618380547,1.1300193071365356,0.0,other
0,1.4,62,0.9223131757088527,0.6900228261947632,0.6865321397781372,1.0,0.8629309624750028,0.661322832107544,1.048901915550232,0.0,other
0,1.4,62,0.9223131757088527,0.6900228261947632,0.6865321397781372,2.0,0.8632598572027999,0.6676356121897697,1.003376841545105,0.0,other
0,1.4,62,0.9223131757088527,0.6900228261947632,0.6865321397781372,1.4,0.9192219681261831,0.7006393000483513,1.0674517154693604,0.0,true
0,1.4,66,0.973560581120773,0.6846272945404053,0.7542014718055725,0.7,0.8552559728533551,0.5882381796836853,1.855887770652771,0.0,other
0,1.4,66,0.973560581120773,0.6846272945404053,0.7542014718055725,1.0,0.890063335847945,0.6781933754682541,1.1139472723007202,0.0,other
0,1.4,66,0.973560581120773,0.6846272945404053,0.7542014718055725,2.0,0.8748490396118274,0.682687371969223,1.1901187896728516,0.0,other
0,1.4,66,0.973560581120773,0.6846272945404053,0.7542014718055725,1.4,0.9734524244612186,0.730443149805069,1.0008727312088013,0.0,true
0,1.4,70,0.981926551396279,0.5874018669128418,0.6015217304229736,0.7,0.8414253411464844,0.7154483869671822,1.4938669204711914,0.0,other
0,1.4,70,0.981926551396279,0.5874018669128418,0.6015217304229736,1.0,0.8810624670794202,0.6441702991724014,1.6167277097702026,0.0,other
0,1.4,70,0.981926551396279,0.5874018669128418,0.6015217304229736,2.0,0.8850822303079137,0.6935290992259979,2.003507614135742,0.0,other
0,1.4,70,0.981926551396279,0.5874018669128418,0.6015217304229736,1.4,0.9826167062457595,0.7244153693318367,1.7354764938354492,0.0,true
0,1.4,74,0.9829614474900012,0.6961966156959534,0.6955239474773407,0.7,0.8165151892207979,0.6796503365039825,2.105301856994629,0.0,other
0,1.4,74,0.9829614474900012,0.6961966156959534,0.6955239474773407,1.0,0.8793956227904154,0.6957665011286736,1.244281530380249,0.0,other
0,1.4,74,0.9829614474900012,0.6961966156959534,0.6955239474773407,2.0,0.88978329330786,0.696462407708168,1.0078173875808716,0.0,other
0,1.4,74,0.9829614474900012,0.6961966156959534,0.6955239474773407,1.4,0.981731336542067,0.7114714831113815,2.2096757888793945,0.0,true
0,1.4,78,0.9753537525555298,0.687366247177124,0.6889616474509239,0.7,0.8570882695604044,0.7073916345834732,1.1638383865356445,0.0,other
0,1.4,78,0.9753537525555298,0.687366247177124,0.6889616474509239,1.0,0.898833434140985,0.6794757172465324,1.0245306491851807,0.0,other
0,1.4,78,0.9753537525555298,0.687366247177124,0.6889616474509239,2.0,0.8862330821697677,0.691808208823204,1.3356068134307861,0.0,other
0,1.4,78,0.9753537525555298,0.687366247177124,0.6889616474509239,1.4,0.9772864849301862,0.6928213238716125,1.1671491861343384,0.0,true
0,1.4,82,0.9819486667723102,0.6763340830802917,0.684900775551796,0.7,0.841516939870282,0.6916283741593361,1.0227577686309814,0.0,other
0,1.4,82,0.9819486667723102,0.6763340830802917,0.684900775551796,1.0,0.8991019642426706,0.6794760674238205,1.2198799848556519,0.0,other
0,1.4,82,0.9819486667723102,0.6763340830802917,0.684900775551796,2.0,0.8910677399519696,0.6776781156659126,1.0028527975082397,0.0,other
0,1.4,82,0.9819486667723102,0.6763340830802917,0.684900775551796,1.4,0.9816189308957971,0.6846020072698593,1.0673454999923706,0.0,true
0,1.4,86,0.9819200258677644,0.5862729549407959,0.6617824286222458,0.7,0.8417416814158306,0.66550562530756,2.845320463180542,0.0,other
0,1.4,86,0.9819200258677644,0.5862729549407959,0.6617824286222458,1.0,0.8927108674740207,0.660981185734272,2.8904011249542236,0.0,other
0,1.4,86,0.9819200258677644,0.5862729549407959,0.6617824286222458,2.0,0.8985554672713638,0.6650647148489952,1.1454755067825317,0.0,other
0,1.4,86,0.9819200258677644,0.5862729549407959,0.6617824286222458,1.4,0.9784300817099955,0.6484088748693466,1.805500864982605,0.0,true
0,1.7,10,0.9750268093485521,0.7862523794174194,0.8009585216641426,0.7,0.819187921829804,0.7847730368375778,1.0076254606246948,0.0,other
0,1.7,10,0.9750268093485521,0.7862523794174194,0.8009585216641426,1.0,0.8677373434319539,0.7964608445763588,1.244296669960022,0.0,other
0,1.7,10,0.9750268093485521,0.7862523794174194,0.8009585216641426,2.0,0.9289600109809665,0.7878141179680824,2.1819870471954346,0.0,other
0,1.7,10,0.9750268093485521,0.7862523794174194,0.8009585216641426,1.4,0.9227684254811986,0.7872024029493332,1.0123844146728516,0.0,other
0,1.7,10,0.9750268093485521,0.7862523794174194,0.8009585216641426,1.7,0.9761011110974718,0.8083312064409256,1.4582222700119019,0.0,true
0,1.7,14,0.9779925030353892,0.7727504372596741,0.7833789214491844,0.7,0.8618710690595652,0.811968170106411,2.509014129638672,0.0,other
0,1.7,14,0.9779925030353892,0.7727504372596741,0.7833789214491844,1.0,0.898334868697104,0.7916534915566444,3.530770778656006,0.0,other
0,1.7,14,0.9779925030353892,0.7727504372596741,0.7833789214491844,2.0,0.9431208430793131,0.7502469792962074,1.2471054792404175,0.0,other
0,1.7,14,0.9779925030353892,0.7727504372596741,0.7833789214491844,1.4,0.9389614477689893,0.7709393426775932,1.0128300189971924,0.0,other
0,1.7,14,0.9779925030353892,0.7727504372596741,0.7833789214491844,1.7,0.9772297945755813,0.7702733650803566,1.0076587200164795,0.0,true
0,1.7,18,0.9630982311047033,0.7403700351715088,0.7603324949741364,0.7,0.8088874629503983,0.7696852162480354,1.481711745262146,0.0,other
0,1.7,18,0.9630982311047033,0.7403700351715088,0.7603324949741364,1.0,0.8568125750477629,0.776648260653019,1.4912797212600708,0.0,other
0,1.7,18,0.9630982311047033,0.7403700351715088,0.7603324949741364,2.0,0.9049139559265973,0.7546157762408257,1.6927006244659424,0.0,other
0,1.7,18,0.9630982311047033,0.7403700351715088,0.7603324949741364,1.4,0.9017441476694462,0.62822575122118,1.0198173522949219,0.0,other
0,1.7,18,0.9630982311047033,0.7403700351715088,0.7603324949741364,1.7,0.9695345239237763,0.7911604568362236,3.023550033569336,0.0,true
0,1.7,22,0.9782510732667037,0.8264845013618469,0.8222713023424149,0.7,0.8354940876870337,0.8229067251086235,1.0986628532409668,0.0,other
0,1.7,22,0.9782510732667037,0.8264845013618469,0.8222713023424149,1.0,0.8737465935569405,0.8310368284583092,1.3042734861373901,0.0,other
0,1.7,22,0.9782510732667037,0.8264845013618469,0.8222713023424149,2.0,0.8997186197126202,0.8274074271321297,1.000497579574585,0.0,other
0,1.7,22,0.9782510732667037,0.8264845013618469,0.8222713023424149,1.4,0.911451917540085,0.827095553278923,1.004083514213562,0.0,other
0,1.7,22,0.9782510732667037,0.8264845013618469,0.8222713023424149,1.7,0.9592186955973468,0.8266860768198967,1.004969596862793,0.0,true
0,1.7,26,0.9712808365398351,0.7503448724746704,0.7854857817292213,0.7,0.8148633684337394,0.7524228692054749,2.46889066696167,0.0,other
0,1.7,26,0.9712808365398351,0.7503448724746704,0.7854857817292213,1.0,0.8671780255686893,0.74538454413414,2.3883297443389893,0.0,other
0,1.7,26,0.9712808365398351,0.7503448724746704,0.7854857817292213,2.0,0.9250250489344893,0.7464690804481506,1.9158605337142944,0.0,other
0,1.7,26,0.9712808365398351,0.7503448724746704,0.7854857817292213,1.4,0.9177565433837447,0.7548915147781372,1.980948567390442,0.0,other
0,1.7,26,0.9712808365398351,0.7503448724746704,0.7854857817292213,1.7,0.9731011562935223,0.774351179599762,1.8647915124893188,0.0,true
0,1.7,30,0.9706433253245189,0.747734785079956,0.7118480503559113,0.7,0.8138924442805237,0.7593861892819405,4.510252952575684,0.0,other
0,1.7,30,0.9706433253245189,0.747734785079956,0.7118480503559113,1.0,0.8652422689644861,0.7391170114278793,1.6453273296356201,0.0,other
0,1.7,30,0.9706433253245189,0.747734785079956,0.7118480503559113,2.0,0.9252655114518982,0.7461896687746048,1.0810439586639404,0.0,other
0,1.7,30,0.9706433253245189,0.747734785079956,0.7118480503559113,1.4,0.9159006721936044,0.7509575858712196,1.042312502861023,0.0,other
0,1.7,30,0.9706433253245189,0.747734785079956,0.7118480503559113,1.7,0.9665026626611436,0.7466508969664574,1.0786819458007812,0.0,true
0,1.7,34,0.9723128911411278,0.736141562461853,0.7384953126311302,0.7,0.8087034787567404,0.7364236041903496,1.030220627784729,0.0,other
0,1.7,34,0.9723128911411278,0.736141562461853,0.7384953126311302,1.0,0.8599501099770561,0.7363594844937325,1.0100442171096802,0.0,other
0,1.7,34,0.9723128911411278,0.736141562461853,0.7384953126311302,2.0,0.9243002521493234,0.7349855378270149,1.0120223760604858,0.0,other
0,1.7,34,0.9723128911411278,0.736141562461853,0.7384953126311302,1.4,0.9104530094989824,0.736614890396595,1.0013597011566162,0.0,other
0,1.7,34,0.9723128911411278,0.736141562461853,0.7384953126311302,1.7,0.9746638432154592,0.7372818663716316,1.0000505447387695,0.0,true
0,1.7,38,0.9547051836521981,0.6101164817810059,0.6721516847610474,0.7,0.7991581261937749,0.696533776819706,1.3927664756774902,0.0,other
0,1.7,38,0.9547051836521981,0.6101164817810059,0.6721516847610474,1.0,0.8406094798994752,0.6187604665756226,1.00059974193573,0.0,other
0,1.7,38,0.9547051836521981,0.6101164817810059,0.6721516847610474,2.0,0.899648885275685,0.6224192827939987,1.0002137422561646,0.0,other
0,1.7,38,0.9547051836521981,0.6101164817810059,0.6721516847610474,1.4,0.8874284521412886,0.6008927077054977,1.0000011920928955,0.0,other
0,1.7,38,0.9547051836521981,0.6101164817810059,0.6721516847610474,1.7,0.9575499653496949,0.638749249279499,1.765234351158142,0.0,true
0,1.7,42,0.9835081606769811,0.5678022503852844,0.569103442132473,0.7,0.8210440245799558,0.6287799552083015,2.1049673557281494,0.0,other
0,1.7,42,0.9835081606769811,0.5678022503852844,0.569103442132473,1.0,0.8600303329665573,0.6314003467559814,2.0883800983428955,0.0,other
0,1.7,42,0.9835081606769811,0.5678022503852844,0.569103442132473,2.0,0.9280646758271437,0.5975044071674347,1.0932464599609375,0.0,other
0,1.7,42,0.9835081606769811,0.5678022503852844,0.569103442132473,1.4,0.9007795858367855,0.5677350163459778,1.1856695413589478,0.0,other
0,1.7,42,0.9835081606769811,0.5678022503852844,0.569103442132473,1.7,0.9807489152947899,0.5517472699284554,1.943172574043274,0.0,true
0,1.7,46,0.9792283457910762,0.5705443620681763,0.602522999048233,0.7,0.784551098598811,0.5044517554342747,1.3649275302886963,0.0,other
0,1.7,46,0.9792283457910762,0.5705443620681763,0.602522999048233,1.0,0.8411921769542551,0.5494683533906937,1.1433225870132446,0.0,other
0,1.7,46,0.9792283457910762,0.5705443620681763,0.602522999048233,2.0,0.9072760521752135,0.46129557117819786,1.9245952367782593,0.0,other
0,1.7,46,0.9792283457910762,0.5705443620681763,0.602522999048233,1.4,0.8951815374691998,0.5764293670654297,1.9435096979141235,0.0,other
0,1.7,46,0.9792283457910762,0.5705443620681763,0.602522999048233,1.7,0.9773577342717745,0.6001147404313087,1.0216764211654663,0.0,true
0,1.7,50,0.975020675798129,0.6456536650657654,0.6550726741552353,0.7,0.7434359809105275,0.6477746516466141,1.3707211017608643,0.0,other
0,1.7,50,0.975020675798129,0.6456536650657654,0.6550726741552353,1.0,0.8030876295620114,0.6581710129976273,1.000543236732483,0.0,other
0,1.7,50,0.975020675798129,0.6456536650657654,0.6550726741552353,2.0,0.899035902682302,0.6550726741552353,1.0,0.0,other
0,1.7,50,0.975020675798129,0.6456536650657654,0.6550726741552353,1.4,0.8770677374410779,0.6540290042757988,1.0000028610229492,0.0,other
0,1.7,50,0.975020675798129,0.6456536650657654,0.6550726741552353,1.7,0.9740261813466415,0.6550726741552353,1.0,0.0,true
0,1.7,54,0.9866463735470308,0.6152278184890747,0.6838286742568016,0.7,0.8161207490603687,0.6602088287472725,1.2271596193313599,0.0,other
0,1.7,54,0.9866463735470308,0.6152278184890747,0.6838286742568016,1.0,0.8626248094512197,0.6547504961490631,1.1502822637557983,0.0,other
0,1.7,54,0.9866463735470308,0.6152278184890747,0.6838286742568016,2.0,0.9099564151050782,0.616368018090725,1.0225569009780884,0.0,other
0,1.7,54,0.9866463735470308,0.6152278184890747,0.6838286742568016,1.4,0.922046616657144,0.6755005121231079,1.378928542137146,0.0,other
0,1.7,54,0.9866463735470308,0.6152278184890747,0.6838286742568016,1.7,0.9850825316149163,0.6839238777756691,1.5547739267349243,0.0,true
0,1.7,58,0.9911857853399637,0.6557477712631226,0.65583785623312,0.7,0.8201068816845518,0.6791797503829002,2.8328850269317627,0.0,other
0,1.7,58,0.9911857853399637,0.6557477712631226,0.65583785623312,1.0,0.8675180612859552,0.6568115428090096,1.0005587339401245,0.0,other
0,1.7,58,0.9911857853399637,0.6557477712631226,0.65583785623312,2.0,0.9315893679360248,0.6155037954449654,1.6244672536849976,0.0,other
0,1.7,58,0.9911857853399637,0.6557477712631226,0.65583785623312,1.4,0.9117396922316361,0.6554381027817726,1.6952216625213623,0.0,other
0,1.7,58,0.9911857853399637,0.6557477712631226,0.65583785623312,1.7,0.9905033054494162,0.6535312905907631,1.0319663286209106,0.0,true
0,1.7,62,0.9748051464352036,0.604781448841095,0.6091356351971626,0.7,0.7222352808739243,0.3728691376745701,1.1663322448730469,0.0,other
0,1.7,62,0.9748051464352036,0.604781448841095,0.6091356351971626,1.0,0.7977255213169125,0.6048260554671288,1.0001920461654663,0.0,other
0,1.7,62,0.9748051464352036,0.604781448841095,0.6091356351971626,2.0,0.9031225407210837,0.581623263657093,1.1730960607528687,0.0,other
0,1.7,62,0.9748051464352036,0.604781448841095,0.6091356351971626,1.4,0.856304120875442,0.5941728875041008,1.1470513343811035,0.0,other
0,1.7,62,0.9748051464352036,0.604781448841095,0.6091356351971626,1.7,0.9726653589570762,0.6162621006369591,1.3449498414993286,0.0,true
0,1.7,66,0.9595141075844553,0.5695464611053467,0.5506824776530266,0.7,0.7720751961843375,0.5468029230833054,1.002794623374939,0.0,other
0,1.7,66,0.9595141075844553,0.5695464611053467,0.5506824776530266,1.0,0.8567921601033819,0.54168651252985,1.0000724792480469,0.0,other
0,1.7,66,0.9595141075844553,0.5695464611053467,0.5506824776530266,2.0,0.8880075823349286,0.5469373986124992,1.000004529953003,0.0,other
0,1.7,66,0.9595141075844553,0.5695464611053467,0.5506824776530266,1.4,0.9032449497958522,0.5584885403513908,1.0000154972076416,0.0,other
0,1.7,66,0.9595141075844553,0.5695464611053467,0.5506824776530266,1.7,0.9597346140926866,0.5592181235551834,1.0002106428146362,0.0,true
0,1.7,70,0.9733271396749508,0.4745531976222992,0.477000392973423,0.7,0.8034559424994644,0.39275721088051796,1.0507653951644897,0.0,other
0,1.7,70,0.9733271396749508,0.4745531976222992,0.477000392973423,1.0,0.8652321612304933,0.5536576062440872,2.3493471145629883,0.0,other
0,1.7,70,0.9733271396749508,0.4745531976222992,0.477000392973423,2.0,0.9164004261262187,0.47577492520213127,1.0206972360610962,0.0,other
0,1.7,70,0.9733271396749508,0.4745531976222992,0.477000392973423,1.4,0.9096461553784417,0.5366460308432579,3.7118608951568604,0.0,other
0,1.7,70,0.9733271396749508,0.4745531976222992,0.477000392973423,1.7,0.9706265372236904,0.4816121608018875,1.7722539901733398,0.0,true
0,1.7,74,0.9857719359867695,0.4708307385444641,0.4696587920188904,0.7,0.8312229493268579,0.397107508033514,1.0511109828948975,0.0,other
0,1.7,74,0.9857719359867695,0.4708307385444641,0.4696587920188904,1.0,0.8909620704701283,0.4715050719678402,1.000892162322998,0.0,other
0,1.7,74,0.9857719359867695,0.4708307385444641,0.4696587920188904,2.0,0.941703637221905,0.47153905779123306,1.0012518167495728,0.0,other
0,1.7,74,0.9857719359867695,0.4708307385444641,0.4696587920188904,1.4,0.9312033127589009,0.47172485291957855,1.0002537965774536,0.0,other
0,1.7,74,0.9857719359867695,0.4708307385444641,0.4696587920188904,1.7,0.9877779027023891,0.46943702176213264,1.0121408700942993,0.0,true
0,1.7,78,0.9418912873174304,0.28844407200813293,0.40991586446762085,0.7,0.8232122202947606,0.3705526739358902,1.003741979598999,0.0,other
0,1.7,78,0.9418912873174304,0.28844407200813293,0.40991586446762085,1.0,0.8681130342061566,0.3820207491517067,1.1017827987670898,0.0,other
0,1.7,78,0.9418912873174304,0.28844407200813293,0.40991586446762085,2.0,0.9362761286179161,0.43974761106073856,1.029046654701233,0.0,other
0,1.7,78,0.9418912873174304,0.28844407200813293,0.40991586446762085,1.4,0.9275738425347285,0.3088639695197344,1.0490213632583618,0.0,other
0,1.7,78,0.9418912873174304,0.28844407200813293,0.40991586446762085,1.7,0.988876306221655,0.4415430687367916,1.0000011920928955,0.0,true
0,1.7,82,0.9861667346467344,0.450485497713089,0.4058248735964298,0.7,0.8151072973766205,0.13320224429480731,1.3116953372955322,0.0,other
0,1.7,82,0.9861667346467344,0.450485497713089,0.4058248735964298,1.0,0.8581165494545229,0.6133284568786621,2.001441240310669,0.0,other
0,1.7,82,0.9861667346467344,0.450485497713089,0.4058248735964298,2.0,0.9214430582772384,0.4250902757048607,1.6454689502716064,0.0,other
0,1.7,82,0.9861667346467344,0.450485497713089,0.4058248735964298,1.4,0.9201847095623684,0.2964950315654278,1.4210951328277588,0.0,other
0,1.7,82,0.9861667346467344,0.450485497713089,0.4058248735964298,1.7,0.9850179193970291,0.412982814013958,1.0247266292572021,0.0,true
0,1.7,86,0.9899434756432348,0.5738477110862732,0.5906346552073956,0.7,0.7925597327183695,0.6276493743062019,2.2577250003814697,0.0,other
0,1.7,86,0.9899434756432348,0.5738477110862732,0.5906346552073956,1.0,0.815744975984716,0.5999081879854202,1.4828131198883057,0.0,other
0,1.7,86,0.9899434756432348,0.5738477110862732,0.5906346552073956,2.0,0.9091301113385174,0.598745159804821,1.9087107181549072,0.0,other
0,1.7,86,0.9899434756432348,0.5738477110862732,0.5906346552073956,1.4,0.9075716455044996,0.587936632335186,1.3543273210525513,0.0,other
0,1.7,86,0.9899434756432348,0.5738477110862732,0.5906346552073956,1.7,0.9924656998245724,0.45923639461398125,1.4784737825393677,0.0,true
0,2.0,10,0.9718607900868952,0.7479411363601685,0.7495898678898811,0.7,0.7555970300615115,0.7494393438100815,1.0018326044082642,0.0,other
0,2.0,10,0.9718607900868952,0.7479411363601685,0.7495898678898811,1.0,0.8285914762480807,0.7509255781769753,1.1365333795547485,0.0,other
0,2.0,10,0.9718607900868952,0.7479411363601685,0.7495898678898811,2.0,0.9723328206464487,0.7490067109465599,1.0001192092895508,0.0,true
0,2.0,10,0.9718607900868952,0.7479411363601685,0.7495898678898811,1.4,0.8731658563926188,0.748870737850666,1.0043978691101074,0.0,other
0,2.0,14,0.984886266371014,0.7155367732048035,0.7195015177130699,0.7,0.8250897922767204,0.5882972180843353,1.2275025844573975,0.0,other
0,2.0,14,0.984886266371014,0.7155367732048035,0.7195015177130699,1.0,0.8703971240246582,0.7591791674494743,1.832495093345642,0.0,other
0,2.0,14,0.984886266371014,0.7155367732048035,0.7195015177130699,2.0,0.9841612938234298,0.7171706631779671,1.1146600246429443,0.0,true
0,2.0,14,0.984886266371014,0.7155367732048035,0.7195015177130699,1.4,0.9043194102529194,0.7165402546525002,1.0015828609466553,0.0,other
0,2.0,18,0.9772151142288329,0.7604642510414124,0.7522222772240639,0.7,0.767055255519498,0.7614939734339714,1.0267916917800903,0.0,other
0,2.0,18,0.9772151142288329,0.7604642510414124,0.7522222772240639,1.0,0.8240041678012179,0.7924697697162628,3.3693439960479736,0.0,other
0,2.0,18,0.9772151142288329,0.7604642510414124,0.7522222772240639,2.0,0.9804351682185838,0.7272041141986847,1.035239338874817,0.0,true
0,2.0,18,0.9772151142288329,0.7604642510414124,0.7522222772240639,1.4,0.8722792465874193,0.7500964552164078,1.9803582429885864,0.0,other
0,2.0,22,0.9828375531193088,0.7201063632965088,0.7380241602659225,0.7,0.82895366121487,0.7673728540539742,1.5386266708374023,0.0,other
0,2.0,22,0.9828375531193088,0.7201063632965088,0.7380241602659225,1.0,0.8644341635829198,0.6027005016803741,3.5101747512817383,0.0,other
0,2.0,22,0.9828375531193088,0.7201063632965088,0.7380241602659225,2.0,0.9832682421861052,0.7442181035876274,2.8823816776275635,0.0,true
0,2.0,22,0.9828375531193088,0.7201063632965088,0.7380241602659225,1.4,0.8990348146292363,0.7244670018553734,1.2711652517318726,0.0,other
0,2.0,26,0.9696821713298577,0.5050048232078552,0.6956467106938362,0.7,0.7847314796628935,0.6364640146493912,1.1554920673370361,0.0,other
0,2.0,26,0.9696821713298577,0.5050048232078552,0.6956467106938362,1.0,0.8243278789326145,0.6394287422299385,1.570691704750061,0.0,other
0,2.0,26,0.9696821713298577,0.5050048232078552,0.6956467106938362,2.0,0.9663826001901584,0.6657750830054283,1.3203619718551636,0.0,true
0,2.0,26,0.9696821713298577,0.5050048232078552,0.6956467106938362,1.4,0.8768324710745279,0.7073639258742332,2.241091012954712,0.0,other
0,2.0,30,0.9793242897524373,0.7075021862983704,0.7108582332730293,0.7,0.8111035076040961,0.6902937367558479,1.9493242502212524,0.0,other
0,2.0,30,0.9793242897524373,0.7075021862983704,0.7108582332730293,1.0,0.8608881023908154,0.7127585336565971,1.0020372867584229,0.0,other
0,2.0,30,0.9793242897524373,0.7075021862983704,0.7108582332730293,2.0,0.9781228057596509,0.7113104835152626,1.0003926753997803,0.0,true
0,2.0,30,0.9793242897524373,0.7075021862983704,0.7108582332730293,1.4,0.8895159405353892,0.7115500494837761,1.012582540512085,0.0,other
0,2.0,34,0.9744347564323468,0.5825055837631226,0.5696713253855705,0.7,0.8241898496366462,0.6504996865987778,2.3598732948303223,0.0,other
0,2.0,34,0.9744347564323468,0.5825055837631226,0.5696713253855705,1.0,0.8483122399832163,0.6012104153633118,1.8895231485366821,0.0,other
0,2.0,34,0.9744347564323468,0.5825055837631226,0.5696713253855705,2.0,0.9762232645832591,0.6194415912032127,1.836255431175232,0.0,true
0,2.0,34,0.9744347564323468,0.5825055837631226,0.5696713253855705,1.4,0.900378088675767,0.6117531955242157,1.7075247764587402,0.0,other
0,2.0,38,0.9419107174342929,0.6092520952224731,0.6182806342840195,0.7,0.7769484059185624,0.47161947563290596,1.0013169050216675,0.0,other
0,2.0,38,0.9419107174342929,0.6092520952224731,0.6182806342840195,1.0,0.8265268606823377,0.6499827578663826,1.4350863695144653,0.0,other
0,2.0,38,0.9419107174342929,0.6092520952224731,0.6182806342840195,2.0,0.9815829037848625,0.6126087084412575,1.0002905130386353,0.0,true
0,2.0,38,0.9419107174342929,0.6092520952224731,0.6182806342840195,1.4,0.8774281034063317,0.622029684484005,1.2628729343414307,0.0,other
0,2.0,42,0.9833307034067781,0.6116130948066711,0.6114803403615952,0.7,0.7400950902581868,0.5884768217802048,1.9717084169387817,0.0,other
0,2.0,42,0.9833307034067781,0.6116130948066711,0.6114803403615952,1.0,0.7990831478993323,0.41080885007977486,1.0038154125213623,0.0,other
0,2.0,42,0.9833307034067781,0.6116130948066711,0.6114803403615952,2.0,0.9814001624825913,0.6111532673239708,1.000058889389038,0.0,true
0,2.0,42,0.9833307034067781,0.6116130948066711,0.6114803403615952,1.4,0.8795064633141986,0.6206123307347298,1.3599293231964111,0.0,other
0,2.0,46,0.9815277715780453,0.6350862979888916,0.6243123412132263,0.7,0.800659865126058,0.6770314499735832,1.8753432035446167,0.0,other
0,2.0,46,0.9815277715780453,0.6350862979888916,0.6243123412132263,1.0,0.8510235803418384,0.6148322075605392,1.00084388256073,0.0,other
0,2.0,46,0.9815277715780453,0.6350862979888916,0.6243123412132263,2.0,0.9801628104020106,0.5930799692869186,1.0001335144042969,0.0,true
0,2.0,46,0.9815277715780453,0.6350862979888916,0.6243123412132263,1.4,0.8872484532907191,0.6167064383625984,1.015202283859253,0.0,other
0,2.0,50,0.9839190834464165,0.6680190563201904,0.6686876118183136,0.7,0.7493075686087206,0.6178819090127945,1.172402262687683,0.0,other
0,2.0,50,0.9839190834464165,0.6680190563201904,0.6686876118183136,1.0,0.822642700949452,0.6597114130854607,1.8173799514770508,0.0,other
0,2.0,50,0.9839190834464165,0.6680190563201904,0.6686876118183136,2.0,0.9850548253200552,0.6688431650400162,1.0001065731048584,0.0,true
0,2.0,50,0.9839190834464165,0.6680190563201904,0.6686876118183136,1.4,0.8685165135766706,0.6677355840802193,1.0159755945205688,0.0,other
0,2.0,54,0.9774893649787524,0.5797487497329712,0.6917000189423561,0.7,0.7961651667343679,0.7068461030721664,3.026484251022339,0.0,other
0,2.0,54,0.9774893649787524,0.5797487497329712,0.6917000189423561,1.0,0.8575440019819306,0.5541654527187347,1.0005441904067993,0.0,other
0,2.0,54,0.9774893649787524,0.5797487497329712,0.6917000189423561,2.0,0.980913195963379,0.470089927315712,1.2702265977859497,0.0,true
0,2.0,54,0.9774893649787524,0.5797487497329712,0.6917000189423561,1.4,0.903733209109292,0.5409065186977386,1.0000028610229492,0.0,other
0,2.0,58,0.9745653046660181,0.7133835554122925,0.7133969739079475,0.7,0.7959195150407994,0.7119737565517426,1.7688785791397095,0.0,other
0,2.0,58,0.9745653046660181,0.7133835554122925,0.7133969739079475,1.0,0.8267380894457739,0.7131548449397087,1.0190504789352417,0.0,other
0,2.0,58,0.9745653046660181,0.7133835554122925,0.7133969739079475,2.0,0.9747956580544943,0.7132372632622719,1.0005468130111694,0.0,true
0,2.0,58,0.9745653046660181,0.7133835554122925,0.7133969739079475,1.4,0.8663526731510911,0.713479682803154,1.0063250064849854,0.0,other
0,2.0,62,0.9794157353744102,0.6960164308547974,0.6947536021471024,0.7,0.768946683725851,0.7048464193940163,1.4094923734664917,0.0,other
0,2.0,62,0.9794157353744102,0.6960164308547974,0.6947536021471024,1.0,0.8420116803891549,0.6430793032050133,1.9568591117858887,0.0,other
0,2.0,62,0.9794157353744102,0.6960164308547974,0.6947536021471024,2.0,0.9759792282300113,0.6938900426030159,1.1695139408111572,0.0,true
0,2.0,62,0.9794157353744102,0.6960164308547974,0.6947536021471024,1.4,0.8884008800396387,0.6862602457404137,1.0004159212112427,0.0,other
0,2.0,66,0.9784442110555122,0.7343342304229736,0.7348120659589767,0.7,0.7803002984613256,0.6485384777188301,1.9230600595474243,0.0,other
0,2.0,66,0.9784442110555122,0.7343342304229736,0.7348120659589767,1.0,0.819298131840785,0.7269133478403091,1.4973756074905396,0.0,other
0,2.0,66,0.9784442110555122,0.7343342304229736,0.7348120659589767,2.0,0.9779026912295112,0.734851747751236,1.0000207424163818,0.0,true
0,2.0,66,0.9784442110555122,0.7343342304229736,0.7348120659589767,1.4,0.8931568618206086,0.7348718121647835,1.0000779628753662,0.0,other
0,2.0,70,0.9474332646836948,0.5182808637619019,0.6216335669159889,0.7,0.7654998250745457,0.5214483663439751,1.3034050464630127,0.0,other
0,2.0,70,0.9474332646836948,0.5182808637619019,0.6216335669159889,1.0,0.8073459121567333,0.38139457255601883,1.034001111984253,0.0,other
0,2.0,70,0.9474332646836948,0.5182808637619019,0.6216335669159889,2.0,0.9734749652938972,0.4769529961049557,1.0094391107559204,0.0,true
0,2.0,70,0.9474332646836948,0.5182808637619019,0.6216335669159889,1.4,0.8754130849261689,0.5493750162422657,1.0000228881835938,0.0,other
0,2.0,74,0.9835706658267994,0.6838970184326172,0.6843783333897591,0.7,0.8193859557314354,0.7401234582066536,1.8576151132583618,0.0,other
0,2.0,74,0.9835706658267994,0.6838970184326172,0.6843783333897591,1.0,0.8603502909149455,0.6255549192428589,1.2334930896759033,0.0,other
0,2.0,74,0.9835706658267994,0.6838970184326172,0.6843783333897591,2.0,0.9836999809337531,0.68445885181427,1.086103081703186,0.0,true
0,2.0,74,0.9835706658267994,0.6838970184326172,0.6843783333897591,1.4,0.9041119972805034,0.5131513476371765,1.0867341756820679,0.0,other
0,2.0,78,0.9571630983175912,0.6581022143363953,0.7041297554969788,0.7,0.8500412637150485,0.5342461988329887,1.0760151147842407,0.0,other
0,2.0,78,0.9571630983175912,0.6581022143363953,0.7041297554969788,1.0,0.887825929085723,0.6753319725394249,1.6740789413452148,0.0,other
0,2.0,78,0.9571630983175912,0.6581022143363953,0.7041297554969788,2.0,0.9555157929507554,0.6999169960618019,2.0433340072631836,0.0,true
0,2.0,78,0.9571630983175912,0.6581022143363953,0.7041297554969788,1.4,0.9191860567952542,0.5137817226350307,3.1614608764648438,0.0,other
0,2.0,82,0.9842901402305112,0.7098321914672852,0.7100133076310158,0.7,0.8593395350498163,0.7033396288752556,3.064384937286377,0.0,other
0,2.0,82,0.9842901402305112,0.7098321914672852,0.7100133076310158,1.0,0.9018894794754135,0.7126514986157417,1.0288467407226562,0.0,other
0,2.0,82,0.9842901402305112,0.7098321914672852,0.7100133076310158,2.0,0.9852160427007823,0.710419662296772,1.006839632987976,0.0,true
0,2.0,82,0.9842901402305112,0.7098321914672852,0.7100133076310158,1.4,0.9381325396497698,0.7266466915607452,1.390075445175171,0.0,other
0,2.0,86,0.9707033255123835,0.7260278463363647,0.6788284480571747,0.7,0.7997945061131126,0.6783752366900444,1.0114915370941162,0.0,other
0,2.0,86,0.9707033255123835,0.7260278463363647,0.6788284480571747,1.0,0.842689585868412,0.6628397107124329,1.3933347463607788,0.0,other
0,2.0,86,0.9707033255123835,0.7260278463363647,0.6788284480571747,2.0,0.9690238754895009,0.6287632584571838,1.5132534503936768,0.0,true
0,2.0,86,0.9707033255123835,0.7260278463363647,0.6788284480571747,1.4,0.8947738610367828,0.7127619385719299,1.0025478601455688,0.0,other
1,0.5,10,0.9232613685836397,0.6581659913063049,0.6821641027927399,0.7,0.5136996041459099,0.5772442370653152,2.660370111465454,0.0,other
1,0.5,10,0.9232613685836397,0.6581659913063049,0.6821641027927399,1.0,0.4932154191757201,0.09815580397844315,1.6158783435821533,0.0,other
1,0.5,10,0.9232613685836397,0.6581659913063049,0.6821641027927399,2.0,0.4788005327718364,0.7550114542245865,1.8102962970733643,0.0,other
1,0.5,10,0.9232613685836397,0.6581659913063049,0.6821641027927399,1.4,0.49200874612552525,0.6232688948512077,3.531001329421997,0.0,other
1,0.5,10,0.9232613685836397,0.6581659913063049,0.6821641027927399,0.5,0.9186379479972712,0.6665197610855103,38.23862075805664,0.002928257686676372,true
1,0.5,14,0.8953587266578271,0.5841920971870422,0.5987207293510437,0.7,0.5422079008871211,0.08536163810640574,2.208437919616699,0.0,other
1,0.5,14,0.8953587266578271,0.5841920971870422,0.5987207293510437,1.0,0.5444833278656819,0.5945475697517395,1.1275489330291748,0.0,other
1,0.5,14,0.8953587266578271,0.5841920971870422,0.5987207293510437,2.0,0.5253276060517577,0.4345220513641834,1.4729769229888916,0.0,other
1,0.5,14,0.8953587266578271,0.5841920971870422,0.5987207293510437,1.4,0.533849229515153,0.3075180370360613,1.9665635824203491,0.0,other
1,0.5,14,0.8953587266578271,0.5841920971870422,0.5987207293510437,0.5,0.9076152046835126,0.5985399633646011,46.50105285644531,0.0014641288433382416,true
1,0.5,18,0.7416572314394826,0.5457661747932434,0.5676466748118401,0.7,0.6259530741857731,0.5691769495606422,2.304335594177246,0.0,other
1,0.5,18,0.7416572314394826,0.5457661747932434,0.5676466748118401,1.0,0.6190783933622136,0.35208068788051605,2.9443676471710205,0.0,other
1,0.5,18,0.7416572314394826,0.5457661747932434,0.5676466748118401,2.0,0.6058444929611655,0.41606438532471657,1.3511366844177246,0.0,other
1,0.5,18,0.7416572314394826,0.5457661747932434,0.5676466748118401,1.4,0.6211299212594324,0.3341855101753026,2.1185152530670166,0.0,other
1,0.5,18,0.7416572314394826,0.5457661747932434,0.5676466748118401,0.5,0.7563759930180038,0.5623843818902969,33.29762649536133,0.0014641288433382416,true
1,0.5,22,0.9124171320636807,0.36732661724090576,0.4141066186130047,0.7,0.5841598212691914,0.4011957086622715,3.823300361633301,0.0,other
1,0.5,22,0.9124171320636807,0.36732661724090576,0.4141066186130047,1.0,0.5734485338716404,-0.2023865762166679,1.9052095413208008,0.0,other
1,0.5,22,0.9124171320636807,0.36732661724090576,0.4141066186130047,2.0,0.5532713303449391,0.328445135965012,1.0452299118041992,0.0,other
1,0.5,22,0.9124171320636807,0.36732661724090576,0.4141066186130047,1.4,0.5761504891679802,0.4343551993370056,2.4764606952667236,0.0,other
1,0.5,22,0.9124171320636807,0.36732661724090576,0.4141066186130047,0.5,0.9118107714576731,0.41402462124824524,33.872947692871094,0.0024402147388969953,true
1,0.5,26,0.9157703620527434,0.14436689019203186,0.144904600456357,0.7,0.6646954633779695,-0.018075691536068916,1.0018502473831177,0.0,other
1,0.5,26,0.9157703620527434,0.14436689019203186,0.144904600456357,1.0,0.6528594705374432,-0.05485683539882302,5.994640827178955,0.0,other
1,0.5,26,0.9157703620527434,0.14436689019203186,0.144904600456357,2.0,0.634393536135564,-0.10554252756992355,1.8590526580810547,0.0,other
1,0.5,26,0.9157703620527434,0.14436689019203186,0.144904600456357,1.4,0.6407280487346182,0.06513451598584652,1.0840908288955688,0.0,other
1,0.5,26,0.9157703620527434,0.14436689019203186,0.144904600456357,0.5,0.9181487411546817,0.1730737555772066,9.27271556854248,0.0014641288433382416,true
1,0.5,30,0.9250825231568307,-0.07967247068881989,0.15659206081181765,0.7,0.6716038465353543,-0.044951419811695814,1.4695029258728027,0.0,other
1,0.5,30,0.9250825231568307,-0.07967247068881989,0.15659206081181765,1.0,0.672170032120861,-0.12583640962839127,1.0701580047607422,0.0,other
1,0.5,30,0.9250825231568307,-0.07967247068881989,0.15659206081181765,2.0,0.641547908053589,-0.16198920225724578,1.1145800352096558,0.0,other
1,0.5,30,0.9250825231568307,-0.07967247068881989,0.15659206081181765,1.4,0.6629182982311386,0.008479979587718844,1.3380155563354492,0.0,other
1,0.5,30,0.9250825231568307,-0.07967247068881989,0.15659206081181765,0.5,0.9325970600774245,0.20696965884417295,8.045413970947266,0.0,true
1,0.5,34,0.8593765428746396,0.11061893403530121,0.07234520651400089,0.7,0.657296357214696,0.09298574225977063,1.153870701789856,0.0,other
1,0.5,34,0.8593765428746396,0.11061893403530121,0.07234520651400089,1.0,0.6582131120354685,-0.07456426828866825,1.066726803779602,0.0,other
1,0.5,34,0.8593765428746396,0.11061893403530121,0.07234520651400089,2.0,0.6107972403976999,0.07869699667207897,1.0012766122817993,0.0,other
1,0.5,34,0.8593765428746396,0.11061893403530121,0.07234520651400089,1.4,0.6342462963424649,0.06228547915816307,1.0003188848495483,0.0,other
1,0.5,34,0.8593765428746396,0.11061893403530121,0.07234520651400089,0.5,0.8901984743740099,-0.03567643358837813,1.2021756172180176,0.0024402147388969953,true
1,0.5,38,0.9448219164018141,0.016876675188541412,-0.26335995085537434,0.7,0.6359952895671893,-0.33294806629419327,1.4078327417373657,0.0,other
1,0.5,38,0.9448219164018141,0.016876675188541412,-0.26335995085537434,1.0,0.5960637476341821,-0.39298054948449135,1.1216931343078613,0.0,other
1,0.5,38,0.9448219164018141,0.016876675188541412,-0.26335995085537434,2.0,0.5560874058136629,-0.3118256434099749,1.000853419303894,0.0,other
1,0.5,38,0.9448219164018141,0.016876675188541412,-0.26335995085537434,1.4,0.5707188822402958,-0.4739034026861191,1.8146986961364746,0.0,other
1,0.5,38,0.9448219164018141,0.016876675188541412,-0.26335995085537434,0.5,0.9384778695586189,0.062440516223432496,3.807462453842163,0.0,true
1,0.5,42,0.8948372839280143,0.02951367199420929,-0.007974726177053526,0.7,0.5713302578947763,-0.17132364306598902,1.2112517356872559,0.0,other
1,0.5,42,0.8948372839280143,0.02951367199420929,-0.007974726177053526,1.0,0.5023594636848061,-0.19468591269105673,1.0703935623168945,0.0,other
1,0.5,42,0.8948372839280143,0.02951367199420929,-0.007974726177053526,2.0,0.5024773868087348,-1.0097106918692589,1.5613224506378174,0.0,other
1,0.5,42,0.8948372839280143,0.02951367199420929,-0.007974726177053526,1.4,0.5050223729544645,-0.16351060988381505,1.6570065021514893,0.0,other
1,0.5,42,0.8948372839280143,0.02951367199420929,-0.007974726177053526,0.5,0.9003109557620751,0.1002550246194005,37.309383392333984,0.002928257686676372,true
1,0.5,46,0.7569816385315377,0.016989730298519135,-0.016055972315371037,0.7,0.7468700628709389,-0.21670391492079943,1.9805833101272583,0.0,other
1,0.5,46,0.7569816385315377,0.016989730298519135,-0.016055972315371037,1.0,0.7321310003100013,0.006765640806406736,1.0153114795684814,0.0,other
1,0.5,46,0.7569816385315377,0.016989730298519135,-0.016055972315371037,2.0,0.6926953315732548,-0.024656532797962427,1.1690101623535156,0.0,other
1,0.5,46,0.7569816385315377,0.016989730298519135,-0.016055972315371037,1.4,0.7247572026060675,-0.09230001177638769,1.14811372756958,0.0,other
1,0.5,46,0.7569816385315377,0.016989730298519135,-0.016055972315371037,0.5,0.7571241079210278,-0.01569707994349301,1.3559976816177368,0.0,true
1,0.5,50,0.929219983126808,-0.6641212105751038,-0.20316552510485053,0.7,0.6500642732475093,-0.8169865235686302,1.0044188499450684,0.0,other
1,0.5,50,0.929219983126808,-0.6641212105751038,-0.20316552510485053,1.0,0.6182118405840447,-1.1185887828469276,2.0125527381896973,0.0,other
1,0.5,50,0.929219983126808,-0.6641212105751038,-0.20316552510485053,2.0,0.583089398345713,-0.3375101536512375,1.3377445936203003,0.0,other
1,0.5,50,0.929219983126808,-0.6641212105751038,-0.20316552510485053,1.4,0.6192892335196231,-1.0759340301156044,1.0134038925170898,0.0,other
1,0.5,50,0.929219983126808,-0.6641212105751038,-0.20316552510485053,0.5,0.9327727972226191,-0.1874060444533825,4.386709690093994,0.0,true
1,0.5,54,0.9460767585678868,-0.6698617339134216,-0.7485576272010803,0.7,0.6578780524073315,-0.9737308919429779,1.01643705368042,0.0,other
1,0.5,54,0.9460767585678868,-0.6698617339134216,-0.7485576272010803,1.0,0.6274407917790059,-0.49861742928624153,1.332661747932434,0.0,other
1,0.5,54,0.9460767585678868,-0.6698617339134216,-0.7485576272010803,2.0,0.6133468270326738,-0.46840814128518105,1.0061099529266357,0.0,other
1,0.5,54,0.9460767585678868,-0.6698617339134216,-0.7485576272010803,1.4,0.6107549623589438,-0.4792874790728092,1.0258132219314575,0.0,other
1,0.5,54,0.9460767585678868,-0.6698617339134216,-0.7485576272010803,0.5,0.9388072852368141,-0.7050735056400299,2.490487813949585,0.00048804294777937685,true
1,0.7,10,0.9607665361746957,0.7456832528114319,0.7983380630612373,0.7,0.9516190675999001,0.7734664380550385,1.1082983016967773,0.0,true
1,0.7,10,0.9607665361746957,0.7456832528114319,0.7983380630612373,1.0,0.8800215894837162,0.7408218681812286,1.000093698501587,0.0,other
1,0.7,10,0.9607665361746957,0.7456832528114319,0.7983380630612373,2.0,0.791128421229422,0.7459297999739647,1.0747708082199097,0.0,other
1,0.7,10,0.9607665361746957,0.7456832528114319,0.7983380630612373,1.4,0.841719983126808,0.7945839166641235,1.3055952787399292,0.0,other
1,0.7,14,0.9608159812118345,0.7604356408119202,0.7647552192211151,0.7,0.885850339974735,0.7844170853495598,1.1910723447799683,0.0,true
1,0.7,14,0.9608159812118345,0.7604356408119202,0.7647552192211151,1.0,0.847233241471896,0.770534060895443,1.0000240802764893,0.0,other
1,0.7,14,0.9608159812118345,0.7604356408119202,0.7647552192211151,2.0,0.763719739570314,0.7296144887804985,1.3230412006378174,0.0,other
1,0.7,14,0.9608159812118345,0.7604356408119202,0.7647552192211151,1.4,0.8028921719882692,0.7437631040811539,1.4226573705673218,0.0,other
1,0.7,18,0.9252762831772491,0.7659199237823486,0.7313355058431625,0.7,0.9398934489161876,0.7115061432123184,1.8021882772445679,0.0,true
1,0.7,18,0.9252762831772491,0.7659199237823486,0.7313355058431625,1.0,0.7912263585597973,0.7735555991530418,1.017185091972351,0.0,other
1,0.7,18,0.9252762831772491,0.7659199237823486,0.7313355058431625,2.0,0.7462148795999537,0.773303933441639,1.005780577659607,0.0,other
1,0.7,18,0.9252762831772491,0.7659199237823486,0.7313355058431625,1.4,0.7522421007347428,0.7571150735020638,1.0007394552230835,0.0,other
1,0.7,22,0.9706293340780454,0.8196154236793518,0.8229032680392265,0.7,0.9732480954095766,0.8094680234789848,1.0562961101531982,0.0,true
1,0.7,22,0.9706293340780454,0.8196154236793518,0.8229032680392265,1.0,0.8733958889449346,0.5949187651276588,1.1436597108840942,0.0,other
1,0.7,22,0.9706293340780454,0.8196154236793518,0.8229032680392265,2.0,0.8292899672579724,0.8129029795527458,1.2995522022247314,0.0,other
1,0.7,22,0.9706293340780454,0.8196154236793518,0.8229032680392265,1.4,0.8470621423374283,0.7845262736082077,2.221273422241211,0.0,other
1,0.7,26,0.9633277098659073,0.8202897310256958,0.8210134133696556,0.7,0.9609871305641362,0.820718951523304,1.0000154972076416,0.0,true
1,0.7,26,0.9633277098659073,0.8202897310256958,0.8210134133696556,1.0,0.8547048809502554,0.8236168697476387,1.0282163619995117,0.0,other
1,0.7,26,0.9633277098659073,0.8202897310256958,0.8210134133696556,2.0,0.7859151684082957,0.8198360726237297,1.0004223585128784,0.0,other
1,0.7,26,0.9633277098659073,0.8202897310256958,0.8210134133696556,1.4,0.809694421691426,0.8215946853160858,1.0001965761184692,0.0,other
1,0.7,30,0.9586799098534087,0.7931350469589233,0.799023762345314,0.7,0.9571909064430598,0.7983123064041138,1.0034794807434082,0.0,true
1,0.7,30,0.9586799098534087,0.7931350469589233,0.799023762345314,1.0,0.8444293245366569,0.8124092891812325,1.3302111625671387,0.0,other
1,0.7,30,0.9586799098534087,0.7931350469589233,0.799023762345314,2.0,0.7749700938850304,0.7879404276609421,1.1873902082443237,0.0,other
1,0.7,30,0.9586799098534087,0.7931350469589233,0.799023762345314,1.4,0.8146737654224548,0.7975545600056648,1.0055367946624756,0.0,other
1,0.7,34,0.9810445797660072,0.6377422213554382,0.6702948957681656,0.7,0.9791724658965113,0.8014240562915802,6.316193580627441,0.0,true
1,0.7,34,0.9810445797660072,0.6377422213554382,0.6702948957681656,1.0,0.8725412957986646,0.679092064499855,1.053955078125,0.0,other
1,0.7,34,0.9810445797660072,0.6377422213554382,0.6702948957681656,2.0,0.8159350658300004,0.7739181593060493,1.8242602348327637,0.0,other
1,0.7,34,0.9810445797660072,0.6377422213554382,0.6702948957681656,1.4,0.8435969918401601,0.6868742108345032,1.1108627319335938,0.0,other
1,0.7,38,0.9690405017989145,0.830594003200531,0.8530964255332947,0.7,0.9711063449117061,0.8264496028423309,1.0677516460418701,0.0,true
1,0.7,38,0.9690405017989145,0.830594003200531,0.8530964255332947,1.0,0.8821103723819771,0.8308790624141693,1.1692153215408325,0.0,other
1,0.7,38,0.9690405017989145,0.830594003200531,0.8530964255332947,2.0,0.8297276798468022,0.8351074010133743,1.1481062173843384,0.0,other
1,0.7,38,0.9690405017989145,0.830594003200531,0.8530964255332947,1.4,0.8541756710686466,0.778804138302803,1.9565194845199585,0.0,other
1,0.7,42,0.9666713443648897,0.7609504461288452,0.8020247370004654,0.7,0.966066942046388,0.8102357015013695,1.5764446258544922,0.0,true
1,0.7,42,0.9666713443648897,0.7609504461288452,0.8020247370004654,1.0,0.8873502657639362,0.8073001578450203,1.0608316659927368,0.0,other
1,0.7,42,0.9666713443648897,0.7609504461288452,0.8020247370004654,2.0,0.8050351678280008,0.7804029658436775,1.0842535495758057,0.0,other
1,0.7,42,0.9666713443648897,0.7609504461288452,0.8020247370004654,1.4,0.8496835397658288,0.8023162111639977,1.0619386434555054,0.0,other
1,0.7,46,0.982515949741992,0.7447882294654846,0.7906081900000572,0.7,0.9861594949090278,0.6880460307002068,1.102036952972412,0.0,true
1,0.7,46,0.982515949741992,0.7447882294654846,0.7906081900000572,1.0,0.9004317199273294,0.6960211619734764,1.2227472066879272,0.0,other
1,0.7,46,0.982515949741992,0.7447882294654846,0.7906081900000572,2.0,0.8280561778537122,0.7372144907712936,1.192627191543579,0.0,other
1,0.7,46,0.982515949741992,0.7447882294654846,0.7906081900000572,1.4,0.8698299833388389,0.5101074166595936,1.3178081512451172,0.0,other
1,0.7,50,0.9634836027613115,0.5891082882881165,0.7924625277519226,0.7,0.9652571348382317,0.6914108246564865,2.480587959289551,0.0,true
1,0.7,50,0.9634836027613115,0.5891082882881165,0.7924625277519226,1.0,0.857470688129397,0.7087766900658607,1.0075513124465942,0.0,other
1,0.7,50,0.9634836027613115,0.5891082882881165,0.7924625277519226,2.0,0.7868103096654824,0.6934847384691238,1.0025873184204102,0.0,other
1,0.7,50,0.9634836027613115,0.5891082882881165,0.7924625277519226,1.4,0.8267680708874943,0.6616825610399246,1.000188946723938,0.0,other
1,0.7,54,0.9581542435185517,0.7732650637626648,0.7733453810214996,0.7,0.9624382906518947,0.773059755563736,1.0000193119049072,0.0,true
1,0.7,54,0.9581542435185517,0.7732650637626648,0.7733453810214996,1.0,0.7832731746933366,0.5025109015405178,2.4465479850769043,0.0,other
1,0.7,54,0.9581542435185517,0.7732650637626648,0.7733453810214996,2.0,0.6881743697103883,0.5364919751882553,1.000765085220337,0.0,other
1,0.7,54,0.9581542435185517,0.7732650637626648,0.7733453810214996,1.4,0.7267105603082706,0.6766794100403786,1.1880388259887695,0.0,other
1,0.7,58,0.96754327800816,0.8294368982315063,0.7987269461154938,0.7,0.9676865020600474,0.8050951734185219,1.0685148239135742,0.0,true
1,0.7,58,0.96754327800816,0.8294368982315063,0.7987269461154938,1.0,0.8303064180623506,0.8366838470101357,1.4880720376968384,0.0,other
1,0.7,58,0.96754327800816,0.8294368982315063,0.7987269461154938,2.0,0.7444263602895227,0.8287592381238937,1.1308714151382446,0.0,other
1,0.7,58,0.96754327800816,0.8294368982315063,0.7987269461154938,1.4,0.7906674424392031,0.8311128318309784,1.072529673576355,0.0,other
1,0.7,62,0.95623249629504,0.8284345269203186,0.8344686254858971,0.7,0.9580541021832485,0.8476080819964409,1.812174916267395,0.0,true
1,0.7,62,0.95623249629504,0.8284345269203186,0.8344686254858971,1.0,0.8442760848168055,0.7947280704975128,1.3407902717590332,0.0,other
1,0.7,62,0.95623249629504,0.8284345269203186,0.8344686254858971,2.0,0.788161730160608,0.8272541463375092,1.31034255027771,0.0,other
1,0.7,62,0.95623249629504,0.8284345269203186,0.8344686254858971,1.4,0.8208073618786381,0.8345016613602638,1.0073271989822388,0.0,other
1,0.7,66,0.9718733958191981,0.841422975063324,0.8197874575853348,0.7,0.9688313403363035,0.8472619652748108,1.1188749074935913,0.0,true
1,0.7,66,0.9718733958191981,0.841422975063324,0.8197874575853348,1.0,0.856260269547013,0.7455342262983322,1.2505985498428345,0.0,other
1,0.7,66,0.9718733958191981,0.841422975063324,0.8197874575853348,2.0,0.771442452873353,0.7965583354234695,1.0219008922576904,0.0,other
1,0.7,66,0.9718733958191981,0.841422975063324,0.8197874575853348,1.4,0.8137436809225799,0.7925061210989952,1.0588592290878296,0.0,other
1,0.7,70,0.8787607187176375,0.8659736514091492,0.8662198781967163,0.7,0.8731709507128701,0.8536386713385582,1.000126838684082,0.0,true
1,0.7,70,0.8787607187176375,0.8659736514091492,0.8662198781967163,1.0,0.8395924683292862,0.711923323571682,1.996867299079895,0.0,other
1,0.7,70,0.8787607187176375,0.8659736514091492,0.8662198781967163,2.0,0.771165514074385,0.867459312081337,1.023342490196228,0.0,other
1,0.7,70,0.8787607187176375,0.8659736514091492,0.8662198781967163,1.4,0.8168873786960327,0.8677877932786942,1.0217784643173218,0.0,other
1,0.7,74,0.9591280998352856,0.8399943709373474,0.8149095252156258,0.7,0.9634973052552407,0.8252142444252968,1.117652177810669,0.0,true
1,0.7,74,0.9591280998352856,0.8399943709373474,0.8149095252156258,1.0,0.8444210288295005,0.7056897133588791,1.4989039897918701,0.0,other
1,0.7,74,0.9591280998352856,0.8399943709373474,0.8149095252156258,2.0,0.7851672937386175,0.8462091311812401,2.8956127166748047,0.0,other
1,0.7,74,0.9591280998352856,0.8399943709373474,0.8149095252156258,1.4,0.7982615562395102,0.8693631589412689,2.491637945175171,0.0,other
1,0.7,78,0.9611260665709925,0.7043344974517822,0.8232048228383064,0.7,0.9557785005735995,0.7895540222525597,1.4188076257705688,0.0,true
1,0.7,78,0.9611260665709925,0.7043344974517822,0.8232048228383064,1.0,0.8334260489389531,0.7731817811727524,1.1515591144561768,0.0,other
1,0.7,78,0.9611260665709925,0.7043344974517822,0.8232048228383064,2.0,0.7695323073643897,0.7043425291776657,1.0089106559753418,0.0,other
1,0.7,78,0.9611260665709925,0.7043344974517822,0.8232048228383064,1.4,0.794460654885191,0.731314092874527,1.8340346813201904,0.0,other
1,0.7,82,0.9412627874134024,0.8225419521331787,0.7886166647076607,0.7,0.938080606039978,0.8050074949860573,1.000287652015686,0.0,true
1,0.7,82,0.9412627874134024,0.8225419521331787,0.7886166647076607,1.0,0.8203931763449454,0.8093501403927803,1.221177339553833,0.0,other
1,0.7,82,0.9412627874134024,0.8225419521331787,0.7886166647076607,2.0,0.7492628119643432,0.8063925728201866,1.0000276565551758,0.0,other
1,0.7,82,0.9412627874134024,0.8225419521331787,0.7886166647076607,1.4,0.7895788927748814,0.7948448807001114,1.048492193222046,0.0,other
1,0.7,86,0.9323220266020605,0.7624847292900085,0.7497177198529243,0.7,0.9390158504222763,0.7525260969996452,1.2140311002731323,0.0,true
1,0.7,86,0.9323220266020605,0.7624847292900085,0.7497177198529243,1.0,0.7264898152653287,0.7508264780044556,1.6948928833007812,0.0,other
1,0.7,86,0.9323220266020605,0.7624847292900085,0.7497177198529243,2.0,0.7120211241317895,0.7467748820781708,1.0000693798065186,0.0,other
1,0.7,86,0.9323220266020605,0.7624847292900085,0.7497177198529243,1.4,0.749007902055137,0.5861996337771416,1.0593793392181396,0.0,other
1,1.0,10,0.9661418307859874,0.6928151845932007,0.7332515716552734,0.7,0.8465682778407672,0.5886390656232834,1.1704139709472656,0.0,other
1,1.0,10,0.9661418307859874,0.6928151845932007,0.7332515716552734,1.0,0.9688375980363712,0.7398173362016678,1.3713253736495972,0.0,true
1,1.0,10,0.9661418307859874,0.6928151845932007,0.7332515716552734,2.0,0.8345213347677036,0.6863723620772362,1.0885862112045288,0.0,other
1,1.0,10,0.9661418307859874,0.6928151845932007,0.7332515716552734,1.4,0.8805034351788203,0.6562942489981651,1.3783026933670044,0.0,other
1,1.0,14,0.9706908620839734,0.6597813963890076,0.659955158829689,0.7,0.8706158087414743,0.6836034879088402,1.9570200443267822,0.0,other
1,1.0,14,0.9706908620839734,0.6597813963890076,0.659955158829689,1.0,0.9654876793334644,0.6596231460571289,1.0145775079727173,0.0,true
1,1.0,14,0.9706908620839734,0.6597813963890076,0.659955158829689,2.0,0.8482555914768062,0.6857430338859558,1.9886572360992432,0.0,other
1,1.0,14,0.9706908620839734,0.6597813963890076,0.659955158829689,1.4,0.8879834708000037,0.6639177426695824,1.1937648057937622,0.0,other
1,1.0,18,0.97730704738154,0.7559815049171448,0.7559886574745178,0.7,0.8606082145918295,0.7568303719162941,1.029330849647522,0.0,other
1,1.0,18,0.97730704738154,0.7559815049171448,0.7559886574745178,1.0,0.9742784391175299,0.7559821605682373,1.0000009536743164,0.0,true
1,1.0,18,0.97730704738154,0.7559815049171448,0.7559886574745178,2.0,0.8481829391215419,0.7560363337397575,1.0013513565063477,0.0,other
1,1.0,18,0.97730704738154,0.7559815049171448,0.7559886574745178,1.4,0.8766355449348604,0.7441332563757896,5.303510665893555,0.0,other
1,1.0,22,0.9850280773488556,0.6811085343360901,0.6909801438450813,0.7,0.8825563206955507,0.6812169179320335,1.3902981281280518,0.0,other
1,1.0,22,0.9850280773488556,0.6811085343360901,0.6909801438450813,1.0,0.9838917147269938,0.6929186657071114,1.5892969369888306,0.0,true
1,1.0,22,0.9850280773488556,0.6811085343360901,0.6909801438450813,2.0,0.8729564717396351,0.6806031242012978,1.0011804103851318,0.0,other
1,1.0,22,0.9850280773488556,0.6811085343360901,0.6909801438450813,1.4,0.906137181451541,0.71753840893507,1.728451132774353,0.0,other
1,1.0,26,0.9321925399175983,0.7564020752906799,0.7621102184057236,0.7,0.8659240792839162,0.7544566616415977,1.0032446384429932,0.0,other
1,1.0,26,0.9321925399175983,0.7564020752906799,0.7621102184057236,1.0,0.9233552417932902,0.7635299861431122,1.318865418434143,0.0,true
1,1.0,26,0.9321925399175983,0.7564020752906799,0.7621102184057236,2.0,0.8592728081031498,0.7547208815813065,1.0000944137573242,0.0,other
1,1.0,26,0.9321925399175983,0.7564020752906799,0.7621102184057236,1.4,0.9117460587370105,0.7563062831759453,1.008733868598938,0.0,other
1,1.0,30,0.974592884021355,0.7377797961235046,0.7379150390625,0.7,0.8998376917763277,0.7376886159181595,1.012642502784729,0.0,other
1,1.0,30,0.974592884021355,0.7377797961235046,0.7379150390625,1.0,0.9711360170154537,0.7356490939855576,1.2613860368728638,0.0,true
1,1.0,30,0.974592884021355,0.7377797961235046,0.7379150390625,2.0,0.8792353386244333,0.7376287579536438,1.0145550966262817,0.0,other
1,1.0,30,0.974592884021355,0.7377797961235046,0.7379150390625,1.4,0.9160278544374711,0.737645149230957,1.0241448879241943,0.0,other
1,1.0,34,0.9693261506021678,0.7130517363548279,0.7147765532135963,0.7,0.8955682576474675,0.766258217394352,1.7688627243041992,0.0,other
1,1.0,34,0.9693261506021678,0.7130517363548279,0.7147765532135963,1.0,0.9699520545231762,0.7246608287096024,1.9190245866775513,0.0,true
1,1.0,34,0.9693261506021678,0.7130517363548279,0.7147765532135963,2.0,0.8678631642145486,0.7157627567648888,1.0172303915023804,0.0,other
1,1.0,34,0.9693261506021678,0.7130517363548279,0.7147765532135963,1.4,0.9123538926074887,0.7122070044279099,1.001473069190979,0.0,other
1,1.0,38,0.9707197261788917,0.6721189618110657,0.5997267514467239,0.7,0.8514487719507733,0.6771477311849594,1.1714993715286255,0.0,other
1,1.0,38,0.9707197261788917,0.6721189618110657,0.5997267514467239,1.0,0.9710266631588581,0.5480298697948456,1.9876835346221924,0.0,true
1,1.0,38,0.9707197261788917,0.6721189618110657,0.5997267514467239,2.0,0.8391821467789167,0.6394215747714043,2.0304386615753174,0.0,other
1,1.0,38,0.9707197261788917,0.6721189618110657,0.5997267514467239,1.4,0.8710076417593653,0.6178881824016571,1.9503215551376343,0.0,other
1,1.0,42,0.9754179881396637,0.6756634712219238,0.6760099604725838,0.7,0.8589258321653038,0.6780233979225159,1.062733769416809,0.0,other
1,1.0,42,0.9754179881396637,0.6756634712219238,0.6760099604725838,1.0,0.9722501690667074,0.6772134900093079,1.0040479898452759,0.0,true
1,1.0,42,0.9754179881396637,0.6756634712219238,0.6760099604725838,2.0,0.8334292810145343,0.6751208603382111,1.0220363140106201,0.0,other
1,1.0,42,0.9754179881396637,0.6756634712219238,0.6760099604725838,1.4,0.8755960912670072,0.6870720759034157,1.8751723766326904,0.0,other
1,1.0,46,0.9721810846717318,0.6119964122772217,0.5585940107703209,0.7,0.8411155835981861,0.6022827252745628,1.0690993070602417,0.0,other
1,1.0,46,0.9721810846717318,0.6119964122772217,0.5585940107703209,1.0,0.9749601926021321,0.5981150642037392,1.144197940826416,0.0,true
1,1.0,46,0.9721810846717318,0.6119964122772217,0.5585940107703209,2.0,0.8320726866875872,0.5959648489952087,1.0017715692520142,0.0,other
1,1.0,46,0.9721810846717318,0.6119964122772217,0.5585940107703209,1.4,0.8457065049392031,0.6122459694743156,1.0102859735488892,0.0,other
1,1.0,50,0.9708734304137059,0.6117190718650818,0.5317099392414093,0.7,0.8582337006860874,0.5829052105545998,1.1766620874404907,0.0,other
1,1.0,50,0.9708734304137059,0.6117190718650818,0.5317099392414093,1.0,0.9680403411018463,0.5442340224981308,1.528486967086792,0.0,true
1,1.0,50,0.9708734304137059,0.6117190718650818,0.5317099392414093,2.0,0.843981287998161,0.6123933866620064,1.0311977863311768,0.0,other
1,1.0,50,0.9708734304137059,0.6117190718650818,0.5317099392414093,1.4,0.8905245782817914,0.5259255096316338,1.9494370222091675,0.0,other
1,1.0,54,0.9689386753762992,0.6120123267173767,0.5998657196760178,0.7,0.8068515203728173,0.5622633993625641,1.430281400680542,0.0,other
1,1.0,54,0.9689386753762992,0.6120123267173767,0.5998657196760178,1.0,0.9650526533987432,0.5311187505722046,1.2898608446121216,0.0,true
1,1.0,54,0.9689386753762992,0.6120123267173767,0.5998657196760178,2.0,0.8134513796512874,0.5951011776924133,1.4526728391647339,0.0,other
1,1.0,54,0.9689386753762992,0.6120123267173767,0.5998657196760178,1.4,0.8652828575286579,0.5696361511945724,1.1162720918655396,0.0,other
1,1.0,58,0.9561761811792489,0.5442657470703125,0.5469010323286057,0.7,0.8088354222123089,0.42059531807899475,1.2483057975769043,0.0,other
1,1.0,58,0.9561761811792489,0.5442657470703125,0.5469010323286057,1.0,0.9583376278880836,0.5467944294214249,1.0234360694885254,0.0,true
1,1.0,58,0.9561761811792489,0.5442657470703125,0.5469010323286057,2.0,0.8067684879745028,0.5471554845571518,1.0134388208389282,0.0,other
1,1.0,58,0.9561761811792489,0.5442657470703125,0.5469010323286057,1.4,0.8640064875861516,0.5440582111477852,1.0040560960769653,0.0,other
1,1.0,62,0.9791792313546765,0.434914767742157,0.4231647327542305,0.7,0.8781043911589832,0.4667099267244339,1.1743052005767822,0.0,other
1,1.0,62,0.9791792313546765,0.434914767742157,0.4231647327542305,1.0,0.980277442372246,0.4301561452448368,1.0092897415161133,0.0,true
1,1.0,62,0.9791792313546765,0.434914767742157,0.4231647327542305,2.0,0.8535429030483342,0.3831369876861572,1.2364476919174194,0.0,other
1,1.0,62,0.9791792313546765,0.434914767742157,0.4231647327542305,1.4,0.9090229478761206,0.3896135911345482,1.6666721105575562,0.0,other
1,1.0,66,0.9783273904246869,0.41191473603248596,0.41024260967969894,0.7,0.8851579085834554,0.4115896113216877,1.0029526948928833,0.0,other
1,1.0,66,0.9783273904246869,0.41191473603248596,0.41024260967969894,1.0,0.9789422380526196,0.4169865660369396,1.014946699142456,0.0,true
1,1.0,66,0.9783273904246869,0.41191473603248596,0.41024260967969894,2.0,0.8173323951898012,0.4088355079293251,1.0039443969726562,0.0,other
1,1.0,66,0.9783273904246869,0.41191473603248596,0.41024260967969894,1.4,0.8888267512942345,0.4172501191496849,1.0288727283477783,0.0,other
1,1.0,70,0.9147551810855089,0.2917349636554718,0.35144759714603424,0.7,0.7652883061636254,0.2826169691979885,1.02115797996521,0.0,other
1,1.0,70,0.9147551810855089,0.2917349636554718,0.35144759714603424,1.0,0.9597418189568977,0.3930673785507679,1.4800710678100586,0.0,true
1,1.0,70,0.9147551810855089,0.2917349636554718,0.35144759714603424,2.0,0.8354300362349572,0.30550679937005043,1.11968195438385,0.0,other
1,1.0,70,0.9147551810855089,0.2917349636554718,0.35144759714603424,1.4,0.8733120363220013,0.4135408215224743,1.447203278541565,0.0,other
1,1.0,74,0.9616361458482128,0.32300135493278503,0.3544388748705387,0.7,0.8124356862992359,0.24076418206095695,1.0446263551712036,0.0,other
1,1.0,74,0.9616361458482128,0.32300135493278503,0.3544388748705387,1.0,0.9630790534719494,0.3647647127509117,1.2293815612792969,0.0,true
1,1.0,74,0.9616361458482128,0.32300135493278503,0.3544388748705387,2.0,0.7978142701786417,0.29889990389347076,2.0038609504699707,0.0,other
1,1.0,74,0.9616361458482128,0.32300135493278503,0.3544388748705387,1.4,0.8526692564189552,0.3128673806786537,1.0193116664886475,0.0,other
1,1.0,78,0.989188627669357,0.2595936357975006,0.27553919330239296,0.7,0.8745083799615222,0.26852502301335335,1.0047528743743896,0.0,other
1,1.0,78,0.989188627669357,0.2595936357975006,0.27553919330239296,1.0,0.9881802507767027,0.2659398093819618,1.0175824165344238,0.0,true
1,1.0,78,0.989188627669357,0.2595936357975006,0.27553919330239296,2.0,0.8571829943443561,0.2738678753376007,1.001331090927124,0.0,other
1,1.0,78,0.989188627669357,0.2595936357975006,0.27553919330239296,1.4,0.9097220959026713,0.2659805826842785,1.0031089782714844,0.0,other
1,1.0,82,0.9774537228712104,0.389370322227478,0.35600098595023155,0.7,0.892087308446863,0.22198854014277458,1.1423218250274658,0.0,other
1,1.0,82,0.9774537228712104,0.389370322227478,0.35600098595023155,1.0,0.9728363730002143,0.34354329854249954,1.000540852546692,0.0,true
1,1.0,82,0.9774537228712104,0.389370322227478,0.35600098595023155,2.0,0.8810580534898048,0.34819843992590904,1.0063328742980957,0.0,other
1,1.0,82,0.9774537228712104,0.389370322227478,0.35600098595023155,1.4,0.9167557173003785,0.3504981957376003,1.0206527709960938,0.0,other
1,1.0,86,0.9725080093861693,0.24323847889900208,0.27214568480849266,0.7,0.8890893818854232,0.2764250412583351,1.0708692073822021,0.0,other
1,1.0,86,0.9725080093861693,0.24323847889900208,0.27214568480849266,1.0,0.9722193450813307,0.25772405974566936,1.0721420049667358,0.0,true
1,1.0,86,0.9725080093861693,0.24323847889900208,0.27214568480849266,2.0,0.8816594511079171,0.2447804156690836,1.0248160362243652,0.0,other
1,1.0,86,0.9725080093861693,0.24323847889900208,0.27214568480849266,1.4,0.9145036925851497,0.25877007842063904,1.000444769859314,0.0,other
1,1.4,10,0.9730788051726603,0.678304135799408,0.7721506953239441,0.7,0.8130002840097491,0.7914881929755211,2.0101771354675293,0.0,other
1,1.4,10,0.9730788051726603,0.678304135799408,0.7721506953239441,1.0,0.8829299525385674,0.773537889122963,1.0454075336456299,0.0,other
1,1.4,10,0.9730788051726603,0.678304135799408,0.7721506953239441,2.0,0.8796677291271204,0.7566097006201744,2.772486686706543,0.0,other
1,1.4,10,0.9730788051726603,0.678304135799408,0.7721506953239441,1.4,0.9738138450009822,0.771333858370781,1.045530080795288,0.0,true
1,1.4,14,0.9789154412585259,0.6788644194602966,0.7435734644532204,0.7,0.8536870882137629,0.6799157559871674,1.2838457822799683,0.0,other
1,1.4,14,0.9789154412585259,0.6788644194602966,0.7435734644532204,1.0,0.9035193271703033,0.6916278675198555,2.11830997467041,0.0,other
1,1.4,14,0.9789154412585259,0.6788644194602966,0.7435734644532204,2.0,0.9061887956201122,0.6917961686849594,1.2282592058181763,0.0,other
1,1.4,14,0.9789154412585259,0.6788644194602966,0.7435734644532204,1.4,0.9760339154510232,0.7455389872193336,2.270888328552246,0.0,true
1,1.4,18,0.9218405700951685,0.6479471325874329,0.6583039462566376,0.7,0.7907928293955113,0.6109112501144409,1.0491578578948975,0.0,other
1,1.4,18,0.9218405700951685,0.6479471325874329,0.6583039462566376,1.0,0.8699195273162699,0.69270408898592,3.761636257171631,0.0,other
1,1.4,18,0.9218405700951685,0.6479471325874329,0.6583039462566376,2.0,0.8936513024274186,0.6414626389741898,1.0453977584838867,0.0,other
1,1.4,18,0.9218405700951685,0.6479471325874329,0.6583039462566376,1.4,0.9751851308341964,0.6398815289139748,1.1478151082992554,0.0,true
1,1.4,22,0.9770364921838733,0.6852518916130066,0.6892457529902458,0.7,0.8233934687243333,0.6917944177985191,1.071070671081543,0.0,other
1,1.4,22,0.9770364921838733,0.6852518916130066,0.6892457529902458,1.0,0.8731159426556978,0.6890705600380898,1.0031170845031738,0.0,other
1,1.4,22,0.9770364921838733,0.6852518916130066,0.6892457529902458,2.0,0.8987229646711962,0.6607774347066879,2.9348645210266113,0.0,other
1,1.4,22,0.9770364921838733,0.6852518916130066,0.6892457529902458,1.4,0.9787520854350429,0.6890363618731499,1.0089308023452759,0.0,true
1,1.4,26,0.9738437413513732,0.6000853776931763,0.6017019376158714,0.7,0.8369533230814556,0.6994166299700737,3.149923324584961,0.0,other
1,1.4,26,0.9738437413513732,0.6000853776931763,0.6017019376158714,1.0,0.8898774447715424,0.686533734202385,1.0489379167556763,0.0,other
1,1.4,26,0.9738437413513732,0.6000853776931763,0.6017019376158714,2.0,0.9010495764404708,0.7055286690592766,3.369795799255371,0.0,other
1,1.4,26,0.9738437413513732,0.6000853776931763,0.6017019376158714,1.4,0.9728853939756456,0.6414732486009598,1.0534191131591797,0.0,true
1,1.4,30,0.9718078517815056,0.6307046413421631,0.6275940015912056,0.7,0.8235251859175804,0.6395876258611679,1.983777642250061,0.0,other
1,1.4,30,0.9718078517815056,0.6307046413421631,0.6275940015912056,1.0,0.8705578936297005,0.6221086531877518,1.0004328489303589,0.0,other
1,1.4,30,0.9718078517815056,0.6307046413421631,0.6275940015912056,2.0,0.8827652980261044,0.6287012249231339,1.016235589981079,0.0,other
1,1.4,30,0.9718078517815056,0.6307046413421631,0.6275940015912056,1.4,0.9700039337303147,0.6231212168931961,1.0116599798202515,0.0,true
1,1.4,34,0.9799134132950043,0.5262940526008606,0.5407045558094978,0.7,0.7791977324416135,0.5344515815377235,1.2252922058105469,0.0,other
1,1.4,34,0.9799134132950043,0.5262940526008606,0.5407045558094978,1.0,0.8706075869661287,0.5336151868104935,1.7604379653930664,0.0,other
1,1.4,34,0.9799134132950043,0.5262940526008606,0.5407045558094978,2.0,0.8679802652282792,0.5072902217507362,1.162536382675171,0.0,other
1,1.4,34,0.9799134132950043,0.5262940526008606,0.5407045558094978,1.4,0.9607939076839984,0.5316310338675976,1.0892832279205322,0.0,true
1,1.4,38,0.9802174432203694,0.4701823890209198,0.5024227537214756,0.7,0.856581780858301,0.484197773039341,1.5397288799285889,0.0,other
1,1.4,38,0.9802174432203694,0.4701823890209198,0.5024227537214756,1.0,0.9094013992362427,0.30222588777542114,1.0040184259414673,0.0,other
1,1.4,38,0.9802174432203694,0.4701823890209198,0.5024227537214756,2.0,0.9003194523801022,0.5138367041945457,1.0077630281448364,0.0,other
1,1.4,38,0.9802174432203694,0.4701823890209198,0.5024227537214756,1.4,0.9779131326951553,0.5068640559911728,1.3706403970718384,0.0,true
1,1.4,42,0.9860064253718354,0.3092499375343323,0.3105149641633034,0.7,0.8743470561728134,0.42596399411559105,2.300879955291748,0.0,other
1,1.4,42,0.9860064253718354,0.3092499375343323,0.3105149641633034,1.0,0.9182669281527873,0.38697756454348564,2.5650501251220703,0.0,other
1,1.4,42,0.9860064253718354,0.3092499375343323,0.3105149641633034,2.0,0.9200046130660109,0.40077388659119606,1.4096986055374146,0.0,other
1,1.4,42,0.9860064253718354,0.3092499375343323,0.3105149641633034,1.4,0.9860245219262224,0.3626132160425186,1.0039881467819214,0.0,true
1,1.4,46,0.9727913331830519,0.2624792158603668,0.23436959274113178,0.7,0.78430781690801,0.21841175109148026,2.1468987464904785,0.0,other
1,1.4,46,0.9727913331830519,0.2624792158603668,0.23436959274113178,1.0,0.8580484931302005,0.2571885287761688,1.2875995635986328,0.0,other
1,1.4,46,0.9727913331830519,0.2624792158603668,0.23436959274113178,2.0,0.8588136409417956,0.21793849021196365,1.9296530485153198,0.0,other
1,1.4,46,0.9727913331830519,0.2624792158603668,0.23436959274113178,1.4,0.9711985120533951,0.27278314530849457,1.0751246213912964,0.0,true
1,1.4,50,0.9883576968873873,0.10160395503044128,0.07795601757243276,0.7,0.8395851016520552,0.18107878416776657,3.2229936122894287,0.0,other
1,1.4,50,0.9883576968873873,0.10160395503044128,0.07795601757243276,1.0,0.8833042204741457,0.1294499272480607,2.1474177837371826,0.0,other
1,1.4,50,0.9883576968873873,0.10160395503044128,0.07795601757243276,2.0,0.9144210804422742,0.18341895751655102,1.1692460775375366,0.0,other
1,1.4,50,0.9883576968873873,0.10160395503044128,0.07795601757243276,1.4,0.9884663048019314,0.11443449836224318,1.1925363540649414,0.0,true
1,1.4,54,0.976446173177874,0.1495456099510193,0.14683942310512066,0.7,0.8587238821435998,0.14342651516199112,1.000532627105713,0.0,other
1,1.4,54,0.976446173177874,0.1495456099510193,0.14683942310512066,1.0,0.9039388985666714,0.17046758718788624,1.0001180171966553,0.0,other
1,1.4,54,0.976446173177874,0.1495456099510193,0.14683942310512066,2.0,0.9112537733122344,0.23273694701492786,1.5985115766525269,0.0,other
1,1.4,54,0.976446173177874,0.1495456099510193,0.14683942310512066,1.4,0.9759809677199767,0.15416628867387772,1.0115889310836792,0.0,true
1,1.4,58,0.9754476222413672,-0.10434482246637344,-0.11760607082396746,0.7,0.8341497520912938,-0.01068665599450469,2.3700473308563232,0.0,other
1,1.4,58,0.9754476222413672,-0.10434482246637344,-0.11760607082396746,1.0,0.8891476345726352,-0.106834062507005,1.703606128692627,0.0,other
1,1.4,58,0.9754476222413672,-0.10434482246637344,-0.11760607082396746,2.0,0.8853641671762849,-0.10730443056672812,1.000861644744873,0.0,other
1,1.4,58,0.9754476222413672,-0.10434482246637344,-0.11760607082396746,1.4,0.9769632662125488,-0.2865024982020259,1.2801300287246704,0.0,true
1,1.4,62,0.9618165265502442,-0.10053393244743347,-0.004568940523313358,0.7,0.8281407052188539,0.07555545552168041,2.0598108768463135,0.0,other
1,1.4,62,0.9618165265502442,-0.10053393244743347,-0.004568940523313358,1.0,0.8824772104783126,-0.19951374642550945,2.909665107727051,0.0,other
1,1.4,62,0.9618165265502442,-0.10053393244743347,-0.004568940523313358,2.0,0.8818003632721134,-0.1016392819583416,1.000060796737671,0.0,other
1,1.4,62,0.9618165265502442,-0.10053393244743347,-0.004568940523313358,1.4,0.9611786359110724,-0.08519000990781933,1.0394048690795898,0.0,true
1,1.4,66,0.9701279616560781,-0.13480696082115173,-0.06418034248054028,0.7,0.7490921494460416,-0.04008056363090873,2.745976448059082,0.0,other
1,1.4,66,0.9701279616560781,-0.13480696082115173,-0.06418034248054028,1.0,0.8672675444372033,-0.1323631815612316,1.0182974338531494,0.0,other
1,1.4,66,0.9701279616560781,-0.13480696082115173,-0.06418034248054028,2.0,0.8879129468271257,-0.12880594842135906,1.056169867515564,0.0,other
1,1.4,66,0.9701279616560781,-0.13480696082115173,-0.06418034248054028,1.4,0.9704042371612543,-0.044857416767627,1.6221171617507935,0.0,true
1,1.4,70,0.9903467387980753,-0.3518991470336914,-0.25037634558975697,0.7,0.9026867991822306,-0.25794536992907524,2.201054334640503,0.0,other
1,1.4,70,0.9903467387980753,-0.3518991470336914,-0.25037634558975697,1.0,0.9477909983974934,-0.23643927462399006,2.0733754634857178,0.0,other
1,1.4,70,0.9903467387980753,-0.3518991470336914,-0.25037634558975697,2.0,0.949666259251241,-0.2043167296797037,2.2596487998962402,0.0,other
1,1.4,70,0.9903467387980753,-0.3518991470336914,-0.25037634558975697,1.4,0.9887977083370533,-0.2531673312187195,1.3245161771774292,0.0,true
1,1.4,74,0.9810083894471129,-0.34761664271354675,-0.3408377766609192,0.7,0.8807048463557478,-0.3940596207976341,2.3358232975006104,0.0,other
1,1.4,74,0.9810083894471129,-0.34761664271354675,-0.3408377766609192,1.0,0.916038140723762,-0.38575663790106773,1.0615211725234985,0.0,other
1,1.4,74,0.9810083894471129,-0.34761664271354675,-0.3408377766609192,2.0,0.927490990083652,-0.6880932003259659,1.0487499237060547,0.0,other
1,1.4,74,0.9810083894471129,-0.34761664271354675,-0.3408377766609192,1.4,0.974554382287166,-0.33830496668815613,1.2354471683502197,0.0,true
1,1.4,78,0.9872937302476523,-0.2501717209815979,-0.2715239506214857,0.7,0.8878207402191773,-0.43738462775945663,1.2995615005493164,0.0,other
1,1.4,78,0.9872937302476523,-0.2501717209815979,-0.2715239506214857,1.0,0.9328865740947401,-0.5448560118675232,1.2563953399658203,0.0,other
1,1.4,78,0.9872937302476523,-0.2501717209815979,-0.2715239506214857,2.0,0.9166685781992109,-0.5979062616825104,1.0000014305114746,0.0,other
1,1.4,78,0.9872937302476523,-0.2501717209815979,-0.2715239506214857,1.4,0.9878187242215121,-0.2731403708457947,1.0004082918167114,0.0,true
1,1.4,82,0.9898609980787009,-0.27781960368156433,-0.2245718315243721,0.7,0.8887127504566121,-0.11069839168339968,1.8806003332138062,0.0,other
1,1.4,82,0.9898609980787009,-0.27781960368156433,-0.2245718315243721,1.0,0.9232144226176661,-0.2743719220161438,1.0324680805206299,0.0,other
1,1.4,82,0.9898609980787009,-0.27781960368156433,-0.2245718315243721,2.0,0.9144685446648575,-0.2593085616827011,1.1186503171920776,0.0,other
1,1.4,82,0.9898609980787009,-0.27781960368156433,-0.2245718315243721,1.4,0.9894768333973148,-0.25285796634852886,1.7816627025604248,0.0,true
1,1.4,86,0.9759163038893156,0.09238933771848679,0.05649038217961788,0.7,0.6880799211245225,-0.7491477280855179,1.024818778038025,0.0,other
1,1.4,86,0.9759163038893156,0.09238933771848679,0.05649038217961788,1.0,0.7191198776132524,-0.06457699276506901,1.0963507890701294,0.0,other
1,1.4,86,0.9759163038893156,0.09238933771848679,0.05649038217961788,2.0,0.868286754432561,0.08497504377737641,1.00946843624115,0.0,other
1,1.4,86,0.9759163038893156,0.09238933771848679,0.05649038217961788,1.4,0.9738717398679045,0.06920094741508365,1.0181559324264526,0.0,true
1,1.7,10,0.9813104232135844,0.696885883808136,0.6934905275702477,0.7,0.8152727776934615,0.6836017072200775,2.1864705085754395,0.0,other
1,1.7,10,0.9813104232135844,0.696885883808136,0.6934905275702477,1.0,0.8732445320009117,0.5111923329532146,1.0208274126052856,0.0,other
1,1.7,10,0.9813104232135844,0.696885883808136,0.6934905275702477,2.0,0.921873804858057,0.6975914686918259,1.0021013021469116,0.0,other
1,1.7,10,0.9813104232135844,0.696885883808136,0.6934905275702477,1.4,0.9077175952688107,0.5760393068194389,3.9939417839050293,0.0,other
1,1.7,10,0.9813104232135844,0.696885883808136,0.6934905275702477,1.7,0.949806650180338,0.6918129399418831,1.0012952089309692,0.0,true
1,1.7,14,0.9611577819229191,0.646428644657135,0.6523610502481461,0.7,0.7021429288826199,0.7026610746979713,1.8652955293655396,0.0,other
1,1.7,14,0.9611577819229191,0.646428644657135,0.6523610502481461,1.0,0.8222446534746278,0.6500919759273529,1.0252070426940918,0.0,other
1,1.7,14,0.9611577819229191,0.646428644657135,0.6523610502481461,2.0,0.8838733545289792,0.6690505892038345,1.5771843194961548,0.0,other
1,1.7,14,0.9611577819229191,0.646428644657135,0.6523610502481461,1.4,0.8766497227975575,0.6748328357934952,1.755940318107605,0.0,other
1,1.7,14,0.9611577819229191,0.646428644657135,0.6523610502481461,1.7,0.9652044647002109,0.6956004649400711,2.726095199584961,0.0,true
1,1.7,18,0.9731140050842769,0.6192736029624939,0.6204555705189705,0.7,0.8191010798508197,0.6331726536154747,1.7802784442901611,0.0,other
1,1.7,18,0.9731140050842769,0.6192736029624939,0.6204555705189705,1.0,0.8744356715128737,0.629568986594677,1.3676602840423584,0.0,other
1,1.7,18,0.9731140050842769,0.6192736029624939,0.6204555705189705,2.0,0.9302474190823307,0.6290294602513313,1.4436662197113037,0.0,other
1,1.7,18,0.9731140050842769,0.6192736029624939,0.6204555705189705,1.4,0.9151224617674893,0.619937539100647,1.0164048671722412,0.0,other
1,1.7,18,0.9731140050842769,0.6192736029624939,0.6204555705189705,1.7,0.9703841120259438,0.6196868941187859,1.0007376670837402,0.0,true
1,1.7,22,0.9775199755383353,0.6264643669128418,0.6256107836961746,0.7,0.8439214897176197,0.6340639665722847,3.193788766860962,0.0,other
1,1.7,22,0.9775199755383353,0.6264643669128418,0.6256107836961746,1.0,0.8987250835847945,0.6079939976334572,1.9004781246185303,0.0,other
1,1.7,22,0.9775199755383353,0.6264643669128418,0.6256107836961746,2.0,0.9403990532264402,0.5646486654877663,1.2091256380081177,0.0,other
1,1.7,22,0.9775199755383353,0.6264643669128418,0.6256107836961746,1.4,0.9343786798512661,0.6171934679150581,1.0981063842773438,0.0,other
1,1.7,22,0.9775199755383353,0.6264643669128418,0.6256107836961746,1.7,0.9767121672789525,0.4816908948123455,1.8031619787216187,0.0,true
1,1.7,26,0.9793692695871872,0.6444936990737915,0.6453162208199501,0.7,0.8320815752441704,0.5962325930595398,1.2937405109405518,0.0,other
1,1.7,26,0.9793692695871872,0.6444936990737915,0.6453162208199501,1.0,0.8675531806859981,0.6459187865257263,1.0011674165725708,0.0,other
1,1.7,26,0.9793692695871872,0.6444936990737915,0.6453162208199501,2.0,0.9360725441247368,0.6450812444090843,1.0001566410064697,0.0,other
1,1.7,26,0.9793692695871872,0.6444936990737915,0.6453162208199501,1.4,0.9226441767957898,0.6462009027600288,1.0089219808578491,0.0,other
1,1.7,26,0.9793692695871872,0.6444936990737915,0.6453162208199501,1.7,0.9799023639766277,0.6460432186722755,1.002150297164917,0.0,true
1,1.7,30,0.9744919489652895,0.604552149772644,0.6103319153189659,0.7,0.7794343909581117,0.6418494954705238,1.4949653148651123,0.0,other
1,1.7,30,0.9744919489652895,0.604552149772644,0.6103319153189659,1.0,0.8430427445831697,0.5634783022105694,1.4586536884307861,0.0,other
1,1.7,30,0.9744919489652895,0.604552149772644,0.6103319153189659,2.0,0.907341626901582,0.6326223239302635,2.1503775119781494,0.0,other
1,1.7,30,0.9744919489652895,0.604552149772644,0.6103319153189659,1.4,0.9054136345324608,0.5959749445319176,1.17274808883667,0.0,other
1,1.7,30,0.9744919489652895,0.604552149772644,0.6103319153189659,1.7,0.976166583993233,0.6093448773026466,1.0641088485717773,0.0,true
1,1.7,34,0.9795154634659681,0.577654242515564,0.6210997924208641,0.7,0.7349656077585438,0.5479339212179184,1.0000147819519043,0.0,other
1,1.7,34,0.9795154634659681,0.577654242515564,0.6210997924208641,1.0,0.8357671555279792,0.6856508031487465,2.3749701976776123,0.0,other
1,1.7,34,0.9795154634659681,0.577654242515564,0.6210997924208641,2.0,0.9062144569331859,0.6107114404439926,1.1636534929275513,0.0,other
1,1.7,34,0.9795154634659681,0.577654242515564,0.6210997924208641,1.4,0.8965690855109275,0.5608431771397591,1.8117858171463013,0.0,other
1,1.7,34,0.9795154634659681,0.577654242515564,0.6210997924208641,1.7,0.9768472239581475,0.6178478673100471,1.9886704683303833,0.0,true
1,1.7,38,0.9721292584723067,0.7094597816467285,0.6759601384401321,0.7,0.7764040920280865,0.6422534435987473,1.3759182691574097,0.0,other
1,1.7,38,0.9721292584723067,0.7094597816467285,0.6759601384401321,1.0,0.8332176728274651,0.6055383905768394,1.052117943763733,0.0,other
1,1.7,38,0.9721292584723067,0.7094597816467285,0.6759601384401321,2.0,0.9138164089003858,0.6591450497508049,1.0049498081207275,0.0,other
1,1.7,38,0.9721292584723067,0.7094597816467285,0.6759601384401321,1.4,0.9009873774684857,0.7432934269309044,3.0090980529785156,0.0,other
1,1.7,38,0.9721292584723067,0.7094597816467285,0.6759601384401321,1.7,0.9735600956817128,0.7110464125871658,1.5820300579071045,0.0,true
1,1.7,42,0.9713772268819414,0.7234510183334351,0.7269069999456406,0.7,0.8040890401251652,0.734134130179882,2.5556893348693848,0.0,other
1,1.7,42,0.9713772268819414,0.7234510183334351,0.7269069999456406,1.0,0.8404846286000608,0.7832477688789368,1.699687123298645,0.0,other
1,1.7,42,0.9713772268819414,0.7234510183334351,0.7269069999456406,2.0,0.8740506318519445,0.7278063744306564,1.0039979219436646,0.0,other
1,1.7,42,0.9713772268819414,0.7234510183334351,0.7269069999456406,1.4,0.8713532060181054,0.728724367916584,1.0263010263442993,0.0,other
1,1.7,42,0.9713772268819414,0.7234510183334351,0.7269069999456406,1.7,0.9716633653090742,0.7230716347694397,1.0132230520248413,0.0,true
1,1.7,46,0.9830844937372784,0.8213641047477722,0.821370966732502,0.7,0.8420591487965576,0.8189049735665321,2.569260835647583,0.0,other
1,1.7,46,0.9830844937372784,0.8213641047477722,0.821370966732502,1.0,0.8924718863827092,0.8227347061038017,1.078258991241455,0.0,other
1,1.7,46,0.9830844937372784,0.8213641047477722,0.821370966732502,2.0,0.9329236711245225,0.821317158639431,1.0094135999679565,0.0,other
1,1.7,46,0.9830844937372784,0.8213641047477722,0.821370966732502,1.4,0.923971206768025,0.821232981979847,1.0063992738723755,0.0,other
1,1.7,46,0.9830844937372784,0.8213641047477722,0.821370966732502,1.7,0.9846734683002715,0.8213353008031845,1.0018023252487183,0.0,true
1,1.7,50,0.9828416978282887,0.8238013982772827,0.823903389275074,0.7,0.8471183566155016,0.822898268699646,1.0562819242477417,0.0,other
1,1.7,50,0.9828416978282887,0.8238013982772827,0.823903389275074,1.0,0.895437819613997,0.8572247177362442,1.1961545944213867,0.0,other
1,1.7,50,0.9828416978282887,0.8238013982772827,0.823903389275074,2.0,0.9289646787735928,0.8124571815133095,1.0481271743774414,0.0,other
1,1.7,50,0.9828416978282887,0.8238013982772827,0.823903389275074,1.4,0.9371814574474936,0.8651460632681847,1.9400135278701782,0.0,other
1,1.7,50,0.9828416978282887,0.8238013982772827,0.823903389275074,1.7,0.9814638376431849,0.8210490867495537,1.119774341583252,0.0,true
1,1.7,54,0.976446983637914,0.8150734901428223,0.8535497188568115,0.7,0.8522919391449132,0.8243357688188553,1.3173774480819702,0.0,other
1,1.7,54,0.976446983637914,0.8150734901428223,0.8535497188568115,1.0,0.887305959685123,0.8170876577496529,1.0206022262573242,0.0,other
1,1.7,54,0.976446983637914,0.8150734901428223,0.8535497188568115,2.0,0.92487187338187,0.823708713054657,1.6368038654327393,0.0,other
1,1.7,54,0.976446983637914,0.8150734901428223,0.8535497188568115,1.4,0.9242632485805093,0.8420446887612343,1.1044650077819824,0.0,other
1,1.7,54,0.976446983637914,0.8150734901428223,0.8535497188568115,1.7,0.9768852848913511,0.8535019308328629,1.0822879076004028,0.0,true
1,1.7,58,0.9774063130512803,0.8146399855613708,0.8117436841130257,0.7,0.8654749756164519,0.8163459375500679,1.055504560470581,0.0,other
1,1.7,58,0.9774063130512803,0.8146399855613708,0.8117436841130257,1.0,0.897406550191051,0.8131772130727768,1.0489468574523926,0.0,other
1,1.7,58,0.9774063130512803,0.8146399855613708,0.8117436841130257,2.0,0.9396319799999108,0.8118809312582016,1.00104820728302,0.0,other
1,1.7,58,0.9774063130512803,0.8146399855613708,0.8117436841130257,1.4,0.9310111974609865,0.8126038238406181,1.0389881134033203,0.0,other
1,1.7,58,0.9774063130512803,0.8146399855613708,0.8117436841130257,1.7,0.9783506022234226,0.8101825043559074,1.0033602714538574,0.0,true
1,1.7,62,0.9861814582366176,0.6403750777244568,0.637246735394001,0.7,0.8223017734706997,0.1675551775842905,1.072724461555481,0.0,other
1,1.7,62,0.9861814582366176,0.6403750777244568,0.637246735394001,1.0,0.8641837105064637,0.5541438013315201,1.0521185398101807,0.0,other
1,1.7,62,0.9861814582366176,0.6403750777244568,0.637246735394001,2.0,0.9427520614420778,0.6640389114618301,1.3647829294204712,0.0,other
1,1.7,62,0.9861814582366176,0.6403750777244568,0.637246735394001,1.4,0.9229197304195088,0.6515327617526054,1.222880482673645,0.0,other
1,1.7,62,0.9861814582366176,0.6403750777244568,0.637246735394001,1.7,0.98495186202148,0.6089161187410355,2.0403285026550293,0.0,true
1,1.7,66,0.9145077578183589,0.7874335646629333,0.7913824245333672,0.7,0.7592840708473201,0.7901724427938461,1.0305637121200562,0.0,other
1,1.7,66,0.9145077578183589,0.7874335646629333,0.7913824245333672,1.0,0.8201344205866338,0.7909258604049683,1.0003150701522827,0.0,other
1,1.7,66,0.9145077578183589,0.7874335646629333,0.7913824245333672,2.0,0.8981310847275293,0.7880300879478455,1.0318634510040283,0.0,other
1,1.7,66,0.9145077578183589,0.7874335646629333,0.7913824245333672,1.4,0.8697755709209728,0.788848027586937,1.0331196784973145,0.0,other
1,1.7,66,0.9145077578183589,0.7874335646629333,0.7913824245333672,1.7,0.9191689157746493,0.7906518206000328,1.0203968286514282,0.0,true
1,1.7,70,0.9323032325777597,0.445951372385025,0.5875687226653099,0.7,0.7331325731283257,0.6254349090158939,1.5069881677627563,0.0,other
1,1.7,70,0.9323032325777597,0.445951372385025,0.5875687226653099,1.0,0.771079653007002,0.4048835337162018,1.0001139640808105,0.0,other
1,1.7,70,0.9323032325777597,0.445951372385025,0.5875687226653099,2.0,0.8163513716722317,0.5141304135322571,2.105510950088501,0.0,other
1,1.7,70,0.9323032325777597,0.445951372385025,0.5875687226653099,1.4,0.804888096532068,0.45609884709119797,1.0115580558776855,0.0,other
1,1.7,70,0.9323032325777597,0.445951372385025,0.5875687226653099,1.7,0.9285605016092027,0.5821222588419914,1.0162899494171143,0.0,true
1,1.7,74,0.9701567605479771,0.5618385076522827,0.5548898279666901,0.7,0.7456570320032676,0.6065552234649658,1.0317564010620117,0.0,other
1,1.7,74,0.9701567605479771,0.5618385076522827,0.5548898279666901,1.0,0.8169137053954042,0.6925555393099785,2.1146488189697266,0.0,other
1,1.7,74,0.9701567605479771,0.5618385076522827,0.5548898279666901,2.0,0.8386926400742779,0.5711766853928566,1.7411621809005737,0.0,other
1,1.7,74,0.9701567605479771,0.5618385076522827,0.5548898279666901,1.4,0.8707014719963041,0.6617895439267159,1.0918315649032593,0.0,other
1,1.7,74,0.9701567605479771,0.5618385076522827,0.5548898279666901,1.7,0.9676865299588437,0.6651361882686615,1.0147120952606201,0.0,true
1,1.7,78,0.9676932818050792,0.7060094475746155,0.6973271146416664,0.7,0.7718262482479558,0.3080046344548464,1.0420202016830444,0.0,other
1,1.7,78,0.9676932818050792,0.7060094475746155,0.6973271146416664,1.0,0.8166381043437312,0.7289054542779922,1.7107856273651123,0.0,other
1,1.7,78,0.9676932818050792,0.7060094475746155,0.6973271146416664,2.0,0.6582934487487949,0.6334983631968498,2.1510987281799316,0.0,other
1,1.7,78,0.9676932818050792,0.7060094475746155,0.6973271146416664,1.4,0.8820183998143057,0.754813477396965,2.8124070167541504,0.0,other
1,1.7,78,0.9676932818050792,0.7060094475746155,0.6973271146416664,1.7,0.9720429507552764,0.7246264070272446,1.3705023527145386,0.0,true
1,1.7,82,0.975892263496322,0.4550749659538269,0.5760487765073776,0.7,0.6897335957866122,0.5130083747208118,1.012168526649475,0.0,other
1,1.7,82,0.975892263496322,0.4550749659538269,0.5760487765073776,1.0,0.7930482950487449,0.5978922992944717,1.4734055995941162,0.0,other
1,1.7,82,0.975892263496322,0.4550749659538269,0.5760487765073776,2.0,0.8835575415468879,0.5180718898773193,1.1417189836502075,0.0,other
1,1.7,82,0.975892263496322,0.4550749659538269,0.5760487765073776,1.4,0.886851279048227,0.721738301217556,1.4777072668075562,0.0,other
1,1.7,82,0.975892263496322,0.4550749659538269,0.5760487765073776,1.7,0.9723017748656396,0.6314456313848495,2.2593657970428467,0.0,true
1,1.7,86,0.9536200878588902,0.7397304177284241,0.7273803800344467,0.7,0.6266756407795595,0.2211549561470747,1.126050353050232,0.0,other
1,1.7,86,0.9536200878588902,0.7397304177284241,0.7273803800344467,1.0,0.6993440881334144,0.2421145085245371,1.215379238128662,0.0,other
1,1.7,86,0.9536200878588902,0.7397304177284241,0.7273803800344467,2.0,0.7176212328255009,0.22832602076232433,2.3188796043395996,0.0,other
1,1.7,86,0.9536200878588902,0.7397304177284241,0.7273803800344467,1.4,0.7857051504526301,0.4662320241332054,1.3448529243469238,0.0,other
1,1.7,86,0.9536200878588902,0.7397304177284241,0.7273803800344467,1.7,0.9538847456076136,0.7147578448057175,1.0,0.0,true
1,2.0,10,0.9821306966552693,0.7578680515289307,0.7583479732275009,0.7,0.8028665790272472,0.7463613823056221,2.00839900970459,0.0,other
1,2.0,10,0.9821306966552693,0.7578680515289307,0.7583479732275009,1.0,0.8524398195059459,0.7586050257086754,1.0242489576339722,0.0,other
1,2.0,10,0.9821306966552693,0.7578680515289307,0.7583479732275009,2.0,0.9825104257802736,0.7592071890830994,1.0091630220413208,0.0,true
1,2.0,10,0.9821306966552693,0.7578680515289307,0.7583479732275009,1.4,0.8974369124513447,0.7593116909265518,1.0017389059066772,0.0,other
1,2.0,14,0.9734315952197088,0.5902003645896912,0.6931046694517136,0.7,0.7792856052811308,0.7330031022429466,2.0217676162719727,0.0,other
1,2.0,14,0.9734315952197088,0.5902003645896912,0.6931046694517136,1.0,0.8161855844686285,0.6097645983099937,1.6968858242034912,0.0,other
1,2.0,14,0.9734315952197088,0.5902003645896912,0.6931046694517136,2.0,0.977326546207103,0.6924948990345001,1.016757845878601,0.0,true
1,2.0,14,0.9734315952197088,0.5902003645896912,0.6931046694517136,1.4,0.8554668082437598,0.6993295103311539,3.110382556915283,0.0,other
1,2.0,18,0.9622638966695535,0.7084258794784546,0.7156320735812187,0.7,0.7821423402180125,0.7090502455830574,1.0319970846176147,0.0,other
1,2.0,18,0.9622638966695535,0.7084258794784546,0.7156320735812187,1.0,0.8288920090592974,0.7235909402370453,1.1411975622177124,0.0,other
1,2.0,18,0.9622638966695535,0.7084258794784546,0.7156320735812187,2.0,0.9665726216833912,0.7273472771048546,1.1640827655792236,0.0,true
1,2.0,18,0.9622638966695535,0.7084258794784546,0.7156320735812187,1.4,0.8626977731738565,0.7369124069809914,1.7923200130462646,0.0,other
1,2.0,22,0.977072785728315,0.7713161706924438,0.7706780582666397,0.7,0.7665855960187302,0.7713142856955528,1.0250308513641357,0.0,other
1,2.0,22,0.977072785728315,0.7713161706924438,0.7706780582666397,1.0,0.7983536473770668,0.770943745970726,1.0021973848342896,0.0,other
1,2.0,22,0.977072785728315,0.7713161706924438,0.7706780582666397,2.0,0.9798999088825305,0.7715081945061684,1.0001487731933594,0.0,true
1,2.0,22,0.977072785728315,0.7713161706924438,0.7706780582666397,1.4,0.8646593668535515,0.7646395415067673,1.866737723350525,0.0,other
1,2.0,26,0.9742138258624078,0.7569276690483093,0.7544949054718018,0.7,0.7761346398711746,0.7458009123802185,3.143768787384033,0.0,other
1,2.0,26,0.9742138258624078,0.7569276690483093,0.7544949054718018,1.0,0.825352349246063,0.7509429678320885,1.0735838413238525,0.0,other
1,2.0,26,0.9742138258624078,0.7569276690483093,0.7544949054718018,2.0,0.9722936381816235,0.7470272853970528,1.311498999595642,0.0,true
1,2.0,26,0.9742138258624078,0.7569276690483093,0.7544949054718018,1.4,0.8805765160764026,0.6081520095467567,1.0099551677703857,0.0,other
1,2.0,30,0.9662919444456844,0.7102382183074951,0.7012471109628677,0.7,0.7520572963164661,0.7047239989042282,2.1036415100097656,0.0,other
1,2.0,30,0.9662919444456844,0.7102382183074951,0.7012471109628677,1.0,0.793814631747045,0.7073087468743324,1.98032808303833,0.0,other
1,2.0,30,0.9662919444456844,0.7102382183074951,0.7012471109628677,2.0,0.9676766230961862,0.7089939564466476,1.002119779586792,0.0,true
1,2.0,30,0.9662919444456844,0.7102382183074951,0.7012471109628677,1.4,0.8405179383682106,0.6796995922923088,2.905097484588623,0.0,other
1,2.0,34,0.9828160891801772,0.7561194896697998,0.7542060613632202,0.7,0.7478379925253545,0.7524646520614624,1.0523556470870972,0.0,other
1,2.0,34,0.9828160891801772,0.7561194896697998,0.7542060613632202,1.0,0.7972671775680286,0.7503134608268738,1.0815986394882202,0.0,other
1,2.0,34,0.9828160891801772,0.7561194896697998,0.7542060613632202,2.0,0.9829064199036712,0.7527769133448601,1.0314732789993286,0.0,true
1,2.0,34,0.9828160891801772,0.7561194896697998,0.7542060613632202,1.4,0.8532104930721709,0.752232700586319,1.0198686122894287,0.0,other
1,2.0,38,0.9859054522987442,0.7556543946266174,0.7751665189862251,0.7,0.8011815237987895,0.7816957980394363,3.138800621032715,0.0,other
1,2.0,38,0.9859054522987442,0.7556543946266174,0.7751665189862251,1.0,0.841608524644681,0.8020793870091438,1.4207923412322998,0.0,other
1,2.0,38,0.9859054522987442,0.7556543946266174,0.7751665189862251,2.0,0.9861260874950899,0.7681335583329201,3.0224926471710205,0.0,true
1,2.0,38,0.9859054522987442,0.7556543946266174,0.7751665189862251,1.4,0.8914997723458201,0.7913175448775291,1.1001248359680176,0.0,other
1,2.0,42,0.9770783222444918,0.765594482421875,0.7876215949654579,0.7,0.786500284288737,0.7723704650998116,1.1127012968063354,0.0,other
1,2.0,42,0.9770783222444918,0.765594482421875,0.7876215949654579,1.0,0.851135804645931,0.7761236503720284,1.4278738498687744,0.0,other
1,2.0,42,0.9770783222444918,0.765594482421875,0.7876215949654579,2.0,0.9760147740867051,0.7823770418763161,1.3947889804840088,0.0,true
1,2.0,42,0.9770783222444918,0.765594482421875,0.7876215949654579,1.4,0.9007436703210372,0.7793111205101013,1.216339349746704,0.0,other
1,2.0,46,0.9730659075590118,0.7871110439300537,0.7877683714032173,0.7,0.8031473636753206,0.8155079931020737,1.7333600521087646,0.0,other
1,2.0,46,0.9730659075590118,0.7871110439300537,0.7877683714032173,1.0,0.8478581173222514,0.7906161919236183,1.0249654054641724,0.0,other
1,2.0,46,0.9730659075590118,0.7871110439300537,0.7877683714032173,2.0,0.969265335410492,0.7879065051674843,1.0069526433944702,0.0,true
1,2.0,46,0.9730659075590118,0.7871110439300537,0.7877683714032173,1.4,0.8977940226270401,0.7888121008872986,1.0220056772232056,0.0,other
1,2.0,50,0.9678189502017642,0.8013020753860474,0.8276531398296356,0.7,0.7792779331120774,0.8174463883042336,2.593121290206909,0.0,other
1,2.0,50,0.9678189502017642,0.8013020753860474,0.8276531398296356,1.0,0.8360672768319467,0.8082434386014938,2.8874192237854004,0.0,other
1,2.0,50,0.9678189502017642,0.8013020753860474,0.8276531398296356,2.0,0.9633710046133451,0.8002461194992065,1.2209089994430542,0.0,true
1,2.0,50,0.9678189502017642,0.8013020753860474,0.8276531398296356,1.4,0.8747993895185339,0.8050994351506233,1.2843788862228394,0.0,other
1,2.0,54,0.9775656347087813,0.784207284450531,0.7870546728372574,0.7,0.7686057967003537,0.7980944588780403,2.294551134109497,0.0,other
1,2.0,54,0.9775656347087813,0.784207284450531,0.7870546728372574,1.0,0.7929849299070637,0.7446746230125427,1.4387364387512207,0.0,other
1,2.0,54,0.9775656347087813,0.784207284450531,0.7870546728372574,2.0,0.9768640915705462,0.7864566445350647,1.1740154027938843,0.0,true
1,2.0,54,0.9775656347087813,0.784207284450531,0.7870546728372574,1.4,0.8588770064814486,0.7860059812664986,2.0625956058502197,0.0,other
1,2.0,58,0.9764982923146629,0.7917865514755249,0.7927703335881233,0.7,0.7397192237215656,0.7940705940127373,1.9895045757293701,0.0,other
1,2.0,58,0.9764982923146629,0.7917865514755249,0.7927703335881233,1.0,0.8081861709013322,0.7442322745919228,1.6435422897338867,0.0,other
1,2.0,58,0.9764982923146629,0.7917865514755249,0.7927703335881233,2.0,0.9781918231975146,0.7828022390604019,1.5755019187927246,0.0,true
1,2.0,58,0.9764982923146629,0.7917865514755249,0.7927703335881233,1.4,0.865114279050459,0.7683950290083885,1.0239057540893555,0.0,other
1,2.0,62,0.9759365416763384,0.5351735353469849,0.6120625361800194,0.7,0.6829858645167483,0.6018910482525826,1.0545021295547485,0.0,other
1,2.0,62,0.9759365416763384,0.5351735353469849,0.6120625361800194,1.0,0.8055091934904298,0.7975984588265419,1.6987196207046509,0.0,other
1,2.0,62,0.9759365416763384,0.5351735353469849,0.6120625361800194,2.0,0.9374400817546336,0.8004880174994469,1.0004392862319946,0.0,true
1,2.0,62,0.9759365416763384,0.5351735353469849,0.6120625361800194,1.4,0.864408180038746,0.7738239616155624,1.6055998802185059,0.0,other
1,2.0,66,0.9774733050365141,0.8284972906112671,0.8306658938527107,0.7,0.7693359584240975,0.8301521241664886,1.0173182487487793,0.0,other
1,2.0,66,0.9774733050365141,0.8284972906112671,0.8306658938527107,1.0,0.8255120461423777,0.8283573687076569,1.0210671424865723,0.0,other
1,2.0,66,0.9774733050365141,0.8284972906112671,0.8306658938527107,2.0,0.9772786774519696,0.8316901847720146,1.0357565879821777,0.0,true
1,2.0,66,0.9774733050365141,0.8284972906112671,0.8306658938527107,1.4,0.886587996710174,0.8301719054579735,1.025878667831421,0.0,other
1,2.0,70,0.9682292898863517,0.8671045303344727,0.8668636456131935,0.7,0.7404851628620149,0.7281011044979095,1.2805850505828857,0.0,other
1,2.0,70,0.9682292898863517,0.8671045303344727,0.8668636456131935,1.0,0.7941263631351999,0.86692975461483,1.0052746534347534,0.0,other
1,2.0,70,0.9682292898863517,0.8671045303344727,0.8668636456131935,2.0,0.9694134989443097,0.8669498488306999,1.0027210712432861,0.0,true
1,2.0,70,0.9682292898863517,0.8671045303344727,0.8668636456131935,1.4,0.8382225286130058,0.8666281998157501,1.0671175718307495,0.0,other
1,2.0,74,0.9730781676851589,0.8471801280975342,0.8503521308302879,0.7,0.7454175738425348,0.8659783899784088,3.293515205383301,0.0,other
1,2.0,74,0.9730781676851589,0.8471801280975342,0.8503521308302879,1.0,0.8083981078786474,0.8575738742947578,2.128329277038574,0.0,other
1,2.0,74,0.9730781676851589,0.8471801280975342,0.8503521308302879,2.0,0.9742053376535552,0.8489560857415199,1.0135279893875122,0.0,true
1,2.0,74,0.9730781676851589,0.8471801280975342,0.8503521308302879,1.4,0.8680873198853696,0.8557512238621712,1.796608567237854,0.0,other
1,2.0,78,0.981038755892226,0.7907025814056396,0.7478794157505035,0.7,0.7832181164183303,0.7961759716272354,2.6653380393981934,0.0,other
1,2.0,78,0.981038755892226,0.7907025814056396,0.7478794157505035,1.0,0.8386332463262867,0.630619466304779,1.0649701356887817,0.0,other
1,2.0,78,0.981038755892226,0.7907025814056396,0.7478794157505035,2.0,0.9796765608818699,0.7469037920236588,1.4432541131973267,0.0,true
1,2.0,78,0.981038755892226,0.7907025814056396,0.7478794157505035,1.4,0.890950832834875,0.6907293051481247,1.0014125108718872,0.0,other
1,2.0,82,0.9601103634543623,0.7818843722343445,0.7826690524816513,0.7,0.7235076347846661,0.8183645755052567,3.6795711517333984,0.0,other
1,2.0,82,0.9601103634543623,0.7818843722343445,0.7826690524816513,1.0,0.7886203752164949,0.7835333943367004,1.0201836824417114,0.0,other
1,2.0,82,0.9601103634543623,0.7818843722343445,0.7826690524816513,2.0,0.9583497457303682,0.7827624008059502,1.000140905380249,0.0,true
1,2.0,82,0.9601103634543623,0.7818843722343445,0.7826690524816513,1.4,0.8588166739389531,0.7651411890983582,2.140897512435913,0.0,other
1,2.0,86,0.9763655372861838,0.8043076992034912,0.8047179356217384,0.7,0.7310962999500055,0.7878527119755745,2.8271892070770264,0.0,other
1,2.0,86,0.9763655372861838,0.8043076992034912,0.8047179356217384,1.0,0.7946479799597366,0.764441154897213,1.1347402334213257,0.0,other
1,2.0,86,0.9763655372861838,0.8043076992034912,0.8047179356217384,2.0,0.9768512888128059,0.7992632985115051,1.0088638067245483,0.0,true
1,2.0,86,0.9763655372861838,0.8043076992034912,0.8047179356217384,1.4,0.8636619109448096,0.773289367556572,1.2632192373275757,0.0,other
2,0.5,10,0.9314312831868689,0.6923860311508179,0.6939283832907677,0.7,0.4604587496041459,0.7002782896161079,2.4396188259124756,0.0,other
2,0.5,10,0.9314312831868689,0.6923860311508179,0.6939283832907677,1.0,0.44434455942671536,0.6472776755690575,1.5966829061508179,0.0,other
2,0.5,10,0.9314312831868689,0.6923860311508179,0.6939283832907677,2.0,0.4003755823182314,0.6934467926621437,1.721824049949646,0.0,other
2,0.5,10,0.9314312831868689,0.6923860311508179,0.6939283832907677,1.4,0.4274694328399958,0.6984154656529427,1.136853575706482,0.0,other
2,0.5,10,0.9314312831868689,0.6923860311508179,0.6939283832907677,0.5,0.929114663400191,0.6936492174863815,55.08641052246094,0.0009760858955587537,true
2,0.5,14,0.8301103321097358,0.631994366645813,0.658704474568367,0.7,0.5438888081225157,0.6682492420077324,2.4620864391326904,0.0,other
2,0.5,14,0.8301103321097358,0.631994366645813,0.658704474568367,1.0,0.5509079369656723,0.6714995801448822,2.58434796333313,0.0,other
2,0.5,14,0.8301103321097358,0.631994366645813,0.658704474568367,2.0,0.5260452410083933,0.6383759006857872,2.0645291805267334,0.0,other
2,0.5,14,0.8301103321097358,0.631994366645813,0.658704474568367,1.4,0.5340449299039006,0.6460051536560059,3.1497373580932617,0.0,other
2,0.5,14,0.8301103321097358,0.631994366645813,0.658704474568367,0.5,0.8962828613186951,0.663813553750515,16.537837982177734,0.0019521717911176184,true
2,0.5,18,0.9112833701071111,0.5701594352722168,0.5991966277360916,0.7,0.6580003829034193,0.5535005368292332,1.6593451499938965,0.0,other
2,0.5,18,0.9112833701071111,0.5701594352722168,0.5991966277360916,1.0,0.6447956741483051,0.285914683714509,1.0409573316574097,0.0,other
2,0.5,18,0.9112833701071111,0.5701594352722168,0.5991966277360916,2.0,0.628824742881984,0.6010709777474403,1.2777951955795288,0.0,other
2,0.5,18,0.9112833701071111,0.5701594352722168,0.5991966277360916,1.4,0.6337203968522948,0.5428363978862762,1.5681232213974,0.0,other
2,0.5,18,0.9112833701071111,0.5701594352722168,0.5991966277360916,0.5,0.9153082374281395,0.6033715829253197,15.485186576843262,0.0019521717911176184,true
2,0.5,22,0.9012572819701855,0.44537436962127686,0.4568658880889416,0.7,0.6114206694979344,0.3315570820122957,2.580197334289551,0.0,other
2,0.5,22,0.9012572819701855,0.44537436962127686,0.4568658880889416,1.0,0.602036555788148,0.22357499180361629,1.1724307537078857,0.0,other
2,0.5,22,0.9012572819701855,0.44537436962127686,0.4568658880889416,2.0,0.580881450287987,0.43915050849318504,2.4658491611480713,0.0,other
2,0.5,22,0.9012572819701855,0.44537436962127686,0.4568658880889416,1.4,0.6084292395623719,0.4850531369447708,1.0040779113769531,0.0,other
2,0.5,22,0.9012572819701855,0.44537436962127686,0.4568658880889416,0.5,0.9015527528291823,0.43470775708556175,17.92287826538086,0.0009760858955587537,true
2,0.5,26,0.8643548407357553,0.17494560778141022,0.24146920628845692,0.7,0.6402589233092791,0.18478479597251862,2.231602191925049,0.0,other
2,0.5,26,0.8643548407357553,0.17494560778141022,0.24146920628845692,1.0,0.6404307814783231,0.267642293125391,1.8450802564620972,0.0,other
2,0.5,26,0.8643548407357553,0.17494560778141022,0.24146920628845692,2.0,0.616203929528786,-0.6406619772315025,1.0037375688552856,0.0,other
2,0.5,26,0.8643548407357553,0.17494560778141022,0.24146920628845692,1.4,0.6403833035734722,0.035876987501978874,1.3083573579788208,0.0,other
2,0.5,26,0.8643548407357553,0.17494560778141022,0.24146920628845692,0.5,0.8966171583477339,0.17743578180670738,13.198067665100098,0.00048804294777937685,true
2,0.5,30,0.9348681880139548,-0.03533126786351204,-0.029889298602938652,0.7,0.7025221785894953,-0.18452210538089275,1.0929197072982788,0.0,other
2,0.5,30,0.9348681880139548,-0.03533126786351204,-0.029889298602938652,1.0,0.6756995987464397,0.108399273827672,1.0172531604766846,0.0,other
2,0.5,30,0.9348681880139548,-0.03533126786351204,-0.029889298602938652,2.0,0.5950115141684907,-0.33575727697461843,1.9061933755874634,0.0,other
2,0.5,30,0.9348681880139548,-0.03533126786351204,-0.029889298602938652,1.4,0.6320741784240257,0.1013565210159868,1.0116218328475952,0.0,other
2,0.5,30,0.9348681880139548,-0.03533126786351204,-0.029889298602938652,0.5,0.94004121503114,-0.019571440294384956,2.9281814098358154,0.0014641288433382416,true
2,0.5,34,0.9391183422311897,-0.1328502744436264,0.07216785231139511,0.7,0.6719655567037461,-0.29185111448168755,1.0397851467132568,0.0,other
2,0.5,34,0.9391183422311897,-0.1328502744436264,0.07216785231139511,1.0,0.6722004687555798,0.08906199969351292,1.2210149765014648,0.0,other
2,0.5,34,0.9391183422311897,-0.1328502744436264,0.07216785231139511,2.0,0.61665293067674,0.17832806333899498,1.8175898790359497,0.0,other
2,0.5,34,0.9391183422311897,-0.1328502744436264,0.07216785231139511,1.4,0.6445525284121345,0.058547559194266796,2.409231662750244,0.0,other
2,0.5,34,0.9391183422311897,-0.1328502744436264,0.07216785231139511,0.5,0.9379453847578831,0.07677905332820956,1.2845979928970337,0.0,true
2,0.5,38,0.94493901286904,-0.45213204622268677,-0.11713144648820162,0.7,0.6599972205699958,-0.3947107270359993,2.2762575149536133,0.0,other
2,0.5,38,0.94493901286904,-0.45213204622268677,-0.11713144648820162,1.0,0.6267525359088008,-0.17921648919582367,1.6673930883407593,0.0,other
2,0.5,38,0.94493901286904,-0.45213204622268677,-0.11713144648820162,2.0,0.6011258073760936,-0.6411673650145531,5.896185398101807,0.0,other
2,0.5,38,0.94493901286904,-0.45213204622268677,-0.11713144648820162,1.4,0.6020570622066731,-0.174126036465168,1.2681856155395508,0.0,other
2,0.5,38,0.94493901286904,-0.45213204622268677,-0.11713144648820162,0.5,0.938616037651928,-0.15659224428236485,8.581941604614258,0.0,true
2,0.5,42,0.9538512489935917,-0.4417980909347534,-0.6517818942666054,0.7,0.6453452966808589,-0.8508861511945724,1.7743401527404785,0.0,other
2,0.5,42,0.9538512489935917,-0.4417980909347534,-0.6517818942666054,1.0,0.6297916235578099,-0.6852902695536613,1.0612401962280273,0.0,other
2,0.5,42,0.9538512489935917,-0.4417980909347534,-0.6517818942666054,2.0,0.6036125438911533,-0.3959216792136431,3.9539759159088135,0.0,other
2,0.5,42,0.9538512489935917,-0.4417980909347534,-0.6517818942666054,1.4,0.6323331396811117,-0.4812740944325924,2.2907538414001465,0.0,other
2,0.5,42,0.9538512489935917,-0.4417980909347534,-0.6517818942666054,0.5,0.9571131381737381,-0.22698180004954338,20.631935119628906,0.0,true
2,0.5,46,0.9319939432576761,-0.5460799932479858,-0.501643743366003,0.7,0.6017119828968008,-0.7584377229213715,1.616808533668518,0.0,other
2,0.5,46,0.9319939432576761,-0.5460799932479858,-0.501643743366003,1.0,0.589268671677243,-1.6464185267686844,1.8879754543304443,0.0,other
2,0.5,46,0.9319939432576761,-0.5460799932479858,-0.501643743366003,2.0,0.5120368460951678,-0.6620143055915833,1.0151020288467407,0.0,other
2,0.5,46,0.9319939432576761,-0.5460799932479858,-0.501643743366003,1.4,0.5740441367545157,-0.5998728051781654,1.038500189781189,0.0,other
2,0.5,46,0.9319939432576761,-0.5460799932479858,-0.501643743366003,0.5,0.9328925505471349,-0.661152221262455,8.605073928833008,0.0,true
2,0.5,50,0.9052456830014318,-0.8227664828300476,-1.1278069913387299,0.7,0.6184064063723922,-0.8435203582048416,2.4775538444519043,0.0,other
2,0.5,50,0.9052456830014318,-0.8227664828300476,-1.1278069913387299,1.0,0.6051427008761606,-0.7787919119000435,2.457078456878662,0.0,other
2,0.5,50,0.9052456830014318,-0.8227664828300476,-1.1278069913387299,2.0,0.5696721069445266,-1.4028604179620743,3.18241024017334,0.0,other
2,0.5,50,0.9052456830014318,-0.8227664828300476,-1.1278069913387299,1.4,0.5977383000535865,-0.8379073441028595,1.485384464263916,0.0,other
2,0.5,50,0.9052456830014318,-0.8227664828300476,-1.1278069913387299,0.5,0.9212685754270964,-0.6869919672608376,16.88392448425293,0.0024402147388969953,true
2,0.5,54,0.8677075861566779,-0.8341840505599976,-0.8727995008230209,0.7,0.6229859555262546,-0.9424608498811722,2.608476400375366,0.0,other
2,0.5,54,0.8677075861566779,-0.8341840505599976,-0.8727995008230209,1.0,0.5998282468584739,-1.0724498853087425,1.0005437135696411,0.0,other
2,0.5,54,0.8677075861566779,-0.8341840505599976,-0.8727995008230209,2.0,0.5427938233630288,-0.8751198947429657,2.7048115730285645,0.0,other
2,0.5,54,0.8677075861566779,-0.8341840505599976,-0.8727995008230209,1.4,0.5647708077177831,-0.9962416216731071,4.617204189300537,0.0,other
2,0.5,54,0.8677075861566779,-0.8341840505599976,-0.8727995008230209,0.5,0.87554115278895,-0.9771496132016182,2.132056951522827,0.0009760858955587537,true
2,0.5,58,0.6991822495508232,-1.3225464820861816,-0.9739282578229904,0.7,0.6972514024366709,-0.7781585454940796,2.544004440307617,0.0,other
2,0.5,58,0.6991822495508232,-1.3225464820861816,-0.9739282578229904,1.0,0.6682467184976019,-1.1090200394392014,1.014991044998169,0.0,other
2,0.5,58,0.6991822495508232,-1.3225464820861816,-0.9739282578229904,2.0,0.643159994855462,-1.2044957727193832,1.0871480703353882,0.0,other
2,0.5,58,0.6991822495508232,-1.3225464820861816,-0.9739282578229904,1.4,0.6603997746406355,-1.0561480447649956,1.0013880729675293,0.0,other
2,0.5,58,0.6991822495508232,-1.3225464820861816,-0.9739282578229904,0.5,0.7002569702353321,-0.9290707111358643,1.3325257301330566,0.0,true
2,0.5,62,0.9194729256220346,-0.5802355408668518,-0.7237091884016991,0.7,0.6222833961900957,-0.582654133439064,1.0598487854003906,0.0,other
2,0.5,62,0.9194729256220346,-0.5802355408668518,-0.7237091884016991,1.0,0.6109151166289244,-0.6795285567641258,1.0259705781936646,0.0,other
2,0.5,62,0.9194729256220346,-0.5802355408668518,-0.7237091884016991,2.0,0.5483124277380815,-0.6393958330154419,1.2200334072113037,0.0,other
2,0.5,62,0.9194729256220346,-0.5802355408668518,-0.7237091884016991,1.4,0.5795148576487535,-0.612607017159462,1.0000011920928955,0.0,other
2,0.5,62,0.9194729256220346,-0.5802355408668518,-0.7237091884016991,0.5,0.9206932853073738,-0.5893199592828751,4.007892608642578,0.00048804294777937685,true
2,0.5,66,0.8968583861428807,-1.0266557931900024,-0.6947717741131783,0.7,0.6142982832685,-0.9655882120132446,1.9624714851379395,0.0,other
2,0.5,66,0.8968583861428807,-1.0266557931900024,-0.6947717741131783,1.0,0.5456768703116875,-1.064172938466072,1.3264912366867065,0.0,other
2,0.5,66,0.8968583861428807,-1.0266557931900024,-0.6947717741131783,2.0,0.47304691974578184,-0.9240814596414566,1.6142524480819702,0.0,other
2,0.5,66,0.8968583861428807,-1.0266557931900024,-0.6947717741131783,1.4,0.5371906207886126,-0.9723299220204353,1.1419718265533447,0.0,other
2,0.5,66,0.8968583861428807,-1.0266557931900024,-0.6947717741131783,0.5,0.8989482192040668,-0.8160711899399757,6.41342306137085,0.0009760858955587537,true
2,0.7,10,0.9710282687346001,0.6909468770027161,0.6642768085002899,0.7,0.9692162028398744,0.7118904069066048,2.4119930267333984,0.0,true
2,0.7,10,0.9710282687346001,0.6909468770027161,0.6642768085002899,1.0,0.8693014141342,0.6984141245484352,1.241425633430481,0.0,other
2,0.7,10,0.9710282687346001,0.6909468770027161,0.6642768085002899,2.0,0.8186571820987931,0.34597649052739143,1.0452766418457031,0.0,other
2,0.7,10,0.9710282687346001,0.6909468770027161,0.6642768085002899,1.4,0.8636811513498556,0.6511949300765991,1.0409029722213745,0.0,other
2,0.7,14,0.9626647061252367,0.5198098421096802,0.7076940760016441,0.7,0.965096667935132,0.6235026344656944,3.3469362258911133,0.0,true
2,0.7,14,0.9626647061252367,0.5198098421096802,0.7076940760016441,1.0,0.867018088742724,0.3075327631086111,1.0331878662109375,0.0,other
2,0.7,14,0.9626647061252367,0.5198098421096802,0.7076940760016441,2.0,0.8205995242139237,0.6576468124985695,2.077836513519287,0.0,other
2,0.7,14,0.9626647061252367,0.5198098421096802,0.7076940760016441,1.4,0.8455197224962506,0.5993672311306,1.3479666709899902,0.0,other
2,0.7,18,0.9420338641172376,0.6813235878944397,0.535123735666275,0.7,0.9483516428485342,0.2951107919216156,1.3208099603652954,0.0,true
2,0.7,18,0.9420338641172376,0.6813235878944397,0.535123735666275,1.0,0.8467993286991573,0.5314079411327839,1.0030148029327393,0.0,other
2,0.7,18,0.9420338641172376,0.6813235878944397,0.535123735666275,2.0,0.745514272466343,0.35302964970469475,1.010738730430603,0.0,other
2,0.7,18,0.9420338641172376,0.6813235878944397,0.535123735666275,1.4,0.7874107196661966,0.3520655296742916,1.0030065774917603,0.0,other
2,1.0,10,0.9703263880209264,0.7296682596206665,0.7827693074941635,0.7,0.8724340291107204,0.7836460918188095,1.8516552448272705,0.0,other
2,1.0,10,0.9703263880209264,0.7296682596206665,0.7827693074941635,1.0,0.9710204124334894,0.7689583748579025,1.166284441947937,0.0,true
2,1.0,10,0.9703263880209264,0.7296682596206665,0.7827693074941635,2.0,0.8446595760945257,0.7379589676856995,1.0002728700637817,0.0,other
2,1.0,10,0.9703263880209264,0.7296682596206665,0.7827693074941635,1.4,0.9088046760614936,0.736781470477581,1.0016777515411377,0.0,other
2,1.0,14,0.9572740975008796,0.6306353807449341,0.6988931074738503,0.7,0.860300846672678,0.7150205820798874,2.2107315063476562,0.0,other
2,1.0,14,0.9572740975008796,0.6306353807449341,0.6988931074738503,1.0,0.9555760724855373,0.6342048346996307,1.1782974004745483,0.0,true
2,1.0,14,0.9572740975008796,0.6306353807449341,0.6988931074738503,2.0,0.8305350294606183,0.6608092784881592,1.0037462711334229,0.0,other
2,1.0,14,0.9572740975008796,0.6306353807449341,0.6988931074738503,1.4,0.875288885063654,0.7092006504535675,2.3801636695861816,0.0,other
2,1.0,18,0.9694113995598687,0.7203584909439087,0.6862767413258553,0.7,0.8626009755093206,0.7210849076509476,1.0013140439987183,0.0,other
2,1.0,18,0.9694113995598687,0.7203584909439087,0.6862767413258553,1.0,0.9680730998687643,0.7236791476607323,1.6379594802856445,0.0,true
2,1.0,18,0.9694113995598687,0.7203584909439087,0.6862767413258553,2.0,0.846608581837214,0.7289557829499245,1.0521541833877563,0.0,other
2,1.0,18,0.9694113995598687,0.7203584909439087,0.6862767413258553,1.4,0.882842625120523,0.7294720262289047,1.0622621774673462,0.0,other
2,1.0,22,0.9734768972855588,0.6241452693939209,0.7733904719352722,0.7,0.8303212072144057,0.7611536979675293,1.4615951776504517,0.0,other
2,1.0,22,0.9734768972855588,0.6241452693939209,0.7733904719352722,1.0,0.9744764846623577,0.6750521883368492,1.004424810409546,0.0,true
2,1.0,22,0.9734768972855588,0.6241452693939209,0.7733904719352722,2.0,0.84094649596695,0.6011239811778069,1.004988193511963,0.0,other
2,1.0,22,0.9734768972855588,0.6241452693939209,0.7733904719352722,1.4,0.8753146454174553,0.672946035861969,1.028488039970398,0.0,other
2,1.0,26,0.9731086568849768,0.7518512606620789,0.7814728319644928,0.7,0.8663106338494984,0.7501961588859558,1.1337547302246094,0.0,other
2,1.0,26,0.9731086568849768,0.7518512606620789,0.7814728319644928,1.0,0.9747580700058923,0.8016476631164551,2.566243886947632,0.0,true
2,1.0,26,0.9731086568849768,0.7518512606620789,0.7814728319644928,2.0,0.8416732024247403,0.7519463524222374,1.0005470514297485,0.0,other
2,1.0,26,0.9731086568849768,0.7518512606620789,0.7814728319644928,1.4,0.8828684914897513,0.7523334920406342,1.0270243883132935,0.0,other
2,1.0,30,0.9667974232113524,0.8111045360565186,0.8102690726518631,0.7,0.851769216133093,0.8073612079024315,1.0358338356018066,0.0,other
2,1.0,30,0.9667974232113524,0.8111045360565186,0.8102690726518631,1.0,0.9703691317671324,0.8140664547681808,1.437656044960022,0.0,true
2,1.0,30,0.9667974232113524,0.8111045360565186,0.8102690726518631,2.0,0.8305153033268758,0.8061680272221565,1.0349756479263306,0.0,other
2,1.0,30,0.9667974232113524,0.8111045360565186,0.8102690726518631,1.4,0.8642994946969969,0.8195910677313805,2.701878309249878,0.0,other
2,1.0,34,0.9711920737287077,0.8097041845321655,0.8038430064916611,0.7,0.8699862305489592,0.8011761978268623,2.0105082988739014,0.0,other
2,1.0,34,0.9711920737287077,0.8097041845321655,0.8038430064916611,1.0,0.9738094927887191,0.8054459616541862,1.3226532936096191,0.0,true
2,1.0,34,0.9711920737287077,0.8097041845321655,0.8038430064916611,2.0,0.8348466751888192,0.811169944703579,1.1311677694320679,0.0,other
2,1.0,34,0.9711920737287077,0.8097041845321655,0.8038430064916611,1.4,0.8897643793187339,0.81280567497015,1.2472891807556152,0.0,other
2,1.0,38,0.9714009199349178,0.7907747030258179,0.7877302095293999,0.7,0.8421355022229762,0.7654269710183144,1.0633842945098877,0.0,other
2,1.0,38,0.9714009199349178,0.7907747030258179,0.7877302095293999,1.0,0.969036916803557,0.8001502603292465,1.345421552658081,0.0,true
2,1.0,38,0.9714009199349178,0.7907747030258179,0.7877302095293999,2.0,0.8492925869549692,0.7836682125926018,1.1422147750854492,0.0,other
2,1.0,38,0.9714009199349178,0.7907747030258179,0.7877302095293999,1.4,0.8871007012641504,0.7919913083314896,1.04466712474823,0.0,other
2,1.0,42,0.9758325837856661,0.8132785558700562,0.8089752271771431,0.7,0.8345041797977004,0.7575238645076752,2.11580491065979,0.0,other
2,1.0,42,0.9758325837856661,0.8132785558700562,0.8089752271771431,1.0,0.9740341590075171,0.8140486627817154,1.0063234567642212,0.0,true
2,1.0,42,0.9758325837856661,0.8132785558700562,0.8089752271771431,2.0,0.7412287536714818,0.8029049783945084,1.5743883848190308,0.0,other
2,1.0,42,0.9758325837856661,0.8132785558700562,0.8089752271771431,1.4,0.8450852949907154,0.8133462145924568,1.0616904497146606,0.0,other
2,1.0,46,0.9763153264270794,0.78997802734375,0.8074859604239464,0.7,0.8623042606484128,0.8094866871833801,1.080715537071228,0.0,other
2,1.0,46,0.9763153264270794,0.78997802734375,0.8074859604239464,1.0,0.951301308676749,0.7924809679389,1.8208258152008057,0.0,true
2,1.0,46,0.9763153264270794,0.78997802734375,0.8074859604239464,2.0,0.8404682506115417,0.800306148827076,1.0141806602478027,0.0,other
2,1.0,46,0.9763153264270794,0.78997802734375,0.8074859604239464,1.4,0.8946275524608972,0.7918744534254074,1.1416610479354858,0.0,other
2,1.0,50,0.909058417011124,0.8247753381729126,0.8186171129345894,0.7,0.8731848875566904,0.8112523034214973,1.8717702627182007,0.0,other
2,1.0,50,0.909058417011124,0.8247753381729126,0.8186171129345894,1.0,0.9089506230359248,0.8166776970028877,1.1032092571258545,0.0,true
2,1.0,50,0.909058417011124,0.8247753381729126,0.8186171129345894,2.0,0.8526827957049247,0.8210761323571205,1.0093213319778442,0.0,other
2,1.0,50,0.909058417011124,0.8247753381729126,0.8186171129345894,1.4,0.8804357485135522,0.8171480521559715,1.7131226062774658,0.0,other
2,1.0,54,0.9571879868340002,0.8385000228881836,0.8433253094553947,0.7,0.8768445094052425,0.8439008519053459,1.0003958940505981,0.0,other
2,1.0,54,0.9571879868340002,0.8385000228881836,0.8433253094553947,1.0,0.9090834087530802,0.8427763879299164,1.0065183639526367,0.0,true
2,1.0,54,0.9571879868340002,0.8385000228881836,0.8433253094553947,2.0,0.8444898035478343,0.840369276702404,1.032395362854004,0.0,other
2,1.0,54,0.9571879868340002,0.8385000228881836,0.8433253094553947,1.4,0.8824068905563691,0.846813514828682,1.3175201416015625,0.0,other
2,1.0,58,0.9721593598788524,0.8357741236686707,0.8292495012283325,0.7,0.8688621615318002,0.8642881661653519,2.0033984184265137,0.0,other
2,1.0,58,0.9721593598788524,0.8357741236686707,0.8292495012283325,1.0,0.970382043330179,0.8296786472201347,1.0982961654663086,0.0,true
2,1.0,58,0.9721593598788524,0.8357741236686707,0.8292495012283325,2.0,0.8406390414643076,0.8597699403762817,2.9965732097625732,0.0,other
2,1.0,58,0.9721593598788524,0.8357741236686707,0.8292495012283325,1.4,0.8763603676391816,0.8569123819470406,1.3972679376602173,0.0,other
2,1.0,62,0.9090182911865116,0.8396112322807312,0.8381759375333786,0.7,0.8524803783762009,0.8383640497922897,1.0002678632736206,0.0,other
2,1.0,62,0.9090182911865116,0.8396112322807312,0.8381759375333786,1.0,0.9655195261464451,0.8377220705151558,1.0010565519332886,0.0,true
2,1.0,62,0.9090182911865116,0.8396112322807312,0.8381759375333786,2.0,0.8301083815343544,0.7663275524973869,1.00133216381073,0.0,other
2,1.0,62,0.9090182911865116,0.8396112322807312,0.8381759375333786,1.4,0.8726565530062684,0.7907029390335083,1.0108675956726074,0.0,other
2,1.0,66,0.9761424138708354,0.8374482989311218,0.8374229222536087,0.7,0.8655536516176839,0.8373013287782669,1.0049442052841187,0.0,other
2,1.0,66,0.9761424138708354,0.8374482989311218,0.8374229222536087,1.0,0.9743602554860196,0.8376384899020195,1.0013585090637207,0.0,true
2,1.0,66,0.9761424138708354,0.8374482989311218,0.8374229222536087,2.0,0.845607811551441,0.8376772478222847,1.0000684261322021,0.0,other
2,1.0,66,0.9761424138708354,0.8374482989311218,0.8374229222536087,1.4,0.8910111556127916,0.837530292570591,1.001448631286621,0.0,other
2,1.0,70,0.9687632742474023,0.8506593704223633,0.853639580309391,0.7,0.8882352406996573,0.8531581610441208,1.0003350973129272,0.0,other
2,1.0,70,0.9687632742474023,0.8506593704223633,0.853639580309391,1.0,0.9719914133083958,0.8534227982163429,1.0003372430801392,0.0,true
2,1.0,70,0.9687632742474023,0.8506593704223633,0.853639580309391,2.0,0.8695761196345035,0.8513799533247948,1.2088340520858765,0.0,other
2,1.0,70,0.9687632742474023,0.8506593704223633,0.853639580309391,1.4,0.9047814659366855,0.8526727333664894,1.0005441904067993,0.0,other
2,1.0,74,0.9694282030050353,0.8350145220756531,0.8371679186820984,0.7,0.8418343849319717,0.8447789400815964,2.5997345447540283,0.0,other
2,1.0,74,0.9694282030050353,0.8350145220756531,0.8371679186820984,1.0,0.962768072561422,0.8371976837515831,1.0402756929397583,0.0,true
2,1.0,74,0.9694282030050353,0.8350145220756531,0.8371679186820984,2.0,0.8513170282536694,0.8312150985002518,1.000311255455017,0.0,other
2,1.0,74,0.9694282030050353,0.8350145220756531,0.8371679186820984,1.4,0.8940302169075636,0.8311859220266342,1.0105315446853638,0.0,other
2,1.0,78,0.9766689311189873,0.7933337688446045,0.8482027426362038,0.7,0.8753314935006964,0.8587752431631088,1.8461986780166626,0.0,other
2,1.0,78,0.9766689311189873,0.7933337688446045,0.8482027426362038,1.0,0.9761377045539765,0.8484714776277542,1.6905561685562134,0.0,true
2,1.0,78,0.9766689311189873,0.7933337688446045,0.8482027426362038,2.0,0.8225290942599901,0.8475235477089882,1.056843876838684,0.0,other
2,1.0,78,0.9766689311189873,0.7933337688446045,0.8482027426362038,1.4,0.8889755645600473,0.8364749625325203,1.0060303211212158,0.0,other
2,1.0,82,0.9670242292678464,0.8233316540718079,0.8221759498119354,0.7,0.8407327925802595,0.8092406615614891,4.260146617889404,0.0,other
2,1.0,82,0.9670242292678464,0.8233316540718079,0.8221759498119354,1.0,0.9664084205263724,0.8228016942739487,1.025598168373108,0.0,true
2,1.0,82,0.9670242292678464,0.8233316540718079,0.8221759498119354,2.0,0.8273656937984325,0.8096396774053574,1.005736231803894,0.0,other
2,1.0,82,0.9670242292678464,0.8233316540718079,0.8221759498119354,1.4,0.8686963087660251,0.7809198647737503,1.001023530960083,0.0,other
2,1.0,86,0.897373582183159,0.6729787588119507,0.6478254348039627,0.7,0.8332347329415599,0.7503904178738594,1.3413426876068115,0.0,other
2,1.0,86,0.897373582183159,0.6729787588119507,0.6478254348039627,1.0,0.8936602565461739,0.6505389213562012,1.0923997163772583,0.0,true
2,1.0,86,0.897373582183159,0.6729787588119507,0.6478254348039627,2.0,0.8524213449228656,0.7703578919172287,1.6579188108444214,0.0,other
2,1.0,86,0.897373582183159,0.6729787588119507,0.6478254348039627,1.4,0.8734496945639754,0.7583382502198219,2.257808208465576,0.0,other
2,1.4,10,0.975780643201175,0.73265540599823,0.7663904651999474,0.7,0.8550463357162627,0.7752847447991371,2.0736937522888184,0.0,other
2,1.4,10,0.975780643201175,0.73265540599823,0.7663904651999474,1.0,0.9001948995978111,0.7944500371813774,1.2093876600265503,0.0,other
2,1.4,10,0.975780643201175,0.73265540599823,0.7663904651999474,2.0,0.8918709504896798,0.8013423457741737,2.2435314655303955,0.0,other
2,1.4,10,0.975780643201175,0.73265540599823,0.7663904651999474,1.4,0.9539831781416278,0.7574876025319099,4.964479923248291,0.0,true
2,1.4,14,0.9726799221288793,0.678493082523346,0.7286071702837944,0.7,0.8489525815314432,0.7017325684428215,1.397807002067566,0.0,other
2,1.4,14,0.9726799221288793,0.678493082523346,0.7286071702837944,1.0,0.8968459001602509,0.6907492503523827,1.0237945318222046,0.0,other
2,1.4,14,0.9726799221288793,0.678493082523346,0.7286071702837944,2.0,0.8759829848029678,0.6901231706142426,1.2726142406463623,0.0,other
2,1.4,14,0.9726799221288793,0.678493082523346,0.7286071702837944,1.4,0.9735793639855552,0.6865641623735428,1.187955379486084,0.0,true
2,1.4,18,0.964909453060833,0.6437685489654541,0.6691917553544044,0.7,0.810495867630254,0.6752449721097946,2.935121774673462,0.0,other
2,1.4,18,0.964909453060833,0.6437685489654541,0.6691917553544044,1.0,0.8645738165888478,0.5477761179208755,1.0028855800628662,0.0,other
2,1.4,18,0.964909453060833,0.6437685489654541,0.6691917553544044,2.0,0.8560787641614294,0.6856858804821968,1.5344220399856567,0.0,other
2,1.4,18,0.964909453060833,0.6437685489654541,0.6691917553544044,1.4,0.9612019791964255,0.7160670757293701,1.651968002319336,0.0,true
2,1.4,22,0.9846192483841018,0.746498167514801,0.7521567642688751,0.7,0.8762166149050997,0.7440348342061043,1.0059391260147095,0.0,other
2,1.4,22,0.9846192483841018,0.746498167514801,0.7521567642688751,1.0,0.916729740730904,0.7450992539525032,1.0049622058868408,0.0,other
2,1.4,22,0.9846192483841018,0.746498167514801,0.7521567642688751,2.0,0.8924294341789274,0.7507288604974747,1.4579739570617676,0.0,other
2,1.4,22,0.9846192483841018,0.746498167514801,0.7521567642688751,1.4,0.9871873897997538,0.7546489834785461,1.9270591735839844,0.0,true
2,1.4,26,0.9828538097480629,0.7118715643882751,0.7361900880932808,0.7,0.8567463265654574,0.7367101088166237,2.053248643875122,0.0,other
2,1.4,26,0.9828538097480629,0.7118715643882751,0.7361900880932808,1.0,0.9135278390931331,0.7252245396375656,1.7837574481964111,0.0,other
2,1.4,26,0.9828538097480629,0.7118715643882751,0.7361900880932808,2.0,0.8852077037504912,0.710559569299221,1.000002384185791,0.0,other
2,1.4,26,0.9828538097480629,0.7118715643882751,0.7361900880932808,1.4,0.9658504180913653,0.7113451510667801,1.0020041465759277,0.0,true
2,1.4,30,0.9791907465829556,0.6637657284736633,0.6737446784973145,0.7,0.8453855962419206,0.6996078044176102,2.1964550018310547,0.0,other
2,1.4,30,0.9791907465829556,0.6637657284736633,0.6737446784973145,1.0,0.8977166048615329,0.6755769476294518,1.0476027727127075,0.0,other
2,1.4,30,0.9791907465829556,0.6637657284736633,0.6737446784973145,2.0,0.8898044949983038,0.550762914121151,1.2213544845581055,0.0,other
2,1.4,30,0.9791907465829556,0.6637657284736633,0.6737446784973145,1.4,0.9723379805288721,0.692572608590126,1.2149354219436646,0.0,true
2,1.4,34,0.9673814552235477,0.5336553454399109,0.6953168660402298,0.7,0.8342163869719317,0.6074165850877762,1.5462595224380493,0.0,other
2,1.4,34,0.9673814552235477,0.5336553454399109,0.6953168660402298,1.0,0.8846294384195446,0.6639800295233727,1.0933797359466553,0.0,other
2,1.4,34,0.9673814552235477,0.5336553454399109,0.6953168660402298,2.0,0.8927057647841304,0.6520861834287643,1.4683347940444946,0.0,other
2,1.4,34,0.9673814552235477,0.5336553454399109,0.6953168660402298,1.4,0.9679517442885586,0.6676587462425232,1.961740255355835,0.0,true
2,1.4,38,0.9801055523068958,0.6092168092727661,0.6985957249999046,0.7,0.8628332385704212,0.6998136341571808,2.1642630100250244,0.0,other
2,1.4,38,0.9801055523068958,0.6092168092727661,0.6985957249999046,1.0,0.9058980204129916,0.6755260601639748,1.6324466466903687,0.0,other
2,1.4,38,0.9801055523068958,0.6092168092727661,0.6985957249999046,2.0,0.8950098440903654,0.6831577122211456,1.5340657234191895,0.0,other
2,1.4,38,0.9801055523068958,0.6092168092727661,0.6985957249999046,1.4,0.9776416031318075,0.7117815166711807,1.0008444786071777,0.0,true
2,1.4,42,0.9047378489581475,0.5538489818572998,0.5779089406132698,0.7,0.8091983015770633,0.7343918606638908,2.680330514907837,0.0,other
2,1.4,42,0.9047378489581475,0.5538489818572998,0.5779089406132698,1.0,0.8661512522095848,0.7393119931221008,1.732389211654663,0.0,other
2,1.4,42,0.9047378489581475,0.5538489818572998,0.5779089406132698,2.0,0.8717761503789774,0.7470586895942688,2.1977109909057617,0.0,other
2,1.4,42,0.9047378489581475,0.5538489818572998,0.5779089406132698,1.4,0.9656075827813092,0.6302920132875443,1.1161836385726929,0.0,true
2,1.4,46,0.978188352587223,0.6966063976287842,0.6185932084918022,0.7,0.8134978158032177,0.6637260466814041,1.4137476682662964,0.0,other
2,1.4,46,0.978188352587223,0.6966063976287842,0.6185932084918022,1.0,0.8579143082883979,0.6857646852731705,4.193073272705078,0.0,other
2,1.4,46,0.978188352587223,0.6966063976287842,0.6185932084918022,2.0,0.8691832334370426,0.7126105576753616,1.9613776206970215,0.0,other
2,1.4,46,0.978188352587223,0.6966063976287842,0.6185932084918022,1.4,0.97852681102248,0.4912790320813656,1.1187013387680054,0.0,true
2,1.7,10,0.981410563153948,0.7433578372001648,0.7673711776733398,0.7,0.8423047112139772,0.7983055412769318,2.2962393760681152,0.0,other
2,1.7,10,0.981410563153948,0.7433578372001648,0.7673711776733398,1.0,0.8817232528657646,0.7947880402207375,2.2318074703216553,0.0,other
2,1.7,10,0.981410563153948,0.7433578372001648,0.7673711776733398,2.0,0.9359839654456666,0.7948995903134346,1.091672420501709,0.0,other
2,1.7,10,0.981410563153948,0.7433578372001648,0.7673711776733398,1.4,0.9330567344347036,0.7977374196052551,1.1385773420333862,0.0,other
2,1.7,10,0.981410563153948,0.7433578372001648,0.7673711776733398,1.7,0.9812027157246547,0.7870737686753273,2.2009689807891846,0.0,true
2,1.7,14,0.9700267577357785,0.7085241079330444,0.7065709754824638,0.7,0.7980196122960042,0.6793691962957382,3.8770740032196045,0.0,other
2,1.7,14,0.9700267577357785,0.7085241079330444,0.7065709754824638,1.0,0.8613336085084635,0.6888868883252144,2.0977096557617188,0.0,other
2,1.7,14,0.9700267577357785,0.7085241079330444,0.7065709754824638,2.0,0.9028243862822736,0.7080911993980408,1.1702810525894165,0.0,other
2,1.7,14,0.9700267577357785,0.7085241079330444,0.7065709754824638,1.4,0.9136082978274651,0.7052296996116638,1.1716995239257812,0.0,other
2,1.7,14,0.9700267577357785,0.7085241079330444,0.7065709754824638,1.7,0.9688900728828164,0.7098169848322868,1.222928524017334,0.0,true
2,1.7,18,0.9841815106863552,0.7197046875953674,0.7174684926867485,0.7,0.7840288875299076,0.7137457430362701,1.8711214065551758,0.0,other
2,1.7,18,0.9841815106863552,0.7197046875953674,0.7174684926867485,1.0,0.860077445266773,0.7196124494075775,1.03065025806427,0.0,other
2,1.7,18,0.9841815106863552,0.7197046875953674,0.7174684926867485,2.0,0.9302040448233226,0.7207063883543015,1.0750778913497925,0.0,other
2,1.7,18,0.9841815106863552,0.7197046875953674,0.7174684926867485,1.4,0.9175241701223978,0.7214108929038048,1.0536506175994873,0.0,other
2,1.7,18,0.9841815106863552,0.7197046875953674,0.7174684926867485,1.7,0.984757019616202,0.717643216252327,1.0750972032546997,0.0,true
2,1.7,22,0.9812135683565155,0.6620146036148071,0.6616677865386009,0.7,0.8396412396104883,0.6853246688842773,1.8247487545013428,0.0,other
2,1.7,22,0.9812135683565155,0.6620146036148071,0.6616677865386009,1.0,0.8871516737604007,0.5843409150838852,1.4186341762542725,0.0,other
2,1.7,22,0.9812135683565155,0.6620146036148071,0.6616677865386009,2.0,0.9470229570827233,0.660549134016037,1.0012245178222656,0.0,other
2,1.7,22,0.9812135683565155,0.6620146036148071,0.6616677865386009,1.4,0.9345763609590939,0.6612410247325897,1.0751227140426636,0.0,other
2,1.7,22,0.9812135683565155,0.6620146036148071,0.6616677865386009,1.7,0.9822850941751777,0.6636474952101707,1.2025277614593506,0.0,true
2,1.7,26,0.9827792836928189,0.56949782371521,0.57615577429533,0.7,0.8719365475350856,0.5678079500794411,1.0018197298049927,0.0,other
2,1.7,26,0.9827792836928189,0.56949782371521,0.57615577429533,1.0,0.8955839273917081,0.6040091142058372,1.1467710733413696,0.0,other
2,1.7,26,0.9827792836928189,0.56949782371521,0.57615577429533,2.0,0.9449217731693926,0.574834555387497,1.0757884979248047,0.0,other
2,1.7,26,0.9827792836928189,0.56949782371521,0.57615577429533,1.4,0.9400003989527909,0.6836733222007751,1.5971429347991943,0.0,other
2,1.7,26,0.9827792836928189,0.56949782371521,0.57615577429533,1.7,0.9816505388373569,0.576907217502594,1.1428347826004028,0.0,true
2,1.7,30,0.9807562582580439,0.6872857809066772,0.6881965324282646,0.7,0.8129109562479914,0.692648783326149,1.038062334060669,0.0,other
2,1.7,30,0.9807562582580439,0.6872857809066772,0.6881965324282646,1.0,0.8474794092932009,0.6446648836135864,2.3234193325042725,0.0,other
2,1.7,30,0.9807562582580439,0.6872857809066772,0.6881965324282646,2.0,0.911651356272096,0.702166847884655,1.2064968347549438,0.0,other
2,1.7,30,0.9807562582580439,0.6872857809066772,0.6881965324282646,1.4,0.9153037830210158,0.6888972744345665,1.0000412464141846,0.0,other
2,1.7,30,0.9807562582580439,0.6872857809066772,0.6881965324282646,1.7,0.9802616516533944,0.6879900395870209,1.000037670135498,0.0,true
2,1.7,34,0.9828305770252296,0.7085801959037781,0.7088089808821678,0.7,0.7914838797963613,0.7173939794301987,2.724733829498291,0.0,other
2,1.7,34,0.9828305770252296,0.7085801959037781,0.7088089808821678,1.0,0.8376618883467845,0.6421749964356422,1.0025194883346558,0.0,other
2,1.7,34,0.9828305770252296,0.7085801959037781,0.7088089808821678,2.0,0.9167405250107133,0.7100238874554634,1.0045607089996338,0.0,other
2,1.7,34,0.9828305770252296,0.7085801959037781,0.7088089808821678,1.4,0.8980570594556835,0.7662521675229073,1.4404075145721436,0.0,other
2,1.7,34,0.9828305770252296,0.7085801959037781,0.7088089808821678,1.7,0.9824555572170841,0.7236069962382317,1.5029045343399048,0.0,true
2,1.7,38,0.9573322082678642,0.7953878045082092,0.7656746134161949,0.7,0.8285541560279257,0.8055087998509407,1.8820929527282715,0.0,other
2,1.7,38,0.9573322082678642,0.7953878045082092,0.7656746134161949,1.0,0.8669745066376818,0.7965811043977737,1.002616047859192,0.0,other
2,1.7,38,0.9573322082678642,0.7953878045082092,0.7656746134161949,2.0,0.9268857368518554,0.7608468383550644,1.0518971681594849,0.0,other
2,1.7,38,0.9573322082678642,0.7953878045082092,0.7656746134161949,1.4,0.9148629262378138,0.6827468052506447,1.0023832321166992,0.0,other
2,1.7,38,0.9573322082678642,0.7953878045082092,0.7656746134161949,1.7,0.9572980280572619,0.77147376537323,1.0073777437210083,0.0,true
2,1.7,42,0.9857269408076815,0.7873460054397583,0.787265807390213,0.7,0.862820751069082,0.6454292088747025,1.1141326427459717,0.0,other
2,1.7,42,0.9857269408076815,0.7873460054397583,0.787265807390213,1.0,0.9051026731510912,0.7966084331274033,1.1375548839569092,0.0,other
2,1.7,42,0.9857269408076815,0.7873460054397583,0.787265807390213,2.0,0.9525463399010821,0.7869865968823433,1.0048116445541382,0.0,other
2,1.7,42,0.9857269408076815,0.7873460054397583,0.787265807390213,1.4,0.9448869233876729,0.7871458977460861,1.0003424882888794,0.0,other
2,1.7,42,0.9857269408076815,0.7873460054397583,0.787265807390213,1.7,0.9848890478810307,0.7881092801690102,1.027225375175476,0.0,true
2,1.7,46,0.9512801000116061,0.705077052116394,0.7264768481254578,0.7,0.8525163096364676,0.7969873622059822,3.048145055770874,0.0,other
2,1.7,46,0.9512801000116061,0.705077052116394,0.7264768481254578,1.0,0.9001991653238047,0.7952810898423195,1.7536247968673706,0.0,other
2,1.7,46,0.9512801000116061,0.705077052116394,0.7264768481254578,2.0,0.9313819710722959,0.7428269311785698,2.2736127376556396,0.0,other
2,1.7,46,0.9512801000116061,0.705077052116394,0.7264768481254578,1.4,0.9295439662714711,0.7601795941591263,1.7899175882339478,0.0,other
2,1.7,46,0.9512801000116061,0.705077052116394,0.7264768481254578,1.7,0.9863040915817056,0.7115257978439331,1.0804951190948486,0.0,true
2,1.7,50,0.9863509852738994,0.7673491835594177,0.7724279761314392,0.7,0.8199108410259617,0.7717668861150742,1.176697015762329,0.0,other
2,1.7,50,0.9863509852738994,0.7673491835594177,0.7724279761314392,1.0,0.8763600021649467,0.7819477319717407,1.992751955986023,0.0,other
2,1.7,50,0.9863509852738994,0.7673491835594177,0.7724279761314392,2.0,0.934287775807503,0.766270101070404,1.0023595094680786,0.0,other
2,1.7,50,0.9863509852738994,0.7673491835594177,0.7724279761314392,1.4,0.9214537044580046,0.7770587205886841,1.9158039093017578,0.0,other
2,1.7,50,0.9863509852738994,0.7673491835594177,0.7724279761314392,1.7,0.9840929958202348,0.7682362869381905,1.3054022789001465,0.0,true
2,1.7,54,0.9743714401135594,0.7937101125717163,0.795349195599556,0.7,0.7932292773318932,0.7992932945489883,1.0099164247512817,0.0,other
2,1.7,54,0.9743714401135594,0.7937101125717163,0.795349195599556,1.0,0.856227512175035,0.7959855794906616,1.0179522037506104,0.0,other
2,1.7,54,0.9743714401135594,0.7937101125717163,0.795349195599556,2.0,0.9155595281209963,0.7948738783597946,1.017676591873169,0.0,other
2,1.7,54,0.9743714401135594,0.7937101125717163,0.795349195599556,1.4,0.8956054847918081,0.7953390628099442,1.068021297454834,0.0,other
2,1.7,54,0.9743714401135594,0.7937101125717163,0.795349195599556,1.7,0.9748455327331002,0.7942895293235779,1.0112473964691162,0.0,true
2,1.7,58,0.9771258729533444,0.7708482146263123,0.7849227115511894,0.7,0.8248404704964648,0.7870631217956543,2.042710304260254,0.0,other
2,1.7,58,0.9771258729533444,0.7708482146263123,0.7849227115511894,1.0,0.868398251973003,0.7786290273070335,1.1971111297607422,0.0,other
2,1.7,58,0.9771258729533444,0.7708482146263123,0.7849227115511894,2.0,0.9258801470489771,0.7772199213504791,1.5644536018371582,0.0,other
2,1.7,58,0.9771258729533444,0.7708482146263123,0.7849227115511894,1.4,0.9150404197764527,0.7813729047775269,1.3701084852218628,0.0,other
2,1.7,58,0.9771258729533444,0.7708482146263123,0.7849227115511894,1.7,0.978930029539246,0.778335876762867,1.583958387374878,0.0,true
2,1.7,62,0.9822358346650362,0.7590151429176331,0.7606372535228729,0.7,0.8388055465039461,0.7793271467089653,2.3078067302703857,0.0,other
2,1.7,62,0.9822358346650362,0.7590151429176331,0.7606372535228729,1.0,0.8687075952241725,0.7751044854521751,2.069471597671509,0.0,other
2,1.7,62,0.9822358346650362,0.7590151429176331,0.7606372535228729,2.0,0.9349071793089135,0.7600194066762924,1.0244513750076294,0.0,other
2,1.7,62,0.9822358346650362,0.7590151429176331,0.7606372535228729,1.4,0.9229148299958934,0.777693472802639,2.0507192611694336,0.0,other
2,1.7,62,0.9822358346650362,0.7590151429176331,0.7606372535228729,1.7,0.9795816449911617,0.7624971941113472,1.1014043092727661,0.0,true
2,1.7,66,0.968605867842285,0.7163032293319702,0.7156390100717545,0.7,0.8348368087794166,0.7226447239518166,1.4499109983444214,0.0,other
2,1.7,66,0.968605867842285,0.7163032293319702,0.7156390100717545,1.0,0.8725143357966112,0.6165088266134262,1.0515522956848145,0.0,other
2,1.7,66,0.968605867842285,0.7163032293319702,0.7156390100717545,2.0,0.9347878993991716,0.7126483917236328,1.01041579246521,0.0,other
2,1.7,66,0.968605867842285,0.7163032293319702,0.7156390100717545,1.4,0.9254199922934527,0.7327532768249512,2.061063528060913,0.0,other
2,1.7,66,0.968605867842285,0.7163032293319702,0.7156390100717545,1.7,0.9807476989072602,0.712450422346592,1.0097283124923706,0.0,true
2,1.7,70,0.9554178598051996,0.6413132548332214,0.7838741168379784,0.7,0.8272869647894869,0.6249081939458847,1.784595251083374,0.0,other
2,1.7,70,0.9554178598051996,0.6413132548332214,0.7838741168379784,1.0,0.869675133858426,0.4987327978014946,1.013373613357544,0.0,other
2,1.7,70,0.9554178598051996,0.6413132548332214,0.7838741168379784,2.0,0.9232306527425634,0.6147478669881821,1.0138461589813232,0.0,other
2,1.7,70,0.9554178598051996,0.6413132548332214,0.7838741168379784,1.4,0.9201637519863944,0.7314048334956169,1.0001776218414307,0.0,other
2,1.7,70,0.9554178598051996,0.6413132548332214,0.7838741168379784,1.7,0.9550144627361357,0.7796816974878311,1.0002292394638062,0.0,true
2,1.7,74,0.9799433096453952,0.7326442003250122,0.6751452460885048,0.7,0.7989655781858195,0.35441629216074944,1.0390371084213257,0.0,other
2,1.7,74,0.9799433096453952,0.7326442003250122,0.6751452460885048,1.0,0.8580128384682,0.7939885780215263,3.090404748916626,0.0,other
2,1.7,74,0.9799433096453952,0.7326442003250122,0.6751452460885048,2.0,0.9194928738103955,0.7006461322307587,1.0438166856765747,0.0,other
2,1.7,74,0.9799433096453952,0.7326442003250122,0.6751452460885048,1.4,0.9114133014208301,0.7171108573675156,1.0044666528701782,0.0,other
2,1.7,74,0.9799433096453952,0.7326442003250122,0.6751452460885048,1.7,0.9819311184292755,0.7784074991941452,1.039083480834961,0.0,true
2,1.7,78,0.9792573605394959,0.7562419176101685,0.7536775320768356,0.7,0.8329776441363427,0.7536023557186127,1.002510905265808,0.0,other
2,1.7,78,0.9792573605394959,0.7562419176101685,0.7536775320768356,1.0,0.8791289688827983,0.753369465470314,1.0042122602462769,0.0,other
2,1.7,78,0.9792573605394959,0.7562419176101685,0.7536775320768356,2.0,0.9310557183605329,0.7526688948273659,1.2392269372940063,0.0,other
2,1.7,78,0.9792573605394959,0.7562419176101685,0.7536775320768356,1.4,0.9225135643948864,0.7529592514038086,1.0032888650894165,0.0,other
2,1.7,78,0.9792573605394959,0.7562419176101685,0.7536775320768356,1.7,0.9794049967860587,0.7507234290242195,1.1154626607894897,0.0,true
2,1.7,82,0.9821459321880693,0.7301910519599915,0.7936765104532242,0.7,0.8595424695010357,0.6989533826708794,1.206098198890686,0.0,other
2,1.7,82,0.9821459321880693,0.7301910519599915,0.7936765104532242,1.0,0.8922620665084993,0.8035470172762871,1.8630181550979614,0.0,other
2,1.7,82,0.9821459321880693,0.7301910519599915,0.7936765104532242,2.0,0.9379774516346465,0.7437137141823769,1.438828945159912,0.0,other
2,1.7,82,0.9821459321880693,0.7301910519599915,0.7936765104532242,1.4,0.9208542768160632,0.7352602034807205,1.3238972425460815,0.0,other
2,1.7,82,0.9821459321880693,0.7301910519599915,0.7936765104532242,1.7,0.9780987569970182,0.7128676772117615,2.540525436401367,0.0,true
2,1.7,86,0.9631143604323346,0.7092275619506836,0.7093273848295212,0.7,0.8813212158630327,0.7208412364125252,1.3447530269622803,0.0,other
2,1.7,86,0.9631143604323346,0.7092275619506836,0.7093273848295212,1.0,0.907905748937614,0.7169426381587982,1.173100233078003,0.0,other
2,1.7,86,0.9631143604323346,0.7092275619506836,0.7093273848295212,2.0,0.946302744069832,0.7128314599394798,1.1102252006530762,0.0,other
2,1.7,86,0.9631143604323346,0.7092275619506836,0.7093273848295212,1.4,0.9396584196894083,0.7230410277843475,1.4648206233978271,0.0,other
2,1.7,86,0.9631143604323346,0.7092275619506836,0.7093273848295212,1.7,0.9792332503995109,0.7185235992074013,1.279876470565796,0.0,true
2,2.0,10,0.9881495812767793,0.6412732601165771,0.7382215708494186,0.7,0.8101367172226361,0.7097956910729408,1.003164529800415,0.0,other
2,2.0,10,0.9881495812767793,0.6412732601165771,0.7382215708494186,1.0,0.8560387164349714,0.6773734390735626,1.000752329826355,0.0,other
2,2.0,10,0.9881495812767793,0.6412732601165771,0.7382215708494186,2.0,0.9855493464796006,0.7359238043427467,1.0898163318634033,0.0,true
2,2.0,10,0.9881495812767793,0.6412732601165771,0.7382215708494186,1.4,0.8967799484153971,0.6708678677678108,1.0003840923309326,0.0,other
2,2.0,14,0.971668412540226,0.7542040348052979,0.7536309063434601,0.7,0.809492359359897,0.7098032608628273,1.8526849746704102,0.0,other
2,2.0,14,0.971668412540226,0.7542040348052979,0.7536309063434601,1.0,0.8448461468012517,0.7616004124283791,1.4298068284988403,0.0,other
2,2.0,14,0.971668412540226,0.7542040348052979,0.7536309063434601,2.0,0.972378869344209,0.7537905052304268,1.0001564025878906,0.0,true
2,2.0,14,0.971668412540226,0.7542040348052979,0.7536309063434601,1.4,0.8880471145418736,0.7535206004977226,1.0002409219741821,0.0,other
2,2.0,18,0.9706609197005679,0.6914905309677124,0.7420809268951416,0.7,0.8257216693300719,0.6562558338046074,1.1357141733169556,0.0,other
2,2.0,18,0.9706609197005679,0.6914905309677124,0.7420809268951416,1.0,0.8591203927927367,0.7504662051796913,1.63776695728302,0.0,other
2,2.0,18,0.9706609197005679,0.6914905309677124,0.7420809268951416,2.0,0.9713076751821235,0.7594163194298744,1.610908031463623,0.0,true
2,2.0,18,0.9706609197005679,0.6914905309677124,0.7420809268951416,1.4,0.8968452361688927,0.7572669833898544,2.0263102054595947,0.0,other
2,2.0,22,0.9884316956553764,0.5277907252311707,0.6339374929666519,0.7,0.8304454824036712,0.49596793577075005,1.0018763542175293,0.0,other
2,2.0,22,0.9884316956553764,0.5277907252311707,0.6339374929666519,1.0,0.8673913969597009,0.7385224103927612,2.6003432273864746,0.0,other
2,2.0,22,0.9884316956553764,0.5277907252311707,0.6339374929666519,2.0,0.9896212989456488,0.5101972222328186,1.126286268234253,0.0,true
2,2.0,22,0.9884316956553764,0.5277907252311707,0.6339374929666519,1.4,0.8985189268225727,0.4837418869137764,1.001863956451416,0.0,other
2,2.0,26,0.9872487378584439,0.6973719000816345,0.7000870406627655,0.7,0.8101475302311361,0.5930001065135002,1.1224111318588257,0.0,other
2,2.0,26,0.9872487378584439,0.6973719000816345,0.7000870406627655,1.0,0.8563109323666216,0.6996131017804146,1.0078145265579224,0.0,other
2,2.0,26,0.9872487378584439,0.6973719000816345,0.7000870406627655,2.0,0.9867765981546622,0.6996481418609619,1.0006814002990723,0.0,true
2,2.0,26,0.9872487378584439,0.6973719000816345,0.7000870406627655,1.4,0.8976057517832912,0.7003469094634056,1.0067369937896729,0.0,other
2,2.0,30,0.9857041447010143,0.744778037071228,0.7437501177191734,0.7,0.793783196778024,0.6698676869273186,1.0177170038223267,0.0,other
2,2.0,30,0.9857041447010143,0.744778037071228,0.7437501177191734,1.0,0.8688728258467845,0.7867804169654846,1.075244665145874,0.0,other
2,2.0,30,0.9857041447010143,0.744778037071228,0.7437501177191734,2.0,0.9864852175436561,0.7440111860632896,1.0037217140197754,0.0,true
2,2.0,30,0.9857041447010143,0.744778037071228,0.7437501177191734,1.4,0.8906859783996359,0.6136752367019653,1.0016409158706665,0.0,other
2,2.0,34,0.9843501351975683,0.7848249077796936,0.785319909453392,0.7,0.8164432524585965,0.7849189713597298,1.0009878873825073,0.0,other
2,2.0,34,0.9843501351975683,0.7848249077796936,0.785319909453392,1.0,0.8615154682087635,0.7843377664685249,1.0023432970046997,0.0,other
2,2.0,34,0.9843501351975683,0.7848249077796936,0.785319909453392,2.0,0.9851485262181731,0.7850939482450485,1.0041357278823853,0.0,true
2,2.0,34,0.9843501351975683,0.7848249077796936,0.785319909453392,1.4,0.8961718777898798,0.7827329039573669,1.0463087558746338,0.0,other
2,2.0,38,0.9746535750633861,0.7509661316871643,0.7944920584559441,0.7,0.8044745805694926,0.7511044293642044,1.0023852586746216,0.0,other
2,2.0,38,0.9746535750633861,0.7509661316871643,0.7944920584559441,1.0,0.832498040109542,0.8078212067484856,1.4837849140167236,0.0,other
2,2.0,38,0.9746535750633861,0.7509661316871643,0.7944920584559441,2.0,0.9734675804824485,0.7643905356526375,1.0371932983398438,0.0,true
2,2.0,38,0.9746535750633861,0.7509661316871643,0.7944920584559441,1.4,0.8769625896667324,0.8082072734832764,1.7824103832244873,0.0,other
2,2.0,42,0.9873083171334323,0.8089521527290344,0.8216335698962212,0.7,0.8010327004584332,0.8342173844575882,1.965881109237671,0.0,other
2,2.0,42,0.9873083171334323,0.8089521527290344,0.8216335698962212,1.0,0.840119441722762,0.650773324072361,1.0498406887054443,0.0,other
2,2.0,42,0.9873083171334323,0.8089521527290344,0.8216335698962212,2.0,0.9861837152492592,0.8218513056635857,1.9979606866836548,0.0,true
2,2.0,42,0.9873083171334323,0.8089521527290344,0.8216335698962212,1.4,0.8909731951152556,0.8302697539329529,1.5947993993759155,0.0,other
2,2.0,46,0.9804101527489869,0.7939366698265076,0.8043485209345818,0.7,0.846666129677605,0.8062939569354057,2.171515703201294,0.0,other
2,2.0,46,0.9804101527489869,0.7939366698265076,0.8043485209345818,1.0,0.8711114604598417,0.8051676005125046,1.9632079601287842,0.0,other
2,2.0,46,0.9804101527489869,0.7939366698265076,0.8043485209345818,2.0,0.9802726748097694,0.8008232787251472,3.3144030570983887,0.0,true
2,2.0,46,0.9804101527489869,0.7939366698265076,0.8043485209345818,1.4,0.911213247838127,0.8070000559091568,2.218602418899536,0.0,other
2,2.0,50,0.9817343021841413,0.8040967583656311,0.8022981882095337,0.7,0.8404741023841197,0.8043802678585052,1.032035231590271,0.0,other
2,2.0,50,0.9817343021841413,0.8040967583656311,0.8022981882095337,1.0,0.8795651316934795,0.8008791357278824,2.0647828578948975,0.0,other
2,2.0,50,0.9817343021841413,0.8040967583656311,0.8022981882095337,2.0,0.9750788908219656,0.8009583875536919,1.0027283430099487,0.0,true
2,2.0,50,0.9817343021841413,0.8040967583656311,0.8022981882095337,1.4,0.9115520212120131,0.8043214082717896,1.0308537483215332,0.0,other
2,2.0,54,0.9772351818331966,0.7651824355125427,0.765035018324852,0.7,0.8099444060681,0.7927789241075516,2.714853286743164,0.0,other
2,2.0,54,0.9772351818331966,0.7651824355125427,0.765035018324852,1.0,0.8628802675717782,0.49415767192840576,1.0822958946228027,0.0,other
2,2.0,54,0.9772351818331966,0.7651824355125427,0.765035018324852,2.0,0.9706724223743887,0.7585661113262177,1.5562509298324585,0.0,true
2,2.0,54,0.9772351818331966,0.7651824355125427,0.765035018324852,1.4,0.900046510083741,0.7664743810892105,1.0177829265594482,0.0,other
2,2.0,58,0.9673225134360606,0.636502206325531,0.6978540644049644,0.7,0.7822476790991145,0.5031248703598976,1.2551146745681763,0.0,other
2,2.0,58,0.9673225134360606,0.636502206325531,0.6978540644049644,1.0,0.8238417145038033,0.5556718334555626,1.0506829023361206,0.0,other
2,2.0,58,0.9673225134360606,0.636502206325531,0.6978540644049644,2.0,0.964571488434275,0.6034096591174603,1.000047206878662,0.0,true
2,2.0,58,0.9673225134360606,0.636502206325531,0.6978540644049644,1.4,0.8634275624486664,0.7638111859560013,1.3490400314331055,0.0,other
2,2.0,62,0.9755024587209408,0.7416496872901917,0.671212911605835,0.7,0.7468906121665537,0.725419856607914,1.1024068593978882,0.0,other
2,2.0,62,0.9755024587209408,0.7416496872901917,0.671212911605835,1.0,0.7948487396997644,0.46009882166981697,1.0381704568862915,0.0,other
2,2.0,62,0.9755024587209408,0.7416496872901917,0.671212911605835,2.0,0.9796387050048212,0.5740814432501793,1.17606782913208,0.0,true
2,2.0,62,0.9755024587209408,0.7416496872901917,0.671212911605835,1.4,0.8617998378521946,0.7972728088498116,1.343596339225769,0.0,other
2,2.0,66,0.9776060377459559,0.8115240931510925,0.8097022175788879,0.7,0.7486040600002679,0.7719855681061745,1.7485743761062622,0.0,other
2,2.0,66,0.9776060377459559,0.8115240931510925,0.8097022175788879,1.0,0.8050907882637576,0.8361886292695999,3.398653507232666,0.0,other
2,2.0,66,0.9776060377459559,0.8115240931510925,0.8097022175788879,2.0,0.9781646595342466,0.8032382279634476,1.0072287321090698,0.0,true
2,2.0,66,0.9776060377459559,0.8115240931510925,0.8097022175788879,1.4,0.8669292408402672,0.8061767965555191,1.0119338035583496,0.0,other
2,2.0,70,0.9722452156353786,0.8194931745529175,0.8182218968868256,0.7,0.7699591673213586,0.7718429043889046,1.1472777128219604,0.0,other
2,2.0,70,0.9722452156353786,0.8194931745529175,0.8182218968868256,1.0,0.8207938714155627,0.8203081265091896,1.4918524026870728,0.0,other
2,2.0,70,0.9722452156353786,0.8194931745529175,0.8182218968868256,2.0,0.9687818492661502,0.8182512372732162,1.0441412925720215,0.0,true
2,2.0,70,0.9722452156353786,0.8194931745529175,0.8182218968868256,1.4,0.8745766790053746,0.8247372955083847,1.2286139726638794,0.0,other
2,2.0,74,0.9770397075201765,0.8139671087265015,0.8116027042269707,0.7,0.8056879201558763,0.8102979734539986,1.0068291425704956,0.0,other
2,2.0,74,0.9770397075201765,0.8139671087265015,0.8116027042269707,1.0,0.8478527970217479,0.8120924606919289,1.0020523071289062,0.0,other
2,2.0,74,0.9770397075201765,0.8139671087265015,0.8116027042269707,2.0,0.9782076334455237,0.8111998438835144,1.0014846324920654,0.0,true
2,2.0,74,0.9770397075201765,0.8139671087265015,0.8116027042269707,1.4,0.8898742629137951,0.8111977055668831,1.0006506443023682,0.0,other
2,2.0,78,0.979233931130147,0.7976461052894592,0.8023311942815781,0.7,0.815549007862997,0.7972848042845726,1.0148955583572388,0.0,other
2,2.0,78,0.979233931130147,0.7976461052894592,0.8023311942815781,1.0,0.8541348094958577,0.7053997963666916,1.3525128364562988,0.0,other
2,2.0,78,0.979233931130147,0.7976461052894592,0.8023311942815781,2.0,0.9815526656742137,0.8019677177071571,1.2293076515197754,0.0,true
2,2.0,78,0.979233931130147,0.7976461052894592,0.8023311942815781,1.4,0.892054631981395,0.8244112059473991,1.747947096824646,0.0,other
2,2.0,82,0.9786795025309789,0.8351859450340271,0.8318567052483559,0.7,0.7609289378593366,0.7786339670419693,2.042870283126831,0.0,other
2,2.0,82,0.9786795025309789,0.8351859450340271,0.8318567052483559,1.0,0.8115001322402958,0.8450306877493858,3.801138401031494,0.0,other
2,2.0,82,0.9786795025309789,0.8351859450340271,0.8318567052483559,2.0,0.978900723248402,0.8359386771917343,1.0309138298034668,0.0,true
2,2.0,82,0.9786795025309789,0.8351859450340271,0.8318567052483559,1.4,0.8685258931520732,0.8144469931721687,1.1737511157989502,0.0,other
2,2.0,86,0.9578388769172055,0.7745682001113892,0.8017216399312019,0.7,0.7747674774800916,0.7985799238085747,1.666273593902588,0.0,other
2,2.0,86,0.9578388769172055,0.7745682001113892,0.8017216399312019,1.0,0.819501806593372,0.7813614383339882,1.043018102645874,0.0,other
2,2.0,86,0.9578388769172055,0.7745682001113892,0.8017216399312019,2.0,0.9556577392377603,0.805594876408577,1.29680597782135,0.0,true
2,2.0,86,0.9578388769172055,0.7745682001113892,0.8017216399312019,1.4,0.8545491122044961,0.8041998967528343,1.9201655387878418,0.0,other
3,0.5,10,0.9458469592232887,0.6917990446090698,0.6896995827555656,0.7,0.5206405841307472,0.6825602725148201,1.8455570936203003,0.0,other
3,0.5,10,0.9458469592232887,0.6917990446090698,0.6896995827555656,1.0,0.49677852707477815,0.7048447653651237,1.494863510131836,0.0,other
3,0.5,10,0.9458469592232887,0.6917990446090698,0.6896995827555656,2.0,0.45561578307674094,0.6917979493737221,1.0087244510650635,0.0,other
3,0.5,10,0.9458469592232887,0.6917990446090698,0.6896995827555656,1.4,0.47771517310256345,0.6914524063467979,1.0585228204727173,0.0,other
3,0.5,10,0.9458469592232887,0.6917990446090698,0.6896995827555656,0.5,0.9395443793361654,0.6918771117925644,96.31671905517578,0.0014641288433382416,true
3,0.5,14,0.8974790317394882,0.6403366923332214,0.6528893336653709,0.7,0.5295598555093338,0.6563307195901871,1.5205153226852417,0.0,other
3,0.5,14,0.8974790317394882,0.6403366923332214,0.6528893336653709,1.0,0.5291188009789788,0.6105776950716972,1.6808438301086426,0.0,other
3,0.5,14,0.8974790317394882,0.6403366923332214,0.6528893336653709,2.0,0.48612022342208894,-0.835878998041153,2.0197641849517822,0.0,other
3,0.5,14,0.8974790317394882,0.6403366923332214,0.6528893336653709,1.4,0.5090031556390676,0.6374023780226707,1.3692209720611572,0.0,other
3,0.5,14,0.8974790317394882,0.6403366923332214,0.6528893336653709,0.5,0.8998712987902828,0.658047690987587,16.480775833129883,0.0009760858955587537,true
3,0.5,18,0.8957924519372616,0.5717361569404602,0.6039653718471527,0.7,0.5687202423352924,0.5420753844082355,1.4376630783081055,0.0,other
3,0.5,18,0.8957924519372616,0.5717361569404602,0.6039653718471527,1.0,0.5482328485321445,0.5032578371465206,1.9744123220443726,0.0,other
3,0.5,18,0.8957924519372616,0.5717361569404602,0.6039653718471527,2.0,0.5291007620105126,-0.11632102821022272,1.1154413223266602,0.0,other
3,0.5,18,0.8957924519372616,0.5717361569404602,0.6039653718471527,1.4,0.5387536361087442,0.5712647885084152,1.609269380569458,0.0,other
3,0.5,18,0.8957924519372616,0.5717361569404602,0.6039653718471527,0.5,0.9066913178686461,0.6148267239332199,17.61248207092285,0.0009760858955587537,true
3,0.5,22,0.8913805558386994,0.5160278081893921,0.5143204852938652,0.7,0.5686760636089621,0.5175657942891121,1.9357631206512451,0.0,other
3,0.5,22,0.8913805558386994,0.5160278081893921,0.5143204852938652,1.0,0.5689766538284123,0.3916059508919716,2.024801015853882,0.0,other
3,0.5,22,0.8913805558386994,0.5160278081893921,0.5143204852938652,2.0,0.5370593194979104,0.48004357889294624,1.704720377922058,0.0,other
3,0.5,22,0.8913805558386994,0.5160278081893921,0.5143204852938652,1.4,0.5499394605099125,0.51095911860466,2.233280897140503,0.0,other
3,0.5,22,0.8913805558386994,0.5160278081893921,0.5143204852938652,0.5,0.8973778376447865,0.5137655586004257,57.55796432495117,0.00341630063445586,true
3,0.5,26,0.9140467867515696,0.30271512269973755,0.34278207272291183,0.7,0.6196041632445614,0.12204415537416935,1.0030709505081177,0.0,other
3,0.5,26,0.9140467867515696,0.30271512269973755,0.34278207272291183,1.0,0.6109054558566099,-0.2509657144546509,1.4277743101119995,0.0,other
3,0.5,26,0.9140467867515696,0.30271512269973755,0.34278207272291183,2.0,0.6090098176456367,-0.03584952559322119,1.2103585004806519,0.0,other
3,0.5,26,0.9140467867515696,0.30271512269973755,0.34278207272291183,1.4,0.6068644469833162,-0.15850979648530483,1.0025007724761963,0.0,other
3,0.5,26,0.9140467867515696,0.30271512269973755,0.34278207272291183,0.5,0.9158266613125671,-0.18100345507264137,1.7528955936431885,0.0019521717911176184,true
3,0.5,30,0.9320479745608632,0.3470320701599121,0.28134848922491074,0.7,0.6638817919741481,0.141474335687235,1.0719501972198486,0.0,other
3,0.5,30,0.9320479745608632,0.3470320701599121,0.28134848922491074,1.0,0.6616206837451726,0.18917306140065193,2.7361528873443604,0.0,other
3,0.5,30,0.9320479745608632,0.3470320701599121,0.28134848922491074,2.0,0.6109018355689644,0.19144855166086927,3.856499195098877,0.0,other
3,0.5,30,0.9320479745608632,0.3470320701599121,0.28134848922491074,1.4,0.6298819768362058,-0.024097741581499577,1.9475454092025757,0.0,other
3,0.5,30,0.9320479745608632,0.3470320701599121,0.28134848922491074,0.5,0.9257223488589589,0.28869492933154106,1.0926169157028198,0.0024402147388969953,true
3,0.5,34,0.9460689110622195,-0.10962492972612381,-0.10635405126959085,0.7,0.6619602469371849,-0.31244251132011414,5.069942951202393,0.0,other
3,0.5,34,0.9460689110622195,-0.10962492972612381,-0.10635405126959085,1.0,0.6631853671515865,-0.4009370692074299,1.120948314666748,0.0,other
3,0.5,34,0.9460689110622195,-0.10962492972612381,-0.10635405126959085,2.0,0.6435957206430406,-0.21453715674579144,4.65288782119751,0.0,other
3,0.5,34,0.9460689110622195,-0.10962492972612381,-0.10635405126959085,1.4,0.6518540302055252,-0.11888903053477407,4.329577922821045,0.0,other
3,0.5,34,0.9460689110622195,-0.10962492972612381,-0.10635405126959085,0.5,0.9402059877223642,-0.1230038870126009,6.589409351348877,0.0,true
3,0.5,38,0.8659987350685643,-0.11055324226617813,-0.41493021324276924,0.7,0.6621890302489912,-0.6530931144952774,2.9556896686553955,0.0,other
3,0.5,38,0.8659987350685643,-0.11055324226617813,-0.41493021324276924,1.0,0.6418036641721423,-0.3115784600377083,1.150918960571289,0.0,other
3,0.5,38,0.8659987350685643,-0.11055324226617813,-0.41493021324276924,2.0,0.6140418604703068,-0.5272930413484573,1.0020126104354858,0.0,other
3,0.5,38,0.8659987350685643,-0.11055324226617813,-0.41493021324276924,1.4,0.6228033729087062,-0.46096642687916756,1.7778816223144531,0.0,other
3,0.5,38,0.8659987350685643,-0.11055324226617813,-0.41493021324276924,0.5,0.8568544874098313,-0.5086975917220116,3.669616222381592,0.0,true
3,0.5,42,0.8687656237344922,-0.719454824924469,-0.4532933458685875,0.7,0.6252274565059911,-0.6192657500505447,2.484999179840088,0.0,other
3,0.5,42,0.8687656237344922,-0.719454824924469,-0.4532933458685875,1.0,0.6139733552904639,-0.44958899542689323,1.0003236532211304,0.0,other
3,0.5,42,0.8687656237344922,-0.719454824924469,-0.4532933458685875,2.0,0.5743230314542713,-0.7450761422514915,1.5122535228729248,0.0,other
3,0.5,42,0.8687656237344922,-0.719454824924469,-0.4532933458685875,1.4,0.593114419877245,-0.6271829716861248,1.0000090599060059,0.0,other
3,0.5,42,0.8687656237344922,-0.719454824924469,-0.4532933458685875,0.5,0.8557904991441706,-0.46808947250247,1.8998899459838867,0.0014641288433382416,true
3,0.5,46,0.9078200450203012,-0.3866916000843048,-0.33402022533118725,0.7,0.5432995577342249,-0.2847066279500723,1.0828911066055298,0.0,other
3,0.5,46,0.9078200450203012,-0.3866916000843048,-0.33402022533118725,1.0,0.5537239610940908,-0.30706118047237396,1.0587687492370605,0.0,other
3,0.5,46,0.9078200450203012,-0.3866916000843048,-0.33402022533118725,2.0,0.5672040702001087,-0.4776172488927841,2.9518144130706787,0.0,other
3,0.5,46,0.9078200450203012,-0.3866916000843048,-0.33402022533118725,1.4,0.5485269580591079,-0.7383145615458488,1.0061155557632446,0.0,other
3,0.5,46,0.9078200450203012,-0.3866916000843048,-0.33402022533118725,0.5,0.9162136104916069,-0.48739873617887497,10.41426944732666,0.00048804294777937685,true
3,0.5,50,0.9471812876400548,-0.8992224335670471,-0.4346642233431339,0.7,0.6529905854735496,-0.5657738521695137,1.6680423021316528,0.0,other
3,0.5,50,0.9471812876400548,-0.8992224335670471,-0.4346642233431339,1.0,0.6072686410445859,-0.4690718427300453,3.699174165725708,0.0,other
3,0.5,50,0.9471812876400548,-0.8992224335670471,-0.4346642233431339,2.0,0.5662197628834295,-0.3497678339481354,1.6830739974975586,0.0,other
3,0.5,50,0.9471812876400548,-0.8992224335670471,-0.4346642233431339,1.4,0.5932991204450752,-0.4673222526907921,2.1475069522857666,0.0,other
3,0.5,50,0.9471812876400548,-0.8992224335670471,-0.4346642233431339,0.5,0.9443652053531244,-0.3713521175086498,17.80807876586914,0.0019521717911176184,true
3,0.5,54,0.9204268442739474,-0.30511176586151123,-0.5181293338537216,0.7,0.7421252783239553,-0.6067755296826363,1.0259579420089722,0.0,other
3,0.5,54,0.9204268442739474,-0.30511176586151123,-0.5181293338537216,1.0,0.7090200218457038,-0.9024462699890137,1.1055841445922852,0.0,other
3,0.5,54,0.9204268442739474,-0.30511176586151123,-0.5181293338537216,2.0,0.6818272658190366,-0.5040721110999584,1.000634789466858,0.0,other
3,0.5,54,0.9204268442739474,-0.30511176586151123,-0.5181293338537216,1.4,0.6956653837955914,-0.4823715128004551,1.0022655725479126,0.0,other
3,0.5,54,0.9204268442739474,-0.30511176586151123,-0.5181293338537216,0.5,0.9207037488931418,-0.3467479273676872,1.4926639795303345,0.00048804294777937685,true
3,0.5,58,0.9071863952076564,-0.6189858913421631,-0.6578590273857117,0.7,0.6971449799304044,-0.5720183923840523,1.0121238231658936,0.0,other
3,0.5,58,0.9071863952076564,-0.6189858913421631,-0.6578590273857117,1.0,0.6562728765445726,-0.9338511303067207,1.040033221244812,0.0,other
3,0.5,58,0.9071863952076564,-0.6189858913421631,-0.6578590273857117,2.0,0.6288896781148449,-0.9958319067955017,1.0095468759536743,0.0,other
3,0.5,58,0.9071863952076564,-0.6189858913421631,-0.6578590273857117,1.4,0.644626548104221,-0.9882600605487823,1.0003403425216675,0.0,other
3,0.5,58,0.9071863952076564,-0.6189858913421631,-0.6578590273857117,0.5,0.9038636600394229,-0.6466016843914986,1.1128902435302734,0.00048804294777937685,true
3,0.5,62,0.9137061558745578,-0.40278762578964233,-0.5691462345421314,0.7,0.5164456667472522,-1.355719342827797,1.5503108501434326,0.0,other
3,0.5,62,0.9137061558745578,-0.40278762578964233,-0.5691462345421314,1.0,0.43492259209992706,-1.0574761033058167,1.4547576904296875,0.0,other
3,0.5,62,0.9137061558745578,-0.40278762578964233,-0.5691462345421314,2.0,0.4713520059977784,-1.4664868265390396,1.0660690069198608,0.0,other
3,0.5,62,0.9137061558745578,-0.40278762578964233,-0.5691462345421314,1.4,0.45807669988613137,-1.4404586851596832,1.2019622325897217,0.0,other
3,0.5,62,0.9137061558745578,-0.40278762578964233,-0.5691462345421314,0.5,0.9181306845365057,-0.7715264186263084,1.3284636735916138,0.0014641288433382416,true
3,0.5,66,0.9281994270145164,-0.5586206912994385,-0.5472560003399849,0.7,0.6439741473011821,-0.9124325886368752,3.280468225479126,0.0,other
3,0.5,66,0.9281994270145164,-0.5586206912994385,-0.5472560003399849,1.0,0.6276758851730172,-0.6829340979456902,1.1507129669189453,0.0,other
3,0.5,66,0.9281994270145164,-0.5586206912994385,-0.5472560003399849,2.0,0.6126844877669357,-1.3445052355527878,1.0321775674819946,0.0,other
3,0.5,66,0.9281994270145164,-0.5586206912994385,-0.5472560003399849,1.4,0.6322572832598294,-0.7856342121958733,1.8436732292175293,0.0,other
3,0.5,66,0.9281994270145164,-0.5586206912994385,-0.5472560003399849,0.5,0.9207317229825025,-0.7964545786380768,1.9089674949645996,0.0,true
3,0.5,70,0.9343386032300112,-1.1665337085723877,-0.6192356497049332,0.7,0.5659038479714729,-2.190449595451355,1.0085103511810303,0.0,other
3,0.5,70,0.9343386032300112,-1.1665337085723877,-0.6192356497049332,1.0,0.5113293497571689,-1.331597477197647,4.730480194091797,0.0,other
3,0.5,70,0.9343386032300112,-1.1665337085723877,-0.6192356497049332,2.0,0.49599707927498843,-0.6144924163818359,2.155747890472412,0.0,other
3,0.5,70,0.9343386032300112,-1.1665337085723877,-0.6192356497049332,1.4,0.4935125617121381,-1.2248441278934479,1.6856225728988647,0.0,other
3,0.5,70,0.9343386032300112,-1.1665337085723877,-0.6192356497049332,0.5,0.9368108160286399,-0.8245983496308327,4.995580196380615,0.0,true
3,0.5,74,0.8468524546220578,-1.1322871446609497,-0.6413940116763115,0.7,0.5239307717049416,-1.79783296585083,1.0122884511947632,0.0,other
3,0.5,74,0.8468524546220578,-1.1322871446609497,-0.6413940116763115,1.0,0.48931005672530314,-1.6817888021469116,1.1667295694351196,0.0,other
3,0.5,74,0.8468524546220578,-1.1322871446609497,-0.6413940116763115,2.0,0.42918665795621397,-1.3253531903028488,1.9952797889709473,0.0,other
3,0.5,74,0.8468524546220578,-1.1322871446609497,-0.6413940116763115,1.4,0.4654263789243929,-1.0713507905602455,3.2179973125457764,0.0,other
3,0.5,74,0.8468524546220578,-1.1322871446609497,-0.6413940116763115,0.5,0.8629062139376631,-0.9868688210844994,12.994361877441406,0.0019521717911176184,true
3,0.7,10,0.9684046686962112,0.7453256249427795,0.7364808842539787,0.7,0.96909483749509,0.7408767491579056,3.6354498863220215,0.0,true
3,0.7,10,0.9684046686962112,0.7453256249427795,0.7364808842539787,1.0,0.8751200052784524,0.740333266556263,1.021522879600525,0.0,other
3,0.7,10,0.9684046686962112,0.7453256249427795,0.7364808842539787,2.0,0.7985106143761384,0.7260704934597015,2.8000590801239014,0.0,other
3,0.7,10,0.9684046686962112,0.7453256249427795,0.7364808842539787,1.4,0.8457454753731745,0.7327555194497108,1.3231897354125977,0.0,other
3,0.7,14,0.9742004257126888,0.6997296810150146,0.6556393653154373,0.7,0.9736100847453845,0.656882755458355,1.1949712038040161,0.0,true
3,0.7,14,0.9742004257126888,0.6997296810150146,0.6556393653154373,1.0,0.8599067482725067,0.675025686621666,1.0038766860961914,0.0,other
3,0.7,14,0.9742004257126888,0.6997296810150146,0.6556393653154373,2.0,0.8013096085687249,0.6914782449603081,1.0000026226043701,0.0,other
3,0.7,14,0.9742004257126888,0.6997296810150146,0.6556393653154373,1.4,0.8379142845744207,0.6831393018364906,1.000023365020752,0.0,other
3,0.7,18,0.9555581991215228,0.7087829113006592,0.7301311567425728,0.7,0.9547711029287043,0.7198801264166832,1.8979233503341675,0.0,true
3,0.7,18,0.9555581991215228,0.7087829113006592,0.7301311567425728,1.0,0.85735785284166,0.7088876739144325,1.000573754310608,0.0,other
3,0.7,18,0.9555581991215228,0.7087829113006592,0.7301311567425728,2.0,0.7503468764613205,0.7109169512987137,1.0048930644989014,0.0,other
3,0.7,18,0.9555581991215228,0.7087829113006592,0.7301311567425728,1.4,0.7558096063368211,0.7063012197613716,1.2529851198196411,0.0,other
3,0.7,22,0.9708617171039711,0.6800146698951721,0.6268080100417137,0.7,0.9705923667776668,0.6450290679931641,1.1751604080200195,0.0,true
3,0.7,22,0.9708617171039711,0.6800146698951721,0.6268080100417137,1.0,0.8995149836066674,0.6860348358750343,1.4722752571105957,0.0,other
3,0.7,22,0.9708617171039711,0.6800146698951721,0.6268080100417137,2.0,0.8282320114139557,0.6738891899585724,1.0007472038269043,0.0,other
3,0.7,22,0.9708617171039711,0.6800146698951721,0.6268080100417137,1.4,0.8758804288268223,0.681268721818924,1.0018861293792725,0.0,other
3,0.7,26,0.9804881187395103,0.581863522529602,0.6428996697068214,0.7,0.9795909910880086,0.6541958749294281,5.509957790374756,0.0,true
3,0.7,26,0.9804881187395103,0.581863522529602,0.6428996697068214,1.0,0.9113381629870015,0.559009239077568,3.6996572017669678,0.0,other
3,0.7,26,0.9804881187395103,0.581863522529602,0.6428996697068214,2.0,0.8222160111751421,0.6160618662834167,1.7960842847824097,0.0,other
3,0.7,26,0.9804881187395103,0.581863522529602,0.6428996697068214,1.4,0.8455795054324537,0.5807440057396889,1.0726474523544312,0.0,other
3,0.7,30,0.9626186438171805,0.5668616890907288,0.5828406736254692,0.7,0.964438910563154,0.5852520391345024,2.2526657581329346,0.0,true
3,0.7,30,0.9626186438171805,0.5668616890907288,0.5828406736254692,1.0,0.8966022041723208,0.615988165140152,2.589362621307373,0.0,other
3,0.7,30,0.9626186438171805,0.5668616890907288,0.5828406736254692,2.0,0.8494814464633255,0.5659628584980965,1.0041084289550781,0.0,other
3,0.7,30,0.9626186438171805,0.5668616890907288,0.5828406736254692,1.4,0.8831912805659217,0.5655773282051086,1.005454659461975,0.0,other
3,0.7,34,0.9752259593280186,0.5635294318199158,0.5770226269960403,0.7,0.97709097992849,0.5503288581967354,1.1805670261383057,0.0,true
3,0.7,34,0.9752259593280186,0.5635294318199158,0.5770226269960403,1.0,0.8638292925646361,0.5123652257025242,1.2720139026641846,0.0,other
3,0.7,34,0.9752259593280186,0.5635294318199158,0.5770226269960403,2.0,0.8212158727971112,0.5929093584418297,1.9525530338287354,0.0,other
3,0.7,34,0.9752259593280186,0.5635294318199158,0.5770226269960403,1.4,0.8422852099551834,0.4302043318748474,1.1996653079986572,0.0,other
3,0.7,38,0.9715625530077135,0.5865413546562195,0.5747031792998314,0.7,0.971273924612988,0.6224012225866318,3.943859100341797,0.0,true
3,0.7,38,0.9715625530077135,0.5865413546562195,0.5747031792998314,1.0,0.8870060183283934,0.5758487582206726,2.364976406097412,0.0,other
3,0.7,38,0.9715625530077135,0.5865413546562195,0.5747031792998314,2.0,0.8270823592003537,0.5473913848400116,1.0432493686676025,0.0,other
3,0.7,38,0.9715625530077135,0.5865413546562195,0.5747031792998314,1.4,0.859972138866818,0.5841662585735321,1.091890573501587,0.0,other
3,0.7,42,0.9638244019055995,0.41357654333114624,0.492219265550375,0.7,0.9667555206138629,0.5133059099316597,1.4700281620025635,0.0,true
3,0.7,42,0.9638244019055995,0.41357654333114624,0.492219265550375,1.0,0.8937795099520588,0.5425352081656456,2.505770444869995,0.0,other
3,0.7,42,0.9638244019055995,0.41357654333114624,0.492219265550375,2.0,0.8515492397019964,0.5018302500247955,2.465277910232544,0.0,other
3,0.7,42,0.9638244019055995,0.41357654333114624,0.492219265550375,1.4,0.8792999912955757,0.5116672366857529,1.5431840419769287,0.0,other
3,0.7,46,0.9533625722020856,0.5102660059928894,0.5125161483883858,0.7,0.9630292025073207,0.5068065263330936,1.0261529684066772,0.0,true
3,0.7,46,0.9533625722020856,0.5102660059928894,0.5125161483883858,1.0,0.8829732863443204,0.5592641904950142,1.9535973072052002,0.0,other
3,0.7,46,0.9533625722020856,0.5102660059928894,0.5125161483883858,2.0,0.8118978630637791,0.5070842355489731,1.0009886026382446,0.0,other
3,0.7,46,0.9533625722020856,0.5102660059928894,0.5125161483883858,1.4,0.8514137980194088,0.5056425034999847,1.013189435005188,0.0,other
3,0.7,50,0.9575920367349037,0.4925445318222046,0.48908838257193565,0.7,0.9550971770881693,0.49298591166734695,1.0002955198287964,0.0,true
3,0.7,50,0.9575920367349037,0.4925445318222046,0.48908838257193565,1.0,0.8340367968387317,0.37762071564793587,1.0910415649414062,0.0,other
3,0.7,50,0.9575920367349037,0.4925445318222046,0.48908838257193565,2.0,0.7414739003968326,0.5278172641992569,2.624769926071167,0.0,other
3,0.7,50,0.9575920367349037,0.4925445318222046,0.48908838257193565,1.4,0.800959115987573,0.5664260014891624,2.826136350631714,0.0,other
3,0.7,54,0.9803034942684714,0.43482735753059387,0.4321063309907913,0.7,0.9790085144337216,0.40610868856310844,1.0900061130523682,0.0,true
3,0.7,54,0.9803034942684714,0.43482735753059387,0.4321063309907913,1.0,0.8543374370603151,0.4329492598772049,1.0037363767623901,0.0,other
3,0.7,54,0.9803034942684714,0.43482735753059387,0.4321063309907913,2.0,0.7427473660746171,0.43325572088360786,1.2146668434143066,0.0,other
3,0.7,54,0.9803034942684714,0.43482735753059387,0.4321063309907913,1.4,0.8095754793571226,0.09412132017314434,1.01461923122406,0.0,other
3,0.7,58,0.9844920284768599,0.4259026348590851,0.3103046640753746,0.7,0.9843724751589118,0.335598424077034,1.184258222579956,0.0,true
3,0.7,58,0.9844920284768599,0.4259026348590851,0.3103046640753746,1.0,0.8844298095866785,0.1926604826003313,1.1756983995437622,0.0,other
3,0.7,58,0.9844920284768599,0.4259026348590851,0.3103046640753746,2.0,0.8265846056114524,0.21986651606857777,1.0001918077468872,0.0,other
3,0.7,58,0.9844920284768599,0.4259026348590851,0.3103046640753746,1.4,0.8552666762266544,0.06890557706356049,1.3562999963760376,0.0,other
3,0.7,62,0.9692685088986003,0.41762933135032654,0.45635074004530907,0.7,0.9638668429498627,0.4742586724460125,1.0249682664871216,0.0,true
3,0.7,62,0.9692685088986003,0.41762933135032654,0.45635074004530907,1.0,0.9169642677793453,0.44372010603547096,1.9290697574615479,0.0,other
3,0.7,62,0.9692685088986003,0.41762933135032654,0.45635074004530907,2.0,0.8125198988166448,0.36475301161408424,1.0823819637298584,0.0,other
3,0.7,62,0.9692685088986003,0.41762933135032654,0.45635074004530907,1.4,0.8759538194010464,0.4244680814445019,1.0079014301300049,0.0,other
3,0.7,66,0.9639893144819307,0.4162646234035492,0.4154885895550251,0.7,0.961275083807985,0.4424421563744545,1.891756296157837,0.0,true
3,0.7,66,0.9639893144819307,0.4162646234035492,0.4154885895550251,1.0,0.8947534987880764,0.437286414206028,1.7378919124603271,0.0,other
3,0.7,66,0.9639893144819307,0.4162646234035492,0.4154885895550251,2.0,0.7934950426628399,0.4088611453771591,1.0000827312469482,0.0,other
3,0.7,66,0.9639893144819307,0.4162646234035492,0.4154885895550251,1.4,0.8496641514971612,0.41433416306972504,1.0000441074371338,0.0,other
3,0.7,70,0.9481976941324499,0.3433230221271515,0.3673412650823593,0.7,0.9520225389327784,0.3458958975970745,1.9380830526351929,0.0,true
3,0.7,70,0.9481976941324499,0.3433230221271515,0.3673412650823593,1.0,0.8180199250477976,0.3340367451310158,1.6715162992477417,0.0,other
3,0.7,70,0.9481976941324499,0.3433230221271515,0.3673412650823593,2.0,0.6878215248030838,0.3601660020649433,1.0019502639770508,0.0,other
3,0.7,70,0.9481976941324499,0.3433230221271515,0.3673412650823593,1.4,0.7643106461125226,0.32263630628585815,2.088174343109131,0.0,other
3,0.7,74,0.7255848327076564,0.18216904997825623,0.24929162487387657,0.7,0.7254515657362606,0.29853870905935764,2.254624128341675,0.0,true
3,0.7,74,0.7255848327076564,0.18216904997825623,0.24929162487387657,1.0,0.7227503372964506,0.24295498803257942,1.0073367357254028,0.0,other
3,0.7,74,0.7255848327076564,0.18216904997825623,0.24929162487387657,2.0,0.6304756968003429,0.10027043242007494,1.0358890295028687,0.0,other
3,0.7,74,0.7255848327076564,0.18216904997825623,0.24929162487387657,1.4,0.6989307572441076,0.24108565784990788,1.0000100135803223,0.0,other
3,0.7,78,0.9835069233653538,0.2683880627155304,0.2835081070661545,0.7,0.9818349596471808,0.27629319205880165,1.0109491348266602,0.0,true
3,0.7,78,0.9835069233653538,0.2683880627155304,0.2835081070661545,1.0,0.8778423391578583,0.29498109966516495,1.4767670631408691,0.0,other
3,0.7,78,0.9835069233653538,0.2683880627155304,0.2835081070661545,2.0,0.8247755541816949,0.19409984536468983,1.5774574279785156,0.0,other
3,0.7,78,0.9835069233653538,0.2683880627155304,0.2835081070661545,1.4,0.8630215205736886,0.23327110521495342,1.7085115909576416,0.0,other
3,0.7,82,0.9718459074738665,0.12240605056285858,0.13350980496034026,0.7,0.971919690026208,0.11331031937152147,2.6858818531036377,0.0,true
3,0.7,82,0.9718459074738665,0.12240605056285858,0.13350980496034026,1.0,0.8653022746953529,0.17975042946636677,1.0689183473587036,0.0,other
3,0.7,82,0.9718459074738665,0.12240605056285858,0.13350980496034026,2.0,0.7918089359258833,0.12989266403019428,1.0125887393951416,0.0,other
3,0.7,82,0.9718459074738665,0.12240605056285858,0.13350980496034026,1.4,0.8353328977989429,0.2638190593570471,2.699667453765869,0.0,other
3,0.7,86,0.9432248316586618,0.11110875755548477,0.12912679091095924,0.7,0.9511236421655717,-0.05933274421840906,2.005492925643921,0.0,true
3,0.7,86,0.9432248316586618,0.11110875755548477,0.12912679091095924,1.0,0.7863558703531766,0.0448381588794291,1.0025715827941895,0.0,other
3,0.7,86,0.9432248316586618,0.11110875755548477,0.12912679091095924,2.0,0.7140352361500732,-0.2527485229074955,1.000002145767212,0.0,other
3,0.7,86,0.9432248316586618,0.11110875755548477,0.12912679091095924,1.4,0.753000932656769,-0.1896911133080721,1.018092393875122,0.0,other
3,1.0,10,0.9668929751946223,0.7068597674369812,0.6584314554929733,0.7,0.8527437001727495,0.6992214322090149,1.0987907648086548,0.0,other
3,1.0,10,0.9668929751946223,0.7068597674369812,0.6584314554929733,1.0,0.961595339673428,0.7628646269440651,1.9406681060791016,0.0,true
3,1.0,10,0.9668929751946223,0.7068597674369812,0.6584314554929733,2.0,0.8188162721962826,0.742450475692749,1.4023197889328003,0.0,other
3,1.0,10,0.9668929751946223,0.7068597674369812,0.6584314554929733,1.4,0.870511728096097,0.744900606572628,1.4182945489883423,0.0,other
3,1.0,14,0.969539607084509,0.7293741106987,0.7265758439898491,0.7,0.8493743429833412,0.7303891107439995,1.0392996072769165,0.0,other
3,1.0,14,0.969539607084509,0.7293741106987,0.7265758439898491,1.0,0.9748925394154199,0.7340953424572945,1.1522921323776245,0.0,true
3,1.0,14,0.969539607084509,0.7293741106987,0.7265758439898491,2.0,0.8176188558480343,0.660610519349575,1.8134549856185913,0.0,other
3,1.0,14,0.969539607084509,0.7293741106987,0.7265758439898491,1.4,0.8810251287250475,0.712150327861309,1.6189671754837036,0.0,other
3,1.0,18,0.971467341389762,0.6698901653289795,0.6741271913051605,0.7,0.30766939451799813,0.5776723772287369,1.5377659797668457,0.0,other
3,1.0,18,0.971467341389762,0.6698901653289795,0.6741271913051605,1.0,0.9700517731917119,0.673617996275425,1.1460789442062378,0.0,true
3,1.0,18,0.971467341389762,0.6698901653289795,0.6741271913051605,2.0,0.8175956008061638,0.667515218257904,1.0314953327178955,0.0,other
3,1.0,18,0.971467341389762,0.6698901653289795,0.6741271913051605,1.4,0.8759967389096707,0.6689019575715065,1.2486793994903564,0.0,other
3,1.0,22,0.9674035064323466,0.7185966968536377,0.721965566277504,0.7,0.7837416582598294,0.7314722165465355,1.0039126873016357,0.0,other
3,1.0,22,0.9674035064323466,0.7185966968536377,0.721965566277504,1.0,0.9686142388761919,0.7249321341514587,1.0046824216842651,0.0,true
3,1.0,22,0.9674035064323466,0.7185966968536377,0.721965566277504,2.0,0.8102204297865409,0.7323217391967773,1.000968098640442,0.0,other
3,1.0,22,0.9674035064323466,0.7185966968536377,0.721965566277504,1.4,0.8741668610282829,0.7323112636804581,1.0135411024093628,0.0,other
3,1.0,26,0.9486095741974077,0.6688763499259949,0.6093848124146461,0.7,0.8617674682734887,0.6538910046219826,1.0109367370605469,0.0,other
3,1.0,26,0.9486095741974077,0.6688763499259949,0.6093848124146461,1.0,0.9502261908880301,0.6630135700106621,1.0046266317367554,0.0,true
3,1.0,26,0.9486095741974077,0.6688763499259949,0.6093848124146461,2.0,0.8431434564488627,0.5831406265497208,1.0034383535385132,0.0,other
3,1.0,26,0.9486095741974077,0.6688763499259949,0.6093848124146461,1.4,0.8820274278648716,0.6324003487825394,1.0120701789855957,0.0,other
3,1.0,30,0.972078612391976,0.5970525145530701,0.6450706347823143,0.7,0.8553150164714497,0.5728258565068245,1.6104252338409424,0.0,other
3,1.0,30,0.972078612391976,0.5970525145530701,0.6450706347823143,1.0,0.9707369913491413,0.6355877816677094,1.7916897535324097,0.0,true
3,1.0,30,0.972078612391976,0.5970525145530701,0.6450706347823143,2.0,0.84972008021462,0.6116786375641823,1.0923495292663574,0.0,other
3,1.0,30,0.972078612391976,0.5970525145530701,0.6450706347823143,1.4,0.8809502137888093,0.5685970932245255,1.0028973817825317,0.0,other
3,1.0,34,0.9677531606546621,0.5857859253883362,0.6086997762322426,0.7,0.8422207930288721,0.6188380345702171,2.4351491928100586,0.0,other
3,1.0,34,0.9677531606546621,0.5857859253883362,0.6086997762322426,1.0,0.9681089749312576,0.6058728992938995,1.1214962005615234,0.0,true
3,1.0,34,0.9677531606546621,0.5857859253883362,0.6086997762322426,2.0,0.8274449110363177,0.6338655948638916,2.936990737915039,0.0,other
3,1.0,34,0.9677531606546621,0.5857859253883362,0.6086997762322426,1.4,0.872633096788737,0.5952751785516739,4.090753555297852,0.0,other
3,1.0,38,0.9658944563417314,0.559317946434021,0.5582753978669643,0.7,0.882745697726583,0.6467737704515457,2.248253345489502,0.0,other
3,1.0,38,0.9658944563417314,0.559317946434021,0.5582753978669643,1.0,0.9662472202218871,0.6542800590395927,1.2657274007797241,0.0,true
3,1.0,38,0.9658944563417314,0.559317946434021,0.5582753978669643,2.0,0.8444979444166698,0.5693908855319023,1.1910650730133057,0.0,other
3,1.0,38,0.9658944563417314,0.559317946434021,0.5582753978669643,1.4,0.893824657179588,0.6107939332723618,1.0068336725234985,0.0,other
3,1.0,42,0.970547986767043,0.6662195920944214,0.6579943597316742,0.7,0.8877478305895798,0.6067907437682152,2.3382246494293213,0.0,other
3,1.0,42,0.970547986767043,0.6662195920944214,0.6579943597316742,1.0,0.9753311810341749,0.6581118181347847,1.0024136304855347,0.0,true
3,1.0,42,0.970547986767043,0.6662195920944214,0.6579943597316742,2.0,0.8549673821220048,0.637107290327549,1.1853406429290771,0.0,other
3,1.0,42,0.970547986767043,0.6662195920944214,0.6579943597316742,1.4,0.9012132782090312,0.3517218679189682,1.681273341178894,0.0,other
3,1.0,46,0.972003478142967,0.6146607995033264,0.7308835461735725,0.7,0.8780774088378924,0.5363921858370304,1.0592855215072632,0.0,other
3,1.0,46,0.972003478142967,0.6146607995033264,0.7308835461735725,1.0,0.969761589439078,0.672698900103569,1.0087010860443115,0.0,true
3,1.0,46,0.972003478142967,0.6146607995033264,0.7308835461735725,2.0,0.8253325731841232,0.5884331092238426,1.063847303390503,0.0,other
3,1.0,46,0.972003478142967,0.6146607995033264,0.7308835461735725,1.4,0.8911389809239191,0.6505491808056831,1.000000238418579,0.0,other
3,1.0,50,0.9763109518957791,0.6909565925598145,0.7038645222783089,0.7,0.8661207197666324,0.6993291229009628,1.602562665939331,0.0,other
3,1.0,50,0.9763109518957791,0.6909565925598145,0.7038645222783089,1.0,0.9753996056226121,0.6993487402796745,1.3154619932174683,0.0,true
3,1.0,50,0.9763109518957791,0.6909565925598145,0.7038645222783089,2.0,0.8570119161339858,0.689659833908081,1.0000357627868652,0.0,other
3,1.0,50,0.9763109518957791,0.6909565925598145,0.7038645222783089,1.4,0.9075450760855981,0.6913248375058174,1.0004942417144775,0.0,other
3,1.0,54,0.9656561406367177,0.7561997771263123,0.7527312189340591,0.7,0.8518974250526731,0.7155205011367798,1.2322558164596558,0.0,other
3,1.0,54,0.9656561406367177,0.7561997771263123,0.7527312189340591,1.0,0.9616683410594403,0.7559598758816719,1.3736968040466309,0.0,true
3,1.0,54,0.9656561406367177,0.7561997771263123,0.7527312189340591,2.0,0.8195233088933563,0.6174995750188828,1.0017271041870117,0.0,other
3,1.0,54,0.9656561406367177,0.7561997771263123,0.7527312189340591,1.4,0.877284929572278,0.6577295735478401,2.1696932315826416,0.0,other
3,1.0,58,0.9760432601529302,0.7415048480033875,0.7310632392764091,0.7,0.87433488571537,0.7347961440682411,2.8898398876190186,0.0,other
3,1.0,58,0.9760432601529302,0.7415048480033875,0.7310632392764091,1.0,0.9780094362099598,0.7269319593906403,1.4058961868286133,0.0,true
3,1.0,58,0.9760432601529302,0.7415048480033875,0.7310632392764091,2.0,0.8506864345449596,0.7368571907281876,1.3709138631820679,0.0,other
3,1.0,58,0.9760432601529302,0.7415048480033875,0.7310632392764091,1.4,0.8914935648635862,0.7619737088680267,2.0816664695739746,0.0,other
3,1.0,62,0.9758455427766669,0.7900380492210388,0.773337185382843,0.7,0.8613386637703997,0.7483479380607605,1.0958198308944702,0.0,other
3,1.0,62,0.9758455427766669,0.7900380492210388,0.773337185382843,1.0,0.9765382280469952,0.7846327573060989,1.1268489360809326,0.0,true
3,1.0,62,0.9758455427766669,0.7900380492210388,0.773337185382843,2.0,0.825255755242742,0.7931293100118637,3.4635777473449707,0.0,other
3,1.0,62,0.9758455427766669,0.7900380492210388,0.773337185382843,1.4,0.8710849883829411,0.7902352437376976,1.3092297315597534,0.0,other
3,1.0,66,0.9601259114536838,0.775132954120636,0.7803181260824203,0.7,0.832954528588455,0.783429779112339,1.1529549360275269,0.0,other
3,1.0,66,0.9601259114536838,0.775132954120636,0.7803181260824203,1.0,0.9657542899979468,0.7760785073041916,1.0314985513687134,0.0,true
3,1.0,66,0.9601259114536838,0.775132954120636,0.7803181260824203,2.0,0.7926302790102848,0.7827248498797417,1.1530836820602417,0.0,other
3,1.0,66,0.9601259114536838,0.775132954120636,0.7803181260824203,1.4,0.8501832476654289,0.7780869007110596,1.0341887474060059,0.0,other
3,1.0,70,0.9748989380044104,0.8297030925750732,0.7504638954997063,0.7,0.8530657652751492,0.8178465217351913,1.0022270679473877,0.0,other
3,1.0,70,0.9748989380044104,0.8297030925750732,0.7504638954997063,1.0,0.8921708737121916,0.8179546147584915,1.5841155052185059,0.0,true
3,1.0,70,0.9748989380044104,0.8297030925750732,0.7504638954997063,2.0,0.8201041583505367,0.8136947751045227,1.1746174097061157,0.0,other
3,1.0,70,0.9748989380044104,0.8297030925750732,0.7504638954997063,1.4,0.870846538763704,0.8245604261755943,2.3030669689178467,0.0,other
3,1.0,74,0.9670548230881515,0.8042320013046265,0.8134701773524284,0.7,0.865133817972628,0.8611912429332733,1.1752952337265015,0.0,other
3,1.0,74,0.9670548230881515,0.8042320013046265,0.8134701773524284,1.0,0.9686345519899655,0.8213946670293808,1.0129320621490479,0.0,true
3,1.0,74,0.9670548230881515,0.8042320013046265,0.8134701773524284,2.0,0.8361427807400101,0.8054338172078133,1.0005418062210083,0.0,other
3,1.0,74,0.9670548230881515,0.8042320013046265,0.8134701773524284,1.4,0.8814703837535266,0.8139386251568794,1.0019264221191406,0.0,other
3,1.0,78,0.9747995373821556,0.8634049892425537,0.8651099875569344,0.7,0.858073692718191,0.8661378100514412,1.089331030845642,0.0,other
3,1.0,78,0.9747995373821556,0.8634049892425537,0.8651099875569344,1.0,0.9491436213307505,0.8643578886985779,1.1045453548431396,0.0,true
3,1.0,78,0.9747995373821556,0.8634049892425537,0.8651099875569344,2.0,0.8509524119067602,0.8619406074285507,1.0037391185760498,0.0,other
3,1.0,78,0.9747995373821556,0.8634049892425537,0.8651099875569344,1.4,0.8909734448094849,0.8629703149199486,1.003490686416626,0.0,other
3,1.0,82,0.9672257604095991,0.8628810048103333,0.8618771210312843,0.7,0.8629604375535659,0.8625601306557655,1.0070221424102783,0.0,other
3,1.0,82,0.9672257604095991,0.8628810048103333,0.8618771210312843,1.0,0.9659649287018357,0.8620307147502899,1.0034493207931519,0.0,true
3,1.0,82,0.9672257604095991,0.8628810048103333,0.8618771210312843,2.0,0.8376083254472736,0.8627899140119553,1.0398740768432617,0.0,other
3,1.0,82,0.9672257604095991,0.8628810048103333,0.8618771210312843,1.4,0.8791302494375605,0.8615094795823097,1.0167711973190308,0.0,other
3,1.0,86,0.9665588424677714,0.8664989471435547,0.858271524310112,0.7,0.8475525264592187,0.8661780953407288,1.0044564008712769,0.0,other
3,1.0,86,0.9665588424677714,0.8664989471435547,0.858271524310112,1.0,0.9602267948969755,0.8674713000655174,1.1478756666183472,0.0,true
3,1.0,86,0.9665588424677714,0.8664989471435547,0.858271524310112,2.0,0.8182510858211621,0.8565557822585106,1.808121681213379,0.0,other
3,1.0,86,0.9665588424677714,0.8664989471435547,0.858271524310112,1.4,0.8724487847842197,0.8659740537405014,1.008179783821106,0.0,other
3,1.4,10,0.980695881077474,0.8017211556434631,0.7933509945869446,0.7,0.859358436484484,0.7377309501171112,1.1080352067947388,0.0,other
3,1.4,10,0.980695881077474,0.8017211556434631,0.7933509945869446,1.0,0.9064945957241191,0.7998173832893372,1.09925377368927,0.0,other
3,1.4,10,0.980695881077474,0.8017211556434631,0.7933509945869446,2.0,0.8996089746522696,0.7989191338419914,1.117795705795288,0.0,other
3,1.4,10,0.980695881077474,0.8017211556434631,0.7933509945869446,1.4,0.9807109073692999,0.7900103777647018,1.0462427139282227,0.0,true
3,1.4,14,0.968399111255937,0.7531188726425171,0.745293416082859,0.7,0.8361429551074886,0.8031197190284729,2.3118326663970947,0.0,other
3,1.4,14,0.968399111255937,0.7531188726425171,0.745293416082859,1.0,0.876981523185016,0.7718698233366013,1.2929730415344238,0.0,other
3,1.4,14,0.968399111255937,0.7531188726425171,0.745293416082859,2.0,0.8875154852270293,0.7473006322979927,1.0189099311828613,0.0,other
3,1.4,14,0.968399111255937,0.7531188726425171,0.745293416082859,1.4,0.9381121470244262,0.7479358315467834,1.006441593170166,0.0,true
3,1.4,18,0.9727949656063638,0.7596827149391174,0.7587305828928947,0.7,0.8378224724248297,0.7779603898525238,1.0180622339248657,0.0,other
3,1.4,18,0.9727949656063638,0.7596827149391174,0.7587305828928947,1.0,0.8767501096422706,0.77384252846241,1.4316246509552002,0.0,other
3,1.4,18,0.9727949656063638,0.7596827149391174,0.7587305828928947,2.0,0.8744734785670286,0.7654944583773613,1.0197358131408691,0.0,other
3,1.4,18,0.9727949656063638,0.7596827149391174,0.7587305828928947,1.4,0.9678213871616437,0.7632534205913544,1.1031031608581543,0.0,true
3,1.4,22,0.9858857184386495,0.8135925531387329,0.8147265389561653,0.7,0.8922908887552228,0.8135249018669128,1.0001389980316162,0.0,other
3,1.4,22,0.9858857184386495,0.8135925531387329,0.8147265389561653,1.0,0.9292368312100491,0.8136065676808357,1.00050950050354,0.0,other
3,1.4,22,0.9858857184386495,0.8135925531387329,0.8147265389561653,2.0,0.9260825067849875,0.8101957812905312,1.9427522420883179,0.0,other
3,1.4,22,0.9858857184386495,0.8135925531387329,0.8147265389561653,1.4,0.9859594033451775,0.8147214949131012,1.0172711610794067,0.0,true
3,1.4,26,0.9904900339918938,0.780583918094635,0.779895469546318,0.7,0.9216166878325538,0.7814336270093918,1.013346552848816,0.0,other
3,1.4,26,0.9904900339918938,0.780583918094635,0.779895469546318,1.0,0.9557297836950507,0.7827242687344551,1.5582802295684814,0.0,other
3,1.4,26,0.9904900339918938,0.780583918094635,0.779895469546318,2.0,0.951554566977199,0.7802231013774872,1.000171184539795,0.0,other
3,1.4,26,0.9904900339918938,0.780583918094635,0.779895469546318,1.4,0.9903038039451132,0.779725007712841,1.0003710985183716,0.0,true
3,1.4,30,0.9756869353283578,0.5883261561393738,0.7128083556890488,0.7,0.8647411396212015,0.5840290188789368,1.0414286851882935,0.0,other
3,1.4,30,0.9756869353283578,0.5883261561393738,0.7128083556890488,1.0,0.9021093694202409,0.5916365161538124,1.9866690635681152,0.0,other
3,1.4,30,0.9756869353283578,0.5883261561393738,0.7128083556890488,2.0,0.9007686788022713,0.5922990068793297,1.0214331150054932,0.0,other
3,1.4,30,0.9756869353283578,0.5883261561393738,0.7128083556890488,1.4,0.9736493425369604,0.6981071978807449,1.7672041654586792,0.0,true
3,1.4,34,0.9817246240916153,0.7982662916183472,0.8139616772532463,0.7,0.8456628349529517,0.8213249295949936,1.6163508892059326,0.0,other
3,1.4,34,0.9817246240916153,0.7982662916183472,0.8139616772532463,1.0,0.8921599722574367,0.7973336651921272,1.0014969110488892,0.0,other
3,1.4,34,0.9817246240916153,0.7982662916183472,0.8139616772532463,2.0,0.8822065325590116,0.7096336334943771,1.0582642555236816,0.0,other
3,1.4,34,0.9817246240916153,0.7982662916183472,0.8139616772532463,1.4,0.9801195156545729,0.8153605759143829,1.0008392333984375,0.0,true
3,1.4,38,0.9391786761686248,0.8334404230117798,0.8723151683807373,0.7,0.7736756748160912,0.7846727073192596,1.1640621423721313,0.0,other
3,1.4,38,0.9391786761686248,0.8334404230117798,0.8723151683807373,1.0,0.8102799476841768,0.8583863005042076,1.0976375341415405,0.0,other
3,1.4,38,0.9391786761686248,0.8334404230117798,0.8723151683807373,2.0,0.8197585693943508,0.8258368000388145,1.0020787715911865,0.0,other
3,1.4,38,0.9391786761686248,0.8334404230117798,0.8723151683807373,1.4,0.9309246595788845,0.8664653077721596,1.0432119369506836,0.0,true
3,1.4,42,0.971312768107435,0.8128167390823364,0.8268171772360802,0.7,0.8089911292986467,0.587949488312006,1.0499088764190674,0.0,other
3,1.4,42,0.971312768107435,0.8128167390823364,0.8268171772360802,1.0,0.8476883977832734,0.8244955912232399,1.0148102045059204,0.0,other
3,1.4,42,0.971312768107435,0.8128167390823364,0.8268171772360802,2.0,0.8276763231841232,0.826376810669899,1.0003833770751953,0.0,other
3,1.4,42,0.971312768107435,0.8128167390823364,0.8268171772360802,1.4,0.9748222539772525,0.8214683532714844,1.0000154972076416,0.0,true
3,1.4,46,0.9772628909179375,0.8242194652557373,0.8343353793025017,0.7,0.8309089107082278,0.8307082951068878,1.0089960098266602,0.0,other
3,1.4,46,0.9772628909179375,0.8242194652557373,0.8343353793025017,1.0,0.8698529621826234,0.8251692652702332,1.0031150579452515,0.0,other
3,1.4,46,0.9772628909179375,0.8242194652557373,0.8343353793025017,2.0,0.8800910616719638,0.8253017291426659,1.0000414848327637,0.0,other
3,1.4,46,0.9772628909179375,0.8242194652557373,0.8343353793025017,1.4,0.9784559466842839,0.83402219414711,1.101180076599121,0.0,true
3,1.4,50,0.9716096228011596,0.8472806811332703,0.8420820012688637,0.7,0.8150971152975997,0.8211506977677345,3.2100608348846436,0.0,other
3,1.4,50,0.9716096228011596,0.8472806811332703,0.8420820012688637,1.0,0.8689160476629025,0.846952959895134,1.002829909324646,0.0,other
3,1.4,50,0.9716096228011596,0.8472806811332703,0.8420820012688637,2.0,0.8830647354200417,0.8469667807221413,1.0014588832855225,0.0,other
3,1.4,50,0.9716096228011596,0.8472806811332703,0.8420820012688637,1.4,0.96998368930686,0.8475998863577843,1.000723958015442,0.0,true
3,1.4,54,0.9713249264029749,0.8401945233345032,0.8386572301387787,0.7,0.6576716780344963,0.8268849849700928,1.8410903215408325,0.0,other
3,1.4,54,0.9713249264029749,0.8401945233345032,0.8386572301387787,1.0,0.827400959272221,0.8414905592799187,1.0107474327087402,0.0,other
3,1.4,54,0.9713249264029749,0.8401945233345032,0.8386572301387787,2.0,0.8370152821237905,0.840054340660572,1.5460079908370972,0.0,other
3,1.4,54,0.9713249264029749,0.8401945233345032,0.8386572301387787,1.4,0.9683044729582545,0.8395278751850128,1.0009373426437378,0.0,true
3,1.4,58,0.9755514378481771,0.8130435347557068,0.8033034726977348,0.7,0.8397960374781275,0.7228512614965439,1.1826343536376953,0.0,other
3,1.4,58,0.9755514378481771,0.8130435347557068,0.8033034726977348,1.0,0.8940338590954543,0.8144883215427399,1.003557801246643,0.0,other
3,1.4,58,0.9755514378481771,0.8130435347557068,0.8033034726977348,2.0,0.8991980574625935,0.8289918154478073,1.9834033250808716,0.0,other
3,1.4,58,0.9755514378481771,0.8130435347557068,0.8033034726977348,1.4,0.976046892576242,0.7786870822310448,1.004361867904663,0.0,true
3,1.4,62,0.9799284102930939,0.7570086121559143,0.7660260945558548,0.7,0.8586921309212407,0.7991942465305328,2.336808443069458,0.0,other
3,1.4,62,0.9799284102930939,0.7570086121559143,0.7660260945558548,1.0,0.9033671197059244,0.779133602976799,1.0325886011123657,0.0,other
3,1.4,62,0.9799284102930939,0.7570086121559143,0.7660260945558548,2.0,0.9100786299682178,0.7601897567510605,1.087064504623413,0.0,other
3,1.4,62,0.9799284102930939,0.7570086121559143,0.7660260945558548,1.4,0.9809250961950507,0.7661049216985703,1.1768146753311157,0.0,true
3,1.4,66,0.9721257209049032,0.8007534742355347,0.7943404465913773,0.7,0.7748888330602972,0.7952584251761436,1.000275731086731,0.0,other
3,1.4,66,0.9721257209049032,0.8007534742355347,0.7943404465913773,1.0,0.8068273279313825,0.6175884455442429,1.1793783903121948,0.0,other
3,1.4,66,0.9721257209049032,0.8007534742355347,0.7943404465913773,2.0,0.8193926724926796,0.7955155447125435,1.0000355243682861,0.0,other
3,1.4,66,0.9721257209049032,0.8007534742355347,0.7943404465913773,1.4,0.9734915929766456,0.7952805683016777,1.0000030994415283,0.0,true
3,1.4,70,0.9663644492331179,0.7147439122200012,0.7679836601018906,0.7,0.6873360248232333,0.691008597612381,1.0015519857406616,0.0,other
3,1.4,70,0.9663644492331179,0.7147439122200012,0.7679836601018906,1.0,0.7532768712838804,0.7908702790737152,1.0677834749221802,0.0,other
3,1.4,70,0.9663644492331179,0.7147439122200012,0.7679836601018906,2.0,0.8048585949496484,0.7095823660492897,1.0043812990188599,0.0,other
3,1.4,70,0.9663644492331179,0.7147439122200012,0.7679836601018906,1.4,0.9641261995659945,0.8606046438217163,3.7901463508605957,0.0,true
3,1.4,74,0.9762797247727923,0.7938435077667236,0.7432287707924843,0.7,0.7322991175052674,0.86556276679039,2.298255681991577,0.0,other
3,1.4,74,0.9762797247727923,0.7938435077667236,0.7432287707924843,1.0,0.8278652203558549,0.7477276623249054,1.0543192625045776,0.0,other
3,1.4,74,0.9762797247727923,0.7938435077667236,0.7432287707924843,2.0,0.8629330897582403,0.7559712380170822,2.762014627456665,0.0,other
3,1.4,74,0.9762797247727923,0.7938435077667236,0.7432287707924843,1.4,0.9757705563912797,0.7982260882854462,1.096447467803955,0.0,true
3,1.4,78,0.9656081030938651,0.7446320056915283,0.8455630019307137,0.7,0.7850311155278007,0.852431483566761,1.2707009315490723,0.0,other
3,1.4,78,0.9656081030938651,0.7446320056915283,0.8455630019307137,1.0,0.8558508937658467,0.8577345013618469,1.0002564191818237,0.0,other
3,1.4,78,0.9656081030938651,0.7446320056915283,0.8455630019307137,2.0,0.8809302993206087,0.8476179391145706,1.0001800060272217,0.0,other
3,1.4,78,0.9656081030938651,0.7446320056915283,0.8455630019307137,1.4,0.9675777651055245,0.8452939465641975,1.0000836849212646,0.0,true
3,1.4,82,0.9759960330701176,0.6490270495414734,0.7849584370851517,0.7,0.80162441719414,0.7423055097460747,2.679194211959839,0.0,other
3,1.4,82,0.9759960330701176,0.6490270495414734,0.7849584370851517,1.0,0.8660826769676465,0.6434404850006104,2.8832309246063232,0.0,other
3,1.4,82,0.9759960330701176,0.6490270495414734,0.7849584370851517,2.0,0.8589245599801808,0.7073839977383614,1.8449896574020386,0.0,other
3,1.4,82,0.9759960330701176,0.6490270495414734,0.7849584370851517,1.4,0.9743857075581189,0.6805163621902466,1.855828046798706,0.0,true
3,1.4,86,0.9722119895636184,0.6785518527030945,0.7821094393730164,0.7,0.8133448299624149,0.6836699396371841,1.1223927736282349,0.0,other
3,1.4,86,0.9722119895636184,0.6785518527030945,0.7821094393730164,1.0,0.8536227828826377,0.8103973045945168,1.1360541582107544,0.0,other
3,1.4,86,0.9722119895636184,0.6785518527030945,0.7821094393730164,2.0,0.8517096019846089,0.8394637629389763,1.0397275686264038,0.0,other
3,1.4,86,0.9722119895636184,0.6785518527030945,0.7821094393730164,1.4,0.8757186548651039,0.840738520026207,1.2869484424591064,0.0,true
3,1.7,10,0.9355190403706747,0.7887091040611267,0.7770522683858871,0.7,0.7972162120464773,0.7882108315825462,1.2502386569976807,0.0,other
3,1.7,10,0.9355190403706747,0.7887091040611267,0.7770522683858871,1.0,0.8382634449880372,0.7900731414556503,1.0009571313858032,0.0,other
3,1.7,10,0.9355190403706747,0.7887091040611267,0.7770522683858871,2.0,0.9084745747107453,0.7636317536234856,1.035138726234436,0.0,other
3,1.7,10,0.9355190403706747,0.7887091040611267,0.7770522683858871,1.4,0.8967041296356641,0.7770121395587921,1.000016212463379,0.0,other
3,1.7,10,0.9355190403706747,0.7887091040611267,0.7770522683858871,1.7,0.9354091372464558,0.7887314036488533,1.0002743005752563,0.0,true
3,1.7,14,0.9749211175476735,0.7068904638290405,0.7198384553194046,0.7,0.7978719816292006,0.7350213676691055,1.7959731817245483,0.0,other
3,1.7,14,0.9749211175476735,0.7068904638290405,0.7198384553194046,1.0,0.8098899141386638,0.7497048452496529,1.0029960870742798,0.0,other
3,1.7,14,0.9749211175476735,0.7068904638290405,0.7198384553194046,2.0,0.904501403867443,0.7786209583282471,2.0055770874023438,0.0,other
3,1.7,14,0.9749211175476735,0.7068904638290405,0.7198384553194046,1.4,0.8670302595927224,0.7621994391083717,1.4242186546325684,0.0,other
3,1.7,14,0.9749211175476735,0.7068904638290405,0.7198384553194046,1.7,0.9702729715900976,0.796552762389183,1.250939130783081,0.0,true
3,1.7,18,0.9543831673726925,0.8218586444854736,0.8154432252049446,0.7,0.7583333384481128,0.8482281267642975,1.885812520980835,0.0,other
3,1.7,18,0.9543831673726925,0.8218586444854736,0.8154432252049446,1.0,0.8318924395377283,0.8274648860096931,1.1032545566558838,0.0,other
3,1.7,18,0.9543831673726925,0.8218586444854736,0.8154432252049446,2.0,0.8950473470476378,0.8112770467996597,1.6869360208511353,0.0,other
3,1.7,18,0.9543831673726925,0.8218586444854736,0.8154432252049446,1.4,0.8779093199835734,0.8203822299838066,1.6493282318115234,0.0,other
3,1.7,18,0.9543831673726925,0.8218586444854736,0.8154432252049446,1.7,0.9580830667138343,0.8192700520157814,1.808578372001648,0.0,true
3,1.7,22,0.9756487387287637,0.802734375,0.8053614646196365,0.7,0.7879827844896083,0.832487165927887,1.2364610433578491,0.0,other
3,1.7,22,0.9756487387287637,0.802734375,0.8053614646196365,1.0,0.8518753222311004,0.8070893287658691,1.0843591690063477,0.0,other
3,1.7,22,0.9756487387287637,0.802734375,0.8053614646196365,2.0,0.8882943666192017,0.8076550960540771,1.0031341314315796,0.0,other
3,1.7,22,0.9756487387287637,0.802734375,0.8053614646196365,1.4,0.896151082026926,0.8062661290168762,1.0158984661102295,0.0,other
3,1.7,22,0.9756487387287637,0.802734375,0.8053614646196365,1.7,0.9747571144721103,0.8069279417395592,1.1835798025131226,0.0,true
3,1.7,26,0.969710233334375,0.7749545574188232,0.8086587637662888,0.7,0.785707266576349,0.7883830294013023,1.7847450971603394,0.0,other
3,1.7,26,0.969710233334375,0.7749545574188232,0.8086587637662888,1.0,0.8270404300990074,0.7676147297024727,1.0174044370651245,0.0,other
3,1.7,26,0.969710233334375,0.7749545574188232,0.8086587637662888,2.0,0.9066667843065923,0.8014680817723274,1.99251389503479,0.0,other
3,1.7,26,0.969710233334375,0.7749545574188232,0.8086587637662888,1.4,0.9068582774613435,0.8180365785956383,2.8455817699432373,0.0,other
3,1.7,26,0.969710233334375,0.7749545574188232,0.8086587637662888,1.7,0.9649374467132987,0.811375766992569,2.677227258682251,0.0,true
3,1.7,30,0.9486700267047281,0.6630531549453735,0.6939152777194977,0.7,0.81021217034782,0.7171395048499107,1.0136346817016602,0.0,other
3,1.7,30,0.9486700267047281,0.6630531549453735,0.6939152777194977,1.0,0.844993460522087,0.4793768860399723,1.1006382703781128,0.0,other
3,1.7,30,0.9486700267047281,0.6630531549453735,0.6939152777194977,2.0,0.9080765969829128,0.7720548659563065,2.7193093299865723,0.0,other
3,1.7,30,0.9486700267047281,0.6630531549453735,0.6939152777194977,1.4,0.8985224811292541,0.6620827689766884,1.0641719102859497,0.0,other
3,1.7,30,0.9486700267047281,0.6630531549453735,0.6939152777194977,1.7,0.9489568012244225,0.7114216387271881,1.0098196268081665,0.0,true
3,1.7,34,0.9865087236746957,0.7372814416885376,0.7120568975806236,0.7,0.8379721246516738,0.739231064915657,1.001339316368103,0.0,other
3,1.7,34,0.9865087236746957,0.7372814416885376,0.7120568975806236,1.0,0.8823080506999251,0.7430160418152809,1.0830234289169312,0.0,other
3,1.7,34,0.9865087236746957,0.7372814416885376,0.7120568975806236,2.0,0.9250721989207464,0.7274784594774246,1.3526893854141235,0.0,other
3,1.7,34,0.9865087236746957,0.7372814416885376,0.7120568975806236,1.4,0.9164690976190052,0.7384270280599594,1.011000156402588,0.0,other
3,1.7,34,0.9865087236746957,0.7372814416885376,0.7120568975806236,1.7,0.9824918661058638,0.7292090952396393,1.7603267431259155,0.0,true
3,1.7,38,0.9741921917406172,0.6851871013641357,0.6930347010493279,0.7,0.8406616366996394,0.7002447918057442,1.0906310081481934,0.0,other
3,1.7,38,0.9741921917406172,0.6851871013641357,0.6930347010493279,1.0,0.8835016030648503,0.6922252327203751,1.011370062828064,0.0,other
3,1.7,38,0.9741921917406172,0.6851871013641357,0.6930347010493279,2.0,0.9296484040214443,0.6436653062701225,1.131897211074829,0.0,other
3,1.7,38,0.9741921917406172,0.6851871013641357,0.6930347010493279,1.4,0.9117141620429062,0.692720852792263,1.0006076097488403,0.0,other
3,1.7,38,0.9741921917406172,0.6851871013641357,0.6930347010493279,1.7,0.970958944409974,0.6928571984171867,1.0000085830688477,0.0,true
3,1.7,42,0.9721699181784097,0.7209758758544922,0.7222240045666695,0.7,0.7904141422905583,0.4166831783950329,1.0171246528625488,0.0,other
3,1.7,42,0.9721699181784097,0.7209758758544922,0.7222240045666695,1.0,0.8404875551838197,0.6006624475121498,1.3577611446380615,0.0,other
3,1.7,42,0.9721699181784097,0.7209758758544922,0.7222240045666695,2.0,0.9148753537567406,0.6282472163438797,2.008145570755005,0.0,other
3,1.7,42,0.9721699181784097,0.7209758758544922,0.7222240045666695,1.4,0.9072669097395817,0.7157960310578346,1.000796914100647,0.0,other
3,1.7,42,0.9721699181784097,0.7209758758544922,0.7222240045666695,1.7,0.9733971694996967,0.723372146487236,1.0008423328399658,0.0,true
3,1.7,46,0.9795922437439739,0.6898324489593506,0.7165594175457954,0.7,0.7923254553641575,0.7223709002137184,1.2256592512130737,0.0,other
3,1.7,46,0.9795922437439739,0.6898324489593506,0.7165594175457954,1.0,0.8427040283779249,0.7376328557729721,1.9371837377548218,0.0,other
3,1.7,46,0.9795922437439739,0.6898324489593506,0.7165594175457954,2.0,0.8962407487590617,0.721716582775116,1.4427604675292969,0.0,other
3,1.7,46,0.9795922437439739,0.6898324489593506,0.7165594175457954,1.4,0.9052110404465594,0.7174467295408249,1.117552638053894,0.0,other
3,1.7,46,0.9795922437439739,0.6898324489593506,0.7165594175457954,1.7,0.9792460838459273,0.717847116291523,1.2656084299087524,0.0,true
3,1.7,50,0.9841449057160676,0.6230628490447998,0.6774246171116829,0.7,0.8139832841570548,0.6310198158025742,1.232216238975525,0.0,other
3,1.7,50,0.9841449057160676,0.6230628490447998,0.6774246171116829,1.0,0.8492807034625756,0.6224754527211189,1.0117340087890625,0.0,other
3,1.7,50,0.9841449057160676,0.6230628490447998,0.6774246171116829,2.0,0.8972703998790309,0.6233942583203316,1.014044165611267,0.0,other
3,1.7,50,0.9841449057160676,0.6230628490447998,0.6774246171116829,1.4,0.905216652289487,0.6341631785035133,1.1774613857269287,0.0,other
3,1.7,50,0.9841449057160676,0.6230628490447998,0.6774246171116829,1.7,0.9821355301217728,0.6779719889163971,1.8156818151474,0.0,true
3,1.7,54,0.9766431093878337,0.5860772132873535,0.5826626941561699,0.7,0.789388673200193,0.6014278158545494,1.3106118440628052,0.0,other
3,1.7,54,0.9766431093878337,0.5860772132873535,0.5826626941561699,1.0,0.8202369235550657,0.40095333009958267,1.1296820640563965,0.0,other
3,1.7,54,0.9766431093878337,0.5860772132873535,0.5826626941561699,2.0,0.9220051018529266,0.57566899061203,1.3007735013961792,0.0,other
3,1.7,54,0.9766431093878337,0.5860772132873535,0.5826626941561699,1.4,0.88562362319439,0.6288836598396301,2.8877105712890625,0.0,other
3,1.7,54,0.9766431093878337,0.5860772132873535,0.5826626941561699,1.7,0.9774821754588796,0.5828605741262436,1.007367491722107,0.0,true
3,1.7,58,0.9631244448139487,0.5198928713798523,0.5450565218925476,0.7,0.8421558125468701,0.6381388083100319,2.541947364807129,0.0,other
3,1.7,58,0.9631244448139487,0.5198928713798523,0.5450565218925476,1.0,0.8797795088361069,0.4876924306154251,1.1772726774215698,0.0,other
3,1.7,58,0.9631244448139487,0.5198928713798523,0.5450565218925476,2.0,0.9412021410094454,0.5324148610234261,1.000154733657837,0.0,other
3,1.7,58,0.9631244448139487,0.5198928713798523,0.5450565218925476,1.4,0.9207913298351963,0.5325097367167473,1.0000946521759033,0.0,other
3,1.7,58,0.9631244448139487,0.5198928713798523,0.5450565218925476,1.7,0.9800387165549228,0.5322527699172497,1.3246753215789795,0.0,true
3,1.7,62,0.971554177788987,0.5688154101371765,0.6138266921043396,0.7,0.8251807286918689,0.5315735526382923,1.1722105741500854,0.0,other
3,1.7,62,0.971554177788987,0.5688154101371765,0.6138266921043396,1.0,0.8538815693296256,0.5675579607486725,1.4299391508102417,0.0,other
3,1.7,62,0.971554177788987,0.5688154101371765,0.6138266921043396,2.0,0.9345635609912332,0.5663972496986389,1.261295199394226,0.0,other
3,1.7,62,0.971554177788987,0.5688154101371765,0.6138266921043396,1.4,0.9073660801967647,0.5772111564874649,1.1311464309692383,0.0,other
3,1.7,62,0.971554177788987,0.5688154101371765,0.6138266921043396,1.7,0.9734825412121023,0.5836358740925789,2.0266623497009277,0.0,true
3,1.7,66,0.9759501963851913,0.5676877498626709,0.6446172073483467,0.7,0.8292261929906318,0.6563646122813225,1.3637546300888062,0.0,other
3,1.7,66,0.9759501963851913,0.5676877498626709,0.6446172073483467,1.0,0.8686814139014827,0.6776432618498802,1.0736545324325562,0.0,other
3,1.7,66,0.9759501963851913,0.5676877498626709,0.6446172073483467,2.0,0.9194732808062255,0.6639193743467331,1.0000391006469727,0.0,other
3,1.7,66,0.9759501963851913,0.5676877498626709,0.6446172073483467,1.4,0.9059969456767178,0.6818631589412689,1.0288392305374146,0.0,other
3,1.7,66,0.9759501963851913,0.5676877498626709,0.6446172073483467,1.7,0.9739834780355449,0.6820813119411469,1.0242674350738525,0.0,true
3,1.7,70,0.9797515905103918,0.5417932271957397,0.564457431435585,0.7,0.8498661457589367,0.42258981615304947,1.1852020025253296,0.0,other
3,1.7,70,0.9797515905103918,0.5417932271957397,0.564457431435585,1.0,0.8969874977122989,0.5543112456798553,1.6032439470291138,0.0,other
3,1.7,70,0.9797515905103918,0.5417932271957397,0.564457431435585,2.0,0.937271225683409,0.5460438430309296,1.9532839059829712,0.0,other
3,1.7,70,0.9797515905103918,0.5417932271957397,0.564457431435585,1.4,0.9287570318916724,0.5734944641590118,2.513068675994873,0.0,other
3,1.7,70,0.9797515905103918,0.5417932271957397,0.564457431435585,1.7,0.9822072049200087,0.5723968297243118,2.9898266792297363,0.0,true
3,1.7,74,0.9885592503481772,0.506736695766449,0.5319944620132446,0.7,0.8720109522305648,0.5635580718517303,1.7185686826705933,0.0,other
3,1.7,74,0.9885592503481772,0.506736695766449,0.5319944620132446,1.0,0.9076589213097705,0.557896226644516,1.4938609600067139,0.0,other
3,1.7,74,0.9885592503481772,0.506736695766449,0.5319944620132446,2.0,0.9503839502129237,0.5201796591281891,1.2322523593902588,0.0,other
3,1.7,74,0.9885592503481772,0.506736695766449,0.5319944620132446,1.4,0.94587639605578,0.42834293097257614,1.0924322605133057,0.0,other
3,1.7,74,0.9885592503481772,0.506736695766449,0.5319944620132446,1.7,0.9859540439863587,0.5504294410347939,1.631347417831421,0.0,true
3,1.7,78,0.9850704667803452,0.4056941568851471,0.40612002462148666,0.7,0.8846206558783881,0.41345589235424995,1.1524794101715088,0.0,other
3,1.7,78,0.9850704667803452,0.4056941568851471,0.40612002462148666,1.0,0.9250205153800487,0.42619793489575386,1.6681491136550903,0.0,other
3,1.7,78,0.9850704667803452,0.4056941568851471,0.40612002462148666,2.0,0.9583605676735529,0.4060443416237831,1.0031520128250122,0.0,other
3,1.7,78,0.9850704667803452,0.4056941568851471,0.40612002462148666,1.4,0.9549081097337787,0.4063280336558819,1.002367615699768,0.0,other
3,1.7,78,0.9850704667803452,0.4056941568851471,0.40612002462148666,1.7,0.9668588089334179,0.40609609335660934,1.0022417306900024,0.0,true
3,1.7,82,0.9900217080536016,0.32350045442581177,0.3378489166498184,0.7,0.8964435451112382,0.32923414558172226,1.1992876529693604,0.0,other
3,1.7,82,0.9900217080536016,0.32350045442581177,0.3378489166498184,1.0,0.9242487174923224,0.3499305509030819,1.6234066486358643,0.0,other
3,1.7,82,0.9900217080536016,0.32350045442581177,0.3378489166498184,2.0,0.964163651271739,0.3159932307898998,1.053743600845337,0.0,other
3,1.7,82,0.9900217080536016,0.32350045442581177,0.3378489166498184,1.4,0.9623787462504019,0.321048766374588,1.0213258266448975,0.0,other
3,1.7,82,0.9900217080536016,0.32350045442581177,0.3378489166498184,1.7,0.9902856934413278,0.3481054864823818,1.6287673711776733,0.0,true
3,1.7,86,0.9834324154327722,0.13142210245132446,0.36533015593886375,0.7,0.7919885860415585,0.36251846328377724,1.001322865486145,0.0,other
3,1.7,86,0.9834324154327722,0.13142210245132446,0.36533015593886375,1.0,0.8769879036397887,0.42743387445807457,2.451434850692749,0.0,other
3,1.7,86,0.9834324154327722,0.13142210245132446,0.36533015593886375,2.0,0.9375968743862267,0.35147273540496826,1.5706593990325928,0.0,other
3,1.7,86,0.9834324154327722,0.13142210245132446,0.36533015593886375,1.4,0.9268546854912867,0.3748687691986561,1.0001213550567627,0.0,other
3,1.7,86,0.9834324154327722,0.13142210245132446,0.36533015593886375,1.7,0.9817764098377854,0.3819245994091034,1.0088999271392822,0.0,true
3,2.0,10,0.9686306545280864,0.7291997671127319,0.7843056917190552,0.7,0.787726684696729,0.6772988364100456,1.209581732749939,0.0,other
3,2.0,10,0.9686306545280864,0.7291997671127319,0.7843056917190552,1.0,0.8308424446153092,0.7627886086702347,1.440696358680725,0.0,other
3,2.0,10,0.9686306545280864,0.7291997671127319,0.7843056917190552,2.0,0.9715147428400531,0.7928559705615044,2.51674222946167,0.0,true
3,2.0,10,0.9686306545280864,0.7291997671127319,0.7843056917190552,1.4,0.87797337004071,0.8046798557043076,3.221980333328247,0.0,other
3,2.0,14,0.9740306256249333,0.6708459258079529,0.5890166237950325,0.7,0.7894141880445846,0.475217342376709,1.00239098072052,0.0,other
3,2.0,14,0.9740306256249333,0.6708459258079529,0.5890166237950325,1.0,0.8330144538085207,0.7596146538853645,1.18995201587677,0.0,other
3,2.0,14,0.9740306256249333,0.6708459258079529,0.5890166237950325,2.0,0.9775545658612472,0.7400777712464333,1.9531774520874023,0.0,true
3,2.0,14,0.9740306256249333,0.6708459258079529,0.5890166237950325,1.4,0.8797898760289078,0.769333690404892,1.640587568283081,0.0,other
3,2.0,18,0.9757036536821949,0.7154507637023926,0.7167771309614182,0.7,0.7995329141632147,0.7173109948635101,1.0047868490219116,0.0,other
3,2.0,18,0.9757036536821949,0.7154507637023926,0.7167771309614182,1.0,0.8504997943858695,0.7229651138186455,1.1359004974365234,0.0,other
3,2.0,18,0.9757036536821949,0.7154507637023926,0.7167771309614182,2.0,0.9814112550441025,0.7168102934956551,1.0060994625091553,0.0,true
3,2.0,18,0.9757036536821949,0.7154507637023926,0.7167771309614182,1.4,0.9001740103738886,0.7182367518544197,1.0196764469146729,0.0,other
3,2.0,22,0.9836412560707782,0.5862818360328674,0.6739104017615318,0.7,0.8438937471543229,0.6655812337994576,1.128211498260498,0.0,other
3,2.0,22,0.9836412560707782,0.5862818360328674,0.6739104017615318,1.0,0.8782317868286434,0.6488789990544319,1.0655914545059204,0.0,other
3,2.0,22,0.9836412560707782,0.5862818360328674,0.6739104017615318,2.0,0.9860116745304075,0.6735677421092987,1.0045323371887207,0.0,true
3,2.0,22,0.9836412560707782,0.5862818360328674,0.6739104017615318,1.4,0.9152780142975755,0.674723319709301,1.0048401355743408,0.0,other
3,2.0,26,0.9851961288833716,0.48074209690093994,0.4763076789677143,0.7,0.8318851854432607,0.4797259345650673,1.0013586282730103,0.0,other
3,2.0,26,0.9851961288833716,0.48074209690093994,0.4763076789677143,1.0,0.8834438023381426,0.5160855054855347,1.9874944686889648,0.0,other
3,2.0,26,0.9851961288833716,0.48074209690093994,0.4763076789677143,2.0,0.9814655614465416,0.47573162615299225,1.1314845085144043,0.0,true
3,2.0,26,0.9851961288833716,0.48074209690093994,0.4763076789677143,1.4,0.9177404318287328,0.4784085340797901,1.0226234197616577,0.0,other
3,2.0,30,0.9764358031951935,0.44425010681152344,0.46363094076514244,0.7,0.7473284921481628,0.5447885245084763,3.079744338989258,0.0,other
3,2.0,30,0.9764358031951935,0.44425010681152344,0.46363094076514244,1.0,0.833821674798236,0.44354720413684845,1.1370432376861572,0.0,other
3,2.0,30,0.9764358031951935,0.44425010681152344,0.46363094076514244,2.0,0.9719224084249903,0.4643230549991131,1.3763999938964844,0.0,true
3,2.0,30,0.9764358031951935,0.44425010681152344,0.46363094076514244,1.4,0.8808554147658287,0.47033584862947464,1.6204345226287842,0.0,other
3,2.0,34,0.9786189830665465,0.3581985533237457,0.35450250655412674,0.7,0.8200771150635647,0.3590329512953758,1.000056266784668,0.0,other
3,2.0,34,0.9786189830665465,0.3581985533237457,0.35450250655412674,1.0,0.8438521584182946,0.36646534502506256,1.5518341064453125,0.0,other
3,2.0,34,0.9786189830665465,0.3581985533237457,0.35450250655412674,2.0,0.9757173101431098,0.35803211480379105,1.016893982887268,0.0,true
3,2.0,34,0.9786189830665465,0.3581985533237457,0.35450250655412674,1.4,0.8949835874500973,0.3564651198685169,1.1609877347946167,0.0,other
3,2.0,38,0.9881404824371498,0.3648524880409241,0.3293424881994724,0.7,0.7882942285201587,0.27049215137958527,1.078554391860962,0.0,other
3,2.0,38,0.9881404824371498,0.3648524880409241,0.3293424881994724,1.0,0.8509824603055924,0.2789631076157093,1.0118402242660522,0.0,other
3,2.0,38,0.9881404824371498,0.3648524880409241,0.3293424881994724,2.0,0.9895824680056603,0.35554100945591927,1.2762501239776611,0.0,true
3,2.0,38,0.9881404824371498,0.3648524880409241,0.3293424881994724,1.4,0.900160748680945,0.28257128968834877,1.88347589969635,0.0,other
3,2.0,42,0.977872934373103,0.35058844089508057,0.37983032315969467,0.7,0.7745962984067124,0.37997986376285553,1.5697863101959229,0.0,other
3,2.0,42,0.977872934373103,0.35058844089508057,0.37983032315969467,1.0,0.8124470452942544,0.36311622709035873,1.2001396417617798,0.0,other
3,2.0,42,0.977872934373103,0.35058844089508057,0.37983032315969467,2.0,0.9779525366143808,0.376599732786417,1.0916532278060913,0.0,true
3,2.0,42,0.977872934373103,0.35058844089508057,0.37983032315969467,1.4,0.8771951875133915,0.36460528522729874,1.0254580974578857,0.0,other
3,2.0,46,0.9858556424848229,0.5413974523544312,0.5378318130970001,0.7,0.755142355965189,0.5377007722854614,1.0040907859802246,0.0,other
3,2.0,46,0.9858556424848229,0.5413974523544312,0.5378318130970001,1.0,0.8060871291992178,0.5341274812817574,1.5281022787094116,0.0,other
3,2.0,46,0.9858556424848229,0.5413974523544312,0.5378318130970001,2.0,0.985657459896058,0.5413972586393356,1.0000050067901611,0.0,true
3,2.0,46,0.9858556424848229,0.5413974523544312,0.5378318130970001,1.4,0.8387288725338611,0.5431701838970184,1.000089168548584,0.0,other
3,2.0,50,0.9810953346516446,0.5855916738510132,0.5705303177237511,0.7,0.7727795319921081,0.5169132947921753,1.342250108718872,0.0,other
3,2.0,50,0.9810953346516446,0.5855916738510132,0.5705303177237511,1.0,0.8442397257101919,0.5927795171737671,6.408478260040283,0.0,other
3,2.0,50,0.9810953346516446,0.5855916738510132,0.5705303177237511,2.0,0.9775816988358391,0.5772053226828575,1.0208103656768799,0.0,true
3,2.0,50,0.9810953346516446,0.5855916738510132,0.5705303177237511,1.4,0.8957250785630113,0.5756578519940376,1.0071489810943604,0.0,other
3,2.0,54,0.9807061380700284,0.5564005970954895,0.5563679337501526,0.7,0.8285234771162913,0.5413906201720238,1.1100718975067139,0.0,other
3,2.0,54,0.9807061380700284,0.5564005970954895,0.5563679337501526,1.0,0.854766711658126,0.5793583318591118,1.8492038249969482,0.0,other
3,2.0,54,0.9807061380700284,0.5564005970954895,0.5563679337501526,2.0,0.9794584466954434,0.5561763718724251,1.0011506080627441,0.0,true
3,2.0,54,0.9807061380700284,0.5564005970954895,0.5563679337501526,1.4,0.9004988946496805,0.5570040047168732,1.0039016008377075,0.0,other
3,2.0,58,0.9819913282170663,0.5810293555259705,0.6173777431249619,0.7,0.7850631698501054,0.6347254738211632,1.4565800428390503,0.0,other
3,2.0,58,0.9819913282170663,0.5810293555259705,0.6173777431249619,1.0,0.8241344858698176,0.5981015339493752,1.4251680374145508,0.0,other
3,2.0,58,0.9819913282170663,0.5810293555259705,0.6173777431249619,2.0,0.9814313198585868,0.6265919730067253,3.1847198009490967,0.0,true
3,2.0,58,0.9819913282170663,0.5810293555259705,0.6173777431249619,1.4,0.8795029452759526,0.6268391236662865,3.386735677719116,0.0,other
3,2.0,62,0.9769680480662788,0.5590983033180237,0.5640789270401001,0.7,0.7520017665517981,0.5692384168505669,1.1373482942581177,0.0,other
3,2.0,62,0.9769680480662788,0.5590983033180237,0.5640789270401001,1.0,0.8089867896408421,0.5636882483959198,1.120303988456726,0.0,other
3,2.0,62,0.9769680480662788,0.5590983033180237,0.5640789270401001,2.0,0.9814490314095813,0.5543530732393265,1.2269299030303955,0.0,true
3,2.0,62,0.9769680480662788,0.5590983033180237,0.5640789270401001,1.4,0.8647449366474129,0.5577437505126,1.1511719226837158,0.0,other
3,2.0,66,0.9833668714066351,0.501436710357666,0.5022510960698128,0.7,0.8440514646310219,0.570203609764576,3.4271504878997803,0.0,other
3,2.0,66,0.9833668714066351,0.501436710357666,0.5022510960698128,1.0,0.8804834094226514,0.5353520661592484,2.146479368209839,0.0,other
3,2.0,66,0.9833668714066351,0.501436710357666,0.5022510960698128,2.0,0.9824958779528087,0.5337052643299103,1.8275675773620605,0.0,true
3,2.0,66,0.9833668714066351,0.501436710357666,0.5022510960698128,1.4,0.9188469720320145,0.5053342655301094,1.171271562576294,0.0,other
3,2.0,70,0.9753517605814557,0.5328178405761719,0.5479071289300919,0.7,0.8169375323626041,0.5580537617206573,1.6427171230316162,0.0,other
3,2.0,70,0.9753517605814557,0.5328178405761719,0.5479071289300919,1.0,0.8468434562256724,0.49950994551181793,1.0389351844787598,0.0,other
3,2.0,70,0.9753517605814557,0.5328178405761719,0.5479071289300919,2.0,0.9705834154487913,0.5107159800827503,1.1006197929382324,0.0,true
3,2.0,70,0.9753517605814557,0.5328178405761719,0.5479071289300919,1.4,0.8840293436752313,0.33134162053465843,1.0096443891525269,0.0,other
3,2.0,74,0.977764913022712,0.594815194606781,0.5651573166251183,0.7,0.7778827156911761,0.2892335467040539,1.0465799570083618,0.0,other
3,2.0,74,0.977764913022712,0.594815194606781,0.5651573166251183,1.0,0.8184586124142951,0.34747113287448883,1.0000247955322266,0.0,other
3,2.0,74,0.977764913022712,0.594815194606781,0.5651573166251183,2.0,0.979251589673428,0.5652103386819363,1.0017248392105103,0.0,true
3,2.0,74,0.977764913022712,0.594815194606781,0.5651573166251183,1.4,0.8668271159005287,0.5207962989807129,1.0272836685180664,0.0,other
3,2.0,78,0.9771974263918154,0.6768567562103271,0.6698362603783607,0.7,0.8098709959647182,0.48842599242925644,1.009455919265747,0.0,other
3,2.0,78,0.9771974263918154,0.6768567562103271,0.6698362603783607,1.0,0.8529309806092206,0.65397609770298,2.057142734527588,0.0,other
3,2.0,78,0.9771974263918154,0.6768567562103271,0.6698362603783607,2.0,0.9785762100266043,0.6718216612935066,1.0005460977554321,0.0,true
3,2.0,78,0.9771974263918154,0.6768567562103271,0.6698362603783607,1.4,0.9018243748437668,0.6142054125666618,1.3876792192459106,0.0,other
3,2.0,82,0.9841598193720318,0.5060854554176331,0.5562712363898754,0.7,0.843212664993483,0.4843115732073784,1.0946674346923828,0.0,other
3,2.0,82,0.9841598193720318,0.5060854554176331,0.5562712363898754,1.0,0.8780081113233154,0.486043956130743,1.0388716459274292,0.0,other
3,2.0,82,0.9841598193720318,0.5060854554176331,0.5562712363898754,2.0,0.9828647377066744,0.5632082223892212,1.373555302619934,0.0,true
3,2.0,82,0.9841598193720318,0.5060854554176331,0.5562712363898754,1.4,0.9141396108787453,0.6805162727832794,2.7840492725372314,0.0,other
3,2.0,86,0.9770669744089919,0.6644482016563416,0.6641167774796486,0.7,0.7299459921146843,0.09133623447269201,1.0450247526168823,0.0,other
3,2.0,86,0.9770669744089919,0.6644482016563416,0.6641167774796486,1.0,0.813972672849784,0.659617193043232,4.162160873413086,0.0,other
3,2.0,86,0.9770669744089919,0.6644482016563416,0.6641167774796486,2.0,0.9816121249843768,0.6637460961937904,1.0005031824111938,0.0,true
3,2.0,86,0.9770669744089919,0.6644482016563416,0.6641167774796486,1.4,0.8834324126544479,0.6244196444749832,1.0140039920806885,0.0,other
