plant,planner,planner_arg,seed,rep,wall_s,return_sum,return_mean,steps_survived,survived,diverged,frac_diverged,plan_return_mean,optimism_gap,pred_err_1step,vel_err,yaw_rate_err,torque_rms
0.5,0.5,match,0,0,56.661370277404785,26.004932522773743,0.37688308004019916,69.0,0.0,0.0,0.001578962101655848,-0.2667332793490085,-0.6436163593892077,0.0011726057330496828,0.5848404203636058,1.0835783338525158,36.66803064234386
0.5,1.0,1.0,0,0,0.282055139541626,6.413873612880707,0.8017342016100883,8.0,0.0,0.0,0.0,0.6693765861647469,-0.13235761544534141,0.23277270773957884,0.18700224068015814,0.3493224550038576,56.988638230704694
0.6,0.6,match,0,0,2.6740622520446777,80.28453832864761,0.7365553975105286,109.0,0.0,0.0,0.0,0.48748926142299615,-0.24906613608753242,0.0024908543130579717,0.2983696932366135,1.7877283007453342,36.84253268874201
0.6,1.0,1.0,0,0,0.8587336540222168,20.920843422412872,0.6537763569504023,32.0,0.0,0.0,0.0,0.4948807161661886,-0.15889564078421364,0.06372197307345848,0.4177086977288127,1.5565029031131417,38.46870983874706
0.7,0.7,match,0,0,4.2172887325286865,132.89143252372742,0.7465810815939743,178.0,0.0,0.0,0.0,0.5941358367770405,-0.15244524481693378,0.002009756211190645,0.2791830895133735,1.5264273893632245,31.817756219107977
0.7,1.0,1.0,0,0,0.8599452972412109,27.124694108963013,0.8219604275443337,33.0,0.0,0.0,0.0,0.7483759392052889,-0.07358448833904485,0.04603927485732129,0.22783340445973657,1.272442459721457,33.411793484562516
0.8,0.8,match,0,0,3.8124563694000244,123.15342235565186,0.794538208746141,155.0,0.0,0.0,0.0,0.6189871820584907,-0.17555102668765032,0.0006185467624907852,0.2522801070504131,1.4947098112394732,30.786317822260564
0.8,1.0,1.0,0,0,2.996464967727661,94.034159719944,0.8037107668371282,117.0,0.0,0.0,0.0,0.7297088447315939,-0.07400192210553425,0.01786869272322731,0.23804109947931054,1.3100346188005219,32.61574361896082
0.9,0.9,match,0,0,2.8994085788726807,89.23087853193283,0.7967042726065431,112.0,0.0,0.0,0.0,0.7434373089859078,-0.05326696362063532,0.0019997025211474415,0.2594205731999994,1.7734058654667544,32.07033634905097
0.9,1.0,1.0,0,0,3.5552427768707275,113.71974527835846,0.8065230161585706,141.0,0.0,0.0,0.0,0.5976671725511551,-0.2088558436074155,0.008464552334667782,0.23943836716208475,1.2324497506603704,32.473397081779275
1.0,1.0,match,0,0,3.9460322856903076,108.02016270160675,0.6969042754942371,155.0,0.0,0.0,0.0,0.5571613281408881,-0.1397429473533489,0.0008730337034953132,0.37134929925443666,1.4970545343814357,31.73792537447814
1.0,1.0,1.0,0,0,4.815552473068237,135.31911611557007,0.7122058742924741,190.0,0.0,0.0,0.0,0.5328620302998436,-0.17934384399263048,0.0015176909824158767,0.36649503811801737,1.6694568463552155,32.43096744099193
1.2,1.2,match,0,0,4.250732898712158,62.807762145996094,0.3716435629940597,169.0,0.0,0.0,0.0,-0.058463523120042826,-0.43010708611410253,0.002045340917779489,0.48070865730650325,1.6490328150178641,35.41512862303364
1.2,1.0,1.0,0,0,4.25565767288208,128.8519434928894,0.7856825822737159,164.0,0.0,0.0,0.0,0.5487800455463627,-0.23690253672735317,0.014271717267882284,0.2612546958262101,1.5593132810871593,31.75102859773788
1.4,1.4,match,0,0,4.190472602844238,80.39908611774445,0.4785659887960979,168.0,0.0,0.0,0.0,0.02526586917703023,-0.4533001196190677,0.0010031135631560666,0.3892262491752349,1.2354928832612044,34.626417652689085
1.4,1.0,1.0,0,0,3.481755018234253,102.91292428970337,0.7403807502856358,139.0,0.0,0.0,0.0,0.570409770326122,-0.16997097995951382,0.025626271289935255,0.3323377225708833,1.4800005441518138,31.42362966922616
1.7,1.7,match,0,0,3.804420232772827,102.74068158864975,0.7184663048157325,143.0,0.0,0.0,0.0,0.6171253536578635,-0.10134095115786901,0.0007224121111512816,0.34695474350160654,1.663534808382913,38.43785360322111
1.7,1.0,1.0,0,0,3.2134454250335693,103.36446380615234,0.8075348734855652,128.0,0.0,0.0,0.0,0.7470486774219303,-0.06048619606363492,0.03439448679445355,0.25839405076294497,1.3431904192257207,29.796858875048255
2.0,2.0,match,0,0,6.342219591140747,185.15416902303696,0.7260947804824979,255.0,0.0,0.0,0.0,0.5050093435763022,-0.22108543690619564,0.0012807326174969081,0.32951776516788145,1.6347649358030336,35.34033444302047
2.0,1.0,1.0,0,0,2.1017823219299316,66.8969697356224,0.8158167040929561,82.0,0.0,0.0,0.0,0.7561264347147059,-0.05969026937825028,0.039631709876113835,0.2661357254425927,1.3183117488444578,32.67172808699279
0.5,0.5,match,1,0,1.6917481422424316,26.072078108787537,0.389135494161008,67.0,0.0,0.0,0.0029837164011868563,-0.03533930221403187,-0.4244747963750399,0.002170193094142095,0.588772042584953,0.9837010171987227,35.524434503016714
0.5,1.0,1.0,1,0,0.31829094886779785,7.170811295509338,0.7967568106121488,9.0,0.0,0.0,0.0,0.7282184436917305,-0.06853836692041826,0.06756790558574721,0.21008500456809998,0.5204202085733414,42.7246076240079
0.6,0.6,match,1,0,0.6071813106536865,15.76341986656189,0.7506390412648519,21.0,0.0,0.0,0.0,0.6326129689812661,-0.11802607228358586,3.459036904587265e-05,0.3054679191804358,0.9596166667484102,36.239370867977385
0.6,1.0,1.0,1,0,0.33828306198120117,8.140504717826843,0.8140504717826843,10.0,0.0,0.0,0.0,0.7678434583875868,-0.046207013395097474,0.02953755721035931,0.19759910851716994,0.32066179951652884,37.04788816459117
0.7,0.7,match,1,0,6.038325071334839,170.4530468583107,0.7014528677296736,243.0,0.0,0.0,0.0,0.4860048034990376,-0.21544806423063606,0.0010652955754584504,0.36263633114688193,1.4807855714986353,34.93061919861356
0.7,1.0,1.0,1,0,4.918696165084839,148.60042387247086,0.7946546731148174,187.0,0.0,0.0,0.0,0.5646204829005704,-0.23003419021424698,0.026449767080941787,0.22969706622724306,1.4547484422558272,31.3057120593714
0.8,0.8,match,1,0,7.712475299835205,232.86016994714737,0.7439622043039852,313.0,0.0,0.0,0.0,0.6505190769735819,-0.09344312733040328,0.0013948962438446299,0.32185653082954996,1.5624694421131629,34.35510167085134
0.8,1.0,1.0,1,0,3.7954118251800537,110.06238895654678,0.7240946641878078,152.0,0.0,0.0,0.0,0.4788779378529416,-0.2452167263348662,0.01812620285940079,0.31834536939124136,1.516784655077285,33.30012176534217
0.9,0.9,match,1,0,4.454607009887695,142.5866436958313,0.8101513846354051,176.0,0.0,0.0,0.0,0.6703534126388175,-0.1397979719965876,0.0014579628223282271,0.25006383571731433,1.3034002068346704,29.42154768672998
0.9,1.0,1.0,1,0,3.485456705093384,114.0120342373848,0.8202304621394589,139.0,0.0,0.0,0.0,0.6902393984027962,-0.1299910637366627,0.007106821923736024,0.19559797979623295,1.443200199831304,33.671371628629934
1.0,1.0,match,1,0,4.418308973312378,130.28659856319427,0.7993042856637685,163.0,0.0,0.0,0.0,0.6590371516843637,-0.14026713397940482,0.0023113804128392086,0.2835013164104494,1.2890736332357478,29.352722871703826
1.0,1.0,1.0,1,0,3.1823906898498535,94.10172909498215,0.740958496810883,127.0,0.0,0.0,0.0,0.5536554388421041,-0.18730305796877889,0.0007574536798240424,0.33019448089318015,1.246108395406815,32.33539176328128
1.2,1.2,match,1,0,4.559647560119629,76.87155216932297,0.4270641787184609,180.0,0.0,0.0,0.0,-0.039350066391241285,-0.4664142451097022,0.0008130209649891958,0.4216694072018274,1.788585818031182,34.71784517238597
1.2,1.0,1.0,1,0,3.8521053791046143,109.47430288791656,0.7062858250833327,155.0,0.0,0.0,0.0,0.5327595416456461,-0.1735262834376866,0.013625181815284607,0.36441326354059483,1.3595749141948839,32.16243950915468
1.4,1.4,match,1,0,2.794320821762085,71.99441820383072,0.6485983621966731,111.0,0.0,0.0,0.0,0.37637612158432604,-0.27222224061234707,0.0007140110585375872,0.43522837534882464,1.7169630704699337,32.52334005979935
1.4,1.0,1.0,1,0,1.4969604015350342,41.17933189868927,0.7099884810118839,58.0,0.0,0.0,0.0,0.5205389002109306,-0.1894495808009533,0.02162333260578115,0.3666786190186595,1.4476000886924307,35.70003501457797
1.7,1.7,match,1,0,4.095034837722778,117.72608536481857,0.7954465227352606,148.0,0.0,0.0,0.0,0.614417454417871,-0.18102906831738963,0.0008032826957165822,0.25234133002625125,1.4943606378762304,32.19995284692611
1.7,1.0,1.0,1,0,8.449337244033813,255.57476025819778,0.7407964065455008,345.0,0.0,0.0,0.0,0.608672569186405,-0.13212383735909583,0.0442761455579298,0.29703412274087687,1.3841135193391338,35.280630072738795
2.0,2.0,match,1,0,1.3045780658721924,41.522920310497284,0.7834513266131563,53.0,0.0,0.0,0.0,0.706758249264497,-0.07669307734865927,0.003066288652012015,0.28870571165714626,1.5159103742466782,36.31042254115332
2.0,1.0,1.0,1,0,1.6377313137054443,33.92615395784378,0.5219408301206735,65.0,0.0,0.0,0.0,0.27503499194426695,-0.24690583817640654,0.0571113132937171,0.5045828827585165,1.6626463379997474,40.95037782175356
0.5,0.5,match,2,0,2.102766275405884,45.57023411989212,0.5298864432545596,86.0,0.0,0.0,0.0018562852634418318,0.26213394795708794,-0.26775249529747164,0.0012097442965087418,0.5402108897823233,0.9078210952670075,27.73315250425068
0.5,1.0,1.0,2,0,0.526569128036499,15.304776430130005,0.8055145489542108,19.0,0.0,0.0,0.0,0.6464725650019116,-0.15904198395229918,0.07202408100581831,0.23900830275134036,1.6432719599259527,33.86223769805516
0.6,0.6,match,2,0,4.724085569381714,149.711359500885,0.767750561543,195.0,0.0,0.0,0.0,0.6244448688320489,-0.14330569271095117,0.0011640942467054044,0.28771578708711343,1.5107957848276083,32.63426261600409
0.6,1.0,1.0,2,0,0.546898603439331,15.751340210437775,0.8290179058125144,19.0,0.0,0.0,0.0,0.7707229091061486,-0.05829499670636584,0.08843055636518532,0.2327134324923942,0.6238750336985839,38.18020269679348
0.7,0.7,match,2,0,4.830049753189087,142.43789672851562,0.7086462523806748,201.0,0.0,0.0,0.0,0.5505769531941042,-0.15806929918657064,0.003480429369222975,0.3701030255587243,1.951111329029041,33.26551192682836
0.7,1.0,1.0,2,0,1.479792833328247,41.982791006565094,0.7115727289248321,59.0,0.0,0.0,0.0,0.5765913038932043,-0.1349814250316278,0.027101635463246756,0.321544026071995,1.8901382250300909,35.597013719449905
0.8,0.8,match,2,0,2.438053846359253,80.4379813671112,0.796415657100111,101.0,0.0,0.0,0.0,0.7085376064479351,-0.08787805065217591,0.0009948650553064909,0.2552610333031504,1.0616938876711977,30.933494166762163
0.8,1.0,1.0,2,0,4.954302072525024,152.17576789855957,0.7647023512490431,199.0,0.0,0.0,0.0,0.6209577050323438,-0.14374464621669925,0.023069373249650152,0.2919657450150605,1.4400016999143601,35.7912469637924
0.9,0.9,match,2,0,3.1995887756347656,104.23283869028091,0.8080065014750458,129.0,0.0,0.0,0.0,0.5352876645119977,-0.2727188369630481,0.0007672621607461849,0.20591745661326158,1.3948816529135832,29.423578284017577
0.9,1.0,1.0,2,0,1.2462289333343506,40.686318933963776,0.8476316444575787,48.0,0.0,0.0,0.0,0.7972817763369134,-0.05034986812066522,0.007450351908931786,0.19814366994736096,0.9121730672195554,32.900507914710666
1.0,1.0,match,2,0,4.389008283615112,131.1940279006958,0.7539886660959528,174.0,0.0,0.0,0.0,0.6567609645641608,-0.09722770153179205,0.000922847429341335,0.31092588115355063,1.6127132185702693,31.666994653700566
1.0,1.0,1.0,2,0,3.5605952739715576,113.37915402650833,0.7928612169685897,143.0,0.0,0.0,0.0,0.5644569854238923,-0.22840423154469736,0.0010383446986766166,0.234003458233954,1.5062790922039038,31.863232594763232
1.2,1.2,match,2,0,3.85878849029541,106.59017103910446,0.6746213356905346,158.0,0.0,0.0,0.0,0.5191400220297324,-0.1554813136608022,0.0020445802129677956,0.396482767230725,1.6263010347898625,35.095133956591916
1.2,1.0,1.0,2,0,1.880345344543457,46.494555830955505,0.6369117237117192,73.0,0.0,0.0,0.0,0.5128124833572656,-0.12409924035445363,0.011079568301081762,0.4343671532067126,1.1224375563635403,33.19125187467324
1.4,1.4,match,2,0,4.904776334762573,123.35062724351883,0.6458148023220881,191.0,0.0,0.0,0.0,0.5020689511377561,-0.14374585118433203,0.0027910207987420824,0.4114453440912419,1.7566306127615625,37.37648389572767
1.4,1.0,1.0,2,0,4.153639793395996,131.4418507218361,0.7870769504301562,167.0,0.0,0.0,0.0,0.5965842180941479,-0.19049273233600839,0.020589584516430084,0.25509044199813896,1.4143638212434546,31.26598688554928
1.7,1.7,match,2,0,3.5126068592071533,102.11480540037155,0.7453635430684055,137.0,0.0,0.0,0.0,0.6257130697040874,-0.11965047336431811,0.0009098590041924795,0.29426289336198436,1.561902977254269,34.167298826083595
1.7,1.0,1.0,2,0,5.07038426399231,140.5548021197319,0.6992776224862284,201.0,0.0,0.0,0.0,0.5268967604066711,-0.17238086207955727,0.0352147288271226,0.36058060739615666,1.996492706776703,33.302943402396394
2.0,2.0,match,2,0,3.6204304695129395,73.29068320989609,0.5235048800706863,140.0,0.0,0.0,0.0,-0.159849000974096,-0.6833538810447823,0.0007680883638832717,0.3532934672997466,1.2699605599977075,35.4341968768309
2.0,1.0,1.0,2,0,0.9957888126373291,29.082288801670074,0.7860078054505426,37.0,0.0,0.0,0.0,0.712882841626803,-0.07312496382373956,0.03951880082281099,0.26094246313378616,0.7452750808081111,33.51505021793406
0.5,0.5,match,3,0,2.0010159015655518,16.419003069400787,0.21892004092534384,75.0,0.0,0.0,0.002045822787909561,-0.4839244691806065,-0.7028445101059504,0.001365955371611378,0.6565751112004121,1.1231076905628046,39.50611315844702
0.5,1.0,1.0,3,0,0.5218722820281982,12.936162769794464,0.7609507511643803,17.0,0.0,0.0,0.0,0.5899091949686408,-0.17104155619573946,0.08507727715186775,0.27661943002877865,0.8564402396955034,36.24582008884413
0.6,0.6,match,3,0,2.6291418075561523,81.64709615707397,0.8164709615707397,100.0,0.0,0.0,0.0,0.7428756139495156,-0.0735953476212241,0.00027689567478645207,0.24010546883568168,1.6968725167959928,30.40011629785076
0.6,1.0,1.0,3,0,0.8012614250183105,22.318281054496765,0.7695958984309229,29.0,0.0,0.0,0.0,0.6515342018433979,-0.11806169658752497,0.05922296069495912,0.2877854489046952,1.3095703363932412,37.59054026786953
0.7,0.7,match,3,0,4.437608957290649,125.59377229213715,0.7176786988122122,175.0,0.0,0.0,0.0,0.5270354629697642,-0.19064323584244802,0.0015849589830494728,0.3265380566247872,1.5198483738303183,35.137130057447315
0.7,1.0,1.0,3,0,1.834000825881958,54.823422849178314,0.7831917549882617,70.0,0.0,0.0,0.0,0.7143645467965499,-0.06882720819171173,0.025196404429152608,0.30100937602775435,1.0595046085438558,35.07860433883936
0.8,0.8,match,3,0,5.291298151016235,131.26563411951065,0.6341334981618872,207.0,0.0,0.0,0.0,0.4426325682309926,-0.19150092993089463,0.001075118172492102,0.42935712939659176,1.7937696421977833,31.742567664783067
0.8,1.0,1.0,3,0,4.491032361984253,56.267248690128326,0.3143421714532309,179.0,0.0,0.0,0.0,-0.05974211941180186,-0.37408429086503275,0.020259983016811103,0.6082456802335365,1.69836169239862,36.66909768066601
0.9,0.9,match,3,0,3.7123799324035645,110.88282513618469,0.7754043715817112,143.0,0.0,0.0,0.0,0.5685298777460842,-0.20687449383562695,0.0004892739355448573,0.26760033587111043,1.4178461177678374,32.53227456988913
0.9,1.0,1.0,3,0,2.7698800563812256,77.77096664905548,0.7268314640098643,107.0,0.0,0.0,0.0,0.3692446119450736,-0.35758685206479074,0.008076822124081137,0.31984495131351126,1.5259632416696192,31.787245887929693
1.0,1.0,match,3,0,3.7869482040405273,116.22745710611343,0.7646543230665358,152.0,0.0,0.0,0.0,0.5388435942694446,-0.2258107287970912,0.001531323445988917,0.29230536660179496,1.589885611142228,31.853810364954903
1.0,1.0,1.0,3,0,3.5357437133789062,108.26728790998459,0.7845455645651057,138.0,0.0,0.0,0.0,0.6758404398051492,-0.10870512475995653,0.0005806480399225129,0.2601321718884983,1.5304962972961906,36.96444816010726
1.2,1.2,match,3,0,2.2965145111083984,63.88087731599808,0.7886528063703466,81.0,0.0,0.0,0.0,0.6143139221239835,-0.17433888424636312,0.0011331945803092936,0.26312986073762545,1.2462383663097834,32.86895125436476
1.2,1.0,1.0,3,0,3.329963207244873,95.11602425575256,0.7609281940460205,125.0,0.0,0.0,0.0,0.589841385067801,-0.17108680897821948,0.012990827807844918,0.28585381665825843,1.3210983815640212,33.47397213030841
1.4,1.4,match,3,0,2.173825979232788,31.43316662311554,0.3880637854705622,81.0,0.0,0.0,0.0,0.13422947192448192,-0.25383431354608027,0.0011302631822360353,0.5419519200323173,2.1036390754865644,43.617071875285546
1.4,1.0,1.0,3,0,4.291213512420654,132.39690363407135,0.7927958301441398,167.0,0.0,0.0,0.0,0.6495908960610269,-0.14320493408311286,0.030649340143483358,0.2517083473949732,1.458983795170834,34.91527498007626
1.7,1.7,match,3,0,3.95759654045105,114.43668359518051,0.7335684845844904,156.0,0.0,0.0,0.0,0.560184058366764,-0.17338442621772643,0.0006369855469881347,0.3192993830411862,1.6208483818440864,37.496490303190555
1.7,1.0,1.0,3,0,4.018960952758789,122.32137298583984,0.7841113652938452,156.0,0.0,0.0,0.0,0.4953941995458257,-0.2887171657480195,0.028616856185779457,0.26415028419488895,1.7580999898461578,29.15639195122095
2.0,2.0,match,3,0,3.8453423976898193,71.21322339773178,0.46544590456033846,153.0,0.0,0.0,0.0,-0.07307018619030714,-0.5385160907506457,0.00038739806475300494,0.4194149316038961,1.2556486132926021,30.97067381950928
2.0,1.0,1.0,3,0,3.1383402347564697,100.66386723518372,0.8251136658621616,122.0,0.0,0.0,0.0,0.7144258160236453,-0.11068784983851632,0.04340872950544042,0.2086228203013173,1.612380811761393,30.68467032322294
0.5,0.5,match,4,0,2.4030349254608154,-3.3944430351257324,-0.03573097931711297,95.0,0.0,0.0,0.001784471501757272,-0.6293607029191991,-0.5936297236020861,0.0026650339374110115,0.7843544684742626,1.3787468412204793,41.06322373767951
0.5,1.0,1.0,4,0,0.5500049591064453,13.088410139083862,0.6888636915307296,19.0,0.0,0.0,0.0,0.6104375190205045,-0.0784261725102251,0.09365585878387922,0.3723274625249599,1.0663065839754908,42.803876531087816
0.6,0.6,match,4,0,0.6727368831634521,17.2604923248291,0.7504561880360479,23.0,0.0,0.0,0.0,0.6859634843739596,-0.06449270366208826,2.98600400583382e-05,0.2646707283413928,2.301073626331661,39.39411249063392
0.6,1.0,1.0,4,0,1.1670753955841064,34.67965656518936,0.8065036410509154,43.0,0.0,0.0,0.0,0.729236635423842,-0.07726700562707345,0.06242823537572154,0.25189713423335275,1.5045058432706566,35.85325258778168
0.7,0.7,match,4,0,3.0191457271575928,39.49490064382553,0.32912417203187944,120.0,0.0,0.0,0.0,0.12365361253394425,-0.2054705594979352,0.0014725682477993902,0.658952047295558,1.6202492070073882,40.80735710107961
0.7,1.0,1.0,4,0,1.0093607902526855,28.61946964263916,0.7949852678510878,36.0,0.0,0.0,0.0,0.6957237780094147,-0.09926148984167316,0.02749365652645273,0.2862370732861261,1.094678228565802,29.277532214156956
0.8,0.8,match,4,0,2.207655906677246,61.838416039943695,0.7450411571077553,83.0,0.0,0.0,0.0,0.6850649358295813,-0.059976221278174036,0.0028101930303702093,0.3253668750894357,1.6260085383721863,32.871981527695205
0.8,1.0,1.0,4,0,3.18780517578125,88.29913794994354,0.695268802755461,127.0,0.0,0.0,0.0,0.4726610246395308,-0.2226077781159302,0.022330256091201647,0.30822844373604913,1.4378545757999102,33.668484904850864
0.9,0.9,match,4,0,1.0036265850067139,25.931103944778442,0.7203084429105123,36.0,0.0,0.0,0.0,0.6000623447554452,-0.12024609815506715,0.001711252333916491,0.3452884725088047,1.4238040628325608,35.90745678895125
0.9,1.0,1.0,4,0,2.461904287338257,67.53524023294449,0.7184600024781329,94.0,0.0,0.0,0.0,0.630296645625945,-0.0881633568521879,0.008248718613783719,0.3537011320722547,1.1127206868630775,34.54399878215003
1.0,1.0,match,4,0,3.278452157974243,78.68538689613342,0.7218842834507654,109.0,0.0,0.0,0.0,0.3089251082942442,-0.4129591751565212,0.0012207407910262158,0.2940526396172856,1.738232606287123,32.169298529053805
1.0,1.0,1.0,4,0,3.1583340167999268,78.1626518368721,0.645972329230348,121.0,0.0,0.0,0.0,0.44662560562913617,-0.1993467236012118,0.003216112962365969,0.4345713245474603,1.7085195019040718,34.719973837488894
1.2,1.2,match,4,0,4.300010442733765,114.13886976242065,0.6448523715390997,177.0,0.0,0.0,0.0,0.4728612618372691,-0.17199110970183057,0.0010972239958704222,0.42115973309208615,1.5035725887549125,36.1192106654031
1.2,1.0,1.0,4,0,4.090592861175537,132.59124249219894,0.7987424246518009,166.0,0.0,0.0,0.0,0.6795312303485292,-0.11921119430327165,0.017491571586861304,0.2742926700781268,1.1614455245547446,32.84500751368729
1.4,1.4,match,4,0,2.586923837661743,88.48072814941406,0.8426736014229911,105.0,0.0,0.0,0.0,0.7576486131785294,-0.0850249882444617,0.0009327927625734516,0.16097888364678337,1.0488078702773367,28.55346943320655
1.4,1.0,1.0,4,0,1.0676326751708984,34.243964433670044,0.8352186447236596,41.0,0.0,0.0,0.0,0.7693645671010018,-0.06585407762265783,0.02211653299164027,0.22315053605451818,1.2887139885527332,31.3670853260588
1.7,1.7,match,4,0,3.5603506565093994,105.69362312555313,0.7239289255174872,146.0,0.0,0.0,0.0,0.5850860343089905,-0.1388428912084967,0.0011570518675892438,0.32935100772150167,1.8074471097541591,39.634571326432784
1.7,1.0,1.0,4,0,2.263597011566162,51.28777456283569,0.7770874933762983,66.0,0.0,0.0,0.0,0.6493088761201271,-0.12777861725617123,0.026728140680979076,0.2945463198208899,1.351306310883074,31.77066477094601
2.0,2.0,match,4,0,1.4286608695983887,40.22028058767319,0.7056189576784769,57.0,0.0,0.0,0.0,0.56750520371965,-0.13811375395882697,0.0020479352416080993,0.3738691873619692,1.2943572071625997,35.14828255157424
2.0,1.0,1.0,4,0,2.4116547107696533,82.92095297574997,0.8050577958810676,103.0,0.0,0.0,0.0,0.6993121978114633,-0.10574559806960437,0.04295985179031085,0.23114824954542396,1.2790085883286682,30.28161640196483
0.5,0.5,match,5,0,0.9401307106018066,27.08667379617691,0.7128072051625503,38.0,0.0,0.0,0.0021368361808158255,0.3317024911174903,-0.38110471404505997,0.0006024640746379708,0.3696677823992152,0.47012209308970915,25.782242877829844
0.5,1.0,1.0,5,0,0.3170888423919678,7.824770092964172,0.7824770092964173,10.0,0.0,0.0,0.0,0.6710619827111562,-0.11141502658526103,0.18747477455892497,0.25043821707367897,0.8885094031691552,56.02725815177698
0.6,0.6,match,5,0,3.978363513946533,109.35295623540878,0.6284652657207401,174.0,0.0,0.0,0.0,0.4915939113825043,-0.13687135433823583,0.002096697258033958,0.41760373464517897,1.749071921684897,36.57027413140188
0.6,1.0,1.0,5,0,0.539757490158081,15.872396051883698,0.7936198025941849,20.0,0.0,0.0,0.0,0.7155721815008866,-0.07804762109329821,0.030830209658138062,0.26494021448306737,1.3161726601421833,30.972474287876704
0.7,0.7,match,5,0,3.6029140949249268,121.33979433774948,0.7679733818844904,158.0,0.0,0.0,0.0,0.5859777505889944,-0.181995631295496,0.0022649458809607327,0.28443528014482766,1.6131874443255836,34.165599775326825
0.7,1.0,1.0,5,0,3.255159616470337,85.22544705867767,0.6087531932762691,140.0,0.0,0.0,0.0,0.3611838686005246,-0.2475693246757445,0.031918613299586736,0.4480214183085731,1.6682312906054513,36.94976816242904
0.8,0.8,match,5,0,1.0679986476898193,33.46267420053482,0.7967303381079719,42.0,0.0,0.0,0.0,0.7219976186752319,-0.07473271943273996,0.0022373235019086876,0.2674025838218984,0.8071469008212998,35.272127085647796
0.8,1.0,1.0,5,0,0.30483436584472656,7.231313586235046,0.8034792873594496,9.0,0.0,0.0,0.0,0.7462187111377716,-0.05726057622167802,0.015166992161539383,0.20696531981229782,0.3536038605703248,48.085037562659174
0.9,0.9,match,5,0,2.8678476810455322,99.32716274261475,0.8075379084765426,123.0,0.0,0.0,0.0,0.6128577929539759,-0.1946801155225667,0.002197515619102097,0.24740458576659846,1.7788176390880006,29.673545299558462
0.9,1.0,1.0,5,0,2.5627214908599854,88.56264835596085,0.812501361063861,109.0,0.0,0.0,0.0,0.6066441360852439,-0.20585722497861703,0.007525965867022966,0.19957089058439667,1.2947838650418257,31.091688516322122
1.0,1.0,match,5,0,3.3053476810455322,105.38134706020355,0.7318149101403024,144.0,0.0,0.0,0.0,0.5108654295595793,-0.22094948058072317,0.0018368549769430165,0.30367098981514573,1.8092822982257024,39.15221174950442
1.0,1.0,1.0,5,0,3.2697417736053467,112.28091394901276,0.7907106616127659,142.0,0.0,0.0,0.0,0.5849683847053783,-0.20574227690738767,0.0007388674440070845,0.24133314400203001,1.5756063689805673,32.99790887479532
1.2,1.2,match,5,0,2.4345080852508545,83.84839743375778,0.7985561660357884,105.0,0.0,0.0,0.0,0.5898927244930886,-0.20866344154269978,0.0007151047399444311,0.2121072212855021,1.8586592854488464,33.54475822907075
1.2,1.0,1.0,5,0,2.9721519947052,105.91036754846573,0.8146951349881979,130.0,0.0,0.0,0.0,0.6613557648000329,-0.15333937018816501,0.014559369486424523,0.2112523165029975,1.6157337448631341,31.637988903164857
1.4,1.4,match,5,0,5.139388084411621,167.13011002540588,0.7395137611743623,226.0,0.0,0.0,0.0,0.578839165965716,-0.16067459520864624,0.0009593810312253481,0.2771390325768925,1.845175221232714,36.08108119132669
1.4,1.0,1.0,5,0,1.6269452571868896,54.28728634119034,0.8102580050923931,67.0,0.0,0.0,0.0,0.756499426834511,-0.053758578257882106,0.018403373519311463,0.24223735928535461,1.596731165006979,31.708351670888852
1.7,1.7,match,5,0,2.558163642883301,84.45791673660278,0.8280187915353214,102.0,0.0,0.0,0.0,0.705589925182181,-0.12242886635314043,0.0010041183875830596,0.19958867497888266,1.044390678022276,32.07668640508213
1.7,1.0,1.0,5,0,4.4222211837768555,123.7658908367157,0.6837894521365508,181.0,0.0,0.0,0.0,0.38109500699987015,-0.3026944451366807,0.036670264923850955,0.30208931930198524,1.4904743325665017,36.2655256846705
2.0,2.0,match,5,0,4.402603387832642,124.19319438934326,0.6861502452449904,181.0,0.0,0.0,0.0,0.5047693685537928,-0.1813808766911975,0.0008163287125853458,0.37484997401826947,1.3918321761019652,35.984386288580275
2.0,1.0,1.0,5,0,3.7671217918395996,113.36508321762085,0.736136904010525,154.0,0.0,0.0,0.0,0.547884703875562,-0.18825220013496302,0.053612933346539056,0.3506192139035405,1.6630175367433142,35.8504452794277
0.5,0.5,match,6,0,1.2251036167144775,26.370065450668335,0.5493763635555903,48.0,0.0,0.0,0.0016645375717223244,0.0716638249999031,-0.4777125385556872,0.001318523901523862,0.48706170932079357,0.674461666882659,30.452545698099403
0.5,1.0,1.0,6,0,0.3653395175933838,9.446142554283142,0.7871785461902618,12.0,0.0,0.0,0.0,0.5567881871353496,-0.23039035905491223,0.16738876882432538,0.24185685565074286,1.046905336494092,54.90227533383914
0.6,0.6,match,6,0,2.2554659843444824,58.85868012905121,0.6397682622722958,92.0,0.0,0.0,0.0,0.49126344493457247,-0.1485048173377233,0.0009704909329664608,0.45903737377375364,1.4027334371500688,32.24280494576727
0.6,1.0,1.0,6,0,0.8372063636779785,20.46397566795349,0.6601282473533384,31.0,0.0,0.0,0.0,0.4754708377023538,-0.1846574096509846,0.051556494125785925,0.4166233940350433,1.2052613335150866,39.35090290967385
0.7,0.7,match,6,0,3.3989202976226807,90.25949501991272,0.6447106787136623,140.0,0.0,0.0,0.0,0.5645196168757171,-0.08019106183794522,0.0020263048341564545,0.4021572340812002,1.638423942814448,35.571156027226344
0.7,1.0,1.0,6,0,0.975069522857666,29.56313556432724,0.8211982101202011,36.0,0.0,0.0,0.0,0.7800581898008074,-0.04114002031939368,0.02849962086682873,0.2034902328418361,1.173543131392863,31.977785486139826
0.8,0.8,match,6,0,5.18537163734436,175.1518441438675,0.8146597402040349,215.0,0.0,0.0,0.0,0.5987917159022502,-0.21586802430178464,0.0011973459908367914,0.20833512121854827,1.3352766820597788,31.43398141544161
0.8,1.0,1.0,6,0,4.708204746246338,155.14946800470352,0.7875607512929113,197.0,0.0,0.0,0.0,0.6210402921602434,-0.1665204591326679,0.01963493148249821,0.25858698324844015,1.6099740626280985,32.28517701972613
0.9,0.9,match,6,0,3.14931321144104,81.62497067451477,0.6582658925364094,124.0,0.0,0.0,0.0,0.437518172409022,-0.22074772012738741,0.000603913928308999,0.35492685443210986,1.837859695867425,36.34678625157409
0.9,1.0,1.0,6,0,4.683568000793457,93.92127966880798,0.48663875476066315,193.0,0.0,0.0,0.0,0.059130614157766104,-0.42750814060289705,0.009591162985392051,0.44109559765597084,1.4312041711467536,34.927795797542665
1.0,1.0,match,6,0,3.5912156105041504,96.40992021560669,0.6558497973850795,147.0,0.0,0.0,0.0,0.5703988832561937,-0.08545091412888584,0.0017655474143093172,0.44627238267741237,1.865244693673995,34.52376679716927
1.0,1.0,1.0,6,0,3.87723708152771,120.61534583568573,0.7781635215205531,155.0,0.0,0.0,0.0,0.6009303387496379,-0.17723318277091527,0.0016761517437126334,0.22875484742464558,1.56076757864606,32.79744295737273
1.2,1.2,match,6,0,5.932840585708618,103.51010662317276,0.41737946219021277,248.0,0.0,0.0,0.0,0.25190496975876514,-0.16547449243144763,0.0013118864313824072,0.5716388354062913,1.702890019796248,39.06529485418108
1.2,1.0,1.0,6,0,5.018657207489014,137.57368409633636,0.7317749154060444,188.0,0.0,0.0,0.0,0.5221664701030654,-0.20960844530297906,0.01359108932357391,0.3428107845061954,1.4598891830029699,32.51228332275079
1.4,1.4,match,6,0,5.702493190765381,167.81427305936813,0.7264687145427192,231.0,0.0,0.0,0.0,0.6150381070986876,-0.11143060744403166,0.0013726934811681022,0.3381501692972142,1.8827499894352702,34.097233306588514
1.4,1.0,1.0,6,0,2.532092332839966,75.78200322389603,0.7357476041154954,103.0,0.0,0.0,0.0,0.5814028782313507,-0.15434472588414472,0.0242153265919792,0.32182725815518387,1.4870886459078603,37.85013027712538
1.7,1.7,match,6,0,2.602479934692383,81.43278586864471,0.7610540735387357,107.0,0.0,0.0,0.0,0.5121970139443874,-0.24885705959434823,0.0007157463401564149,0.2657774001812545,2.025625759996822,35.45009139959219
1.7,1.0,1.0,6,0,2.8367083072662354,83.87660229206085,0.7230741576901798,116.0,0.0,0.0,0.0,0.3963631322202475,-0.3267110254699323,0.03634213251972814,0.30805190930399917,1.2881921312033102,36.31623415867224
2.0,2.0,match,6,0,3.172606945037842,96.41818088293076,0.7591982746687461,127.0,0.0,0.0,0.0,0.5316405347067981,-0.22755773996194806,0.0017335263397139247,0.2696842462939071,1.3486053539718699,33.40883587572831
2.0,1.0,1.0,6,0,2.5656867027282715,80.71405416727066,0.7760966746852949,104.0,0.0,0.0,0.0,0.7033456922734825,-0.07275098241181233,0.04598103305415332,0.3160843489190134,1.5990584205406217,32.80796196154468
0.5,0.5,match,7,0,1.2531075477600098,28.060771942138672,0.5612154388427735,50.0,0.0,0.0,0.003752949772930077,0.20006898900836098,-0.36114644983441246,0.001243830894221604,0.493533349186182,0.9505956549942494,32.16024405866034
0.5,1.0,1.0,7,0,0.40015196800231934,10.642808973789215,0.8186776133684012,13.0,0.0,0.0,0.0,0.7860594540834427,-0.03261815928495848,0.06384647020604461,0.23044861623874077,0.4082353354360049,37.98942684462577
0.6,0.6,match,7,0,1.44061279296875,26.75254988670349,0.46934298046848233,57.0,0.0,0.0,0.0,0.24408391008286603,-0.2252590703856163,0.00048822133354877096,0.5118566229939461,1.160260288146929,43.51374034028242
0.6,1.0,1.0,7,0,0.7030527591705322,19.988005220890045,0.7687694315726941,26.0,0.0,0.0,0.0,0.7297838354110717,-0.03898559616162234,0.05867536326870322,0.2748602216060345,1.2077580387345874,35.59025638510813
0.7,0.7,match,7,0,5.767548561096191,178.99903202056885,0.7458293000857036,240.0,0.0,0.0,0.0,0.5847376288737026,-0.16109167121200096,0.001519251190030297,0.2965907223600273,1.5844086321924502,33.82738690916783
0.7,1.0,1.0,7,0,2.3608267307281494,80.46601176261902,0.8381876225272814,96.0,0.0,0.0,0.0,0.7834766325197722,-0.05471099000750923,0.03306519261585843,0.17181205717740036,1.2059813546172033,34.44657753616943
0.8,0.8,match,7,0,5.126263618469238,160.33803117275238,0.7821367374280604,205.0,0.0,0.0,0.0,0.5652390952226615,-0.21689764220539898,0.001241829457968584,0.23938218942139206,1.4626098136894587,31.612673135607135
0.8,1.0,1.0,7,0,2.376941680908203,80.17771357297897,0.8439759323471471,95.0,0.0,0.0,0.0,0.8173287028961993,-0.026647229450947774,0.016300554799678874,0.16828562956499427,1.1637405960673564,32.456451409019145
0.9,0.9,match,7,0,5.007752418518066,124.8301951289177,0.7658294179688202,163.0,0.0,0.0,0.0,0.5955611515767228,-0.17026826639209736,0.0011855037968813785,0.29319965110326107,1.706365585052894,32.707122779060704
0.9,1.0,1.0,7,0,3.1074299812316895,67.31048715114594,0.6175274050563847,109.0,0.0,0.0,0.0,0.4888922874190569,-0.12863511763732782,0.00694988824478868,0.4368947421567976,1.8335170007626944,36.16948564899581
1.0,1.0,match,7,0,2.0458450317382812,45.78605669736862,0.5516392373176943,83.0,0.0,0.0,0.0,0.35655686225196936,-0.1950823750657249,0.0004832241262198384,0.4680782498185893,1.4134062667298748,35.2803922419862
1.0,1.0,1.0,7,0,3.17813777923584,92.32652008533478,0.7102040006564214,130.0,0.0,0.0,0.0,0.43063753346602124,-0.2795664671904002,0.0012298851120055427,0.3411042118445039,1.4860978140853918,32.88545001070345
1.2,1.2,match,7,0,3.3255765438079834,103.80449378490448,0.7804849156759736,133.0,0.0,0.0,0.0,0.4962405191000664,-0.28424439657590717,0.000727876750059667,0.2603117982275728,1.2695799590109433,27.968050229473562
1.2,1.0,1.0,7,0,4.815548896789551,143.48831391334534,0.7138722085241062,201.0,0.0,0.0,0.0,0.5630041083891411,-0.1508681001349651,0.013820670865825377,0.3551649661058217,1.6754890947570256,33.93886039745165
1.4,1.4,match,7,0,4.668791770935059,126.54319405555725,0.6556642179044417,193.0,0.0,0.0,0.0,0.5464034806160877,-0.10926073728835406,0.0017049965465834778,0.40614010491818575,1.8104739402628316,38.024201334867435
1.4,1.0,1.0,7,0,8.066972255706787,164.23016703128815,0.7018383206465305,234.0,0.0,0.0,0.0,0.5959092646261653,-0.10592905602036518,0.025968774861871973,0.3658394102389232,1.715403520828511,34.65862990036133
1.7,1.7,match,7,0,6.466058015823364,138.8652179837227,0.7714734332429038,180.0,0.0,0.0,0.0,0.5790979701026692,-0.19237546314023468,0.000855567837123232,0.25614682238342035,1.4066085424895087,36.594245740640176
1.7,1.0,1.0,7,0,5.36238694190979,109.82257175445557,0.7273017996983813,151.0,0.0,0.0,0.0,0.6231486336390177,-0.10415316605936353,0.033502012016251685,0.33893181582209686,1.7754522586821129,32.50137347653379
2.0,2.0,match,7,0,5.364620685577393,-0.4020003080368042,-0.0027534267673753714,146.0,0.0,0.0,0.0,-0.4832040114842098,-0.48045058471683444,0.00048575688369808254,0.7215378689643455,1.4567147984794557,44.41885836880765
2.0,1.0,1.0,7,0,4.760871887207031,109.18686896562576,0.8271732497395892,132.0,0.0,0.0,0.0,0.7489338451214419,-0.07823940461814727,0.04788673733439268,0.19229936100556655,1.5290320718406953,34.20714619606686
0.5,0.5,match,8,0,5.626214981079102,41.60212177038193,0.2666802677588585,156.0,0.0,0.0,0.0017459338711154075,-0.2503697391028606,-0.5170500068617191,0.001496684652803167,0.6792351999917091,1.0647268984466791,33.61185098305156
0.5,1.0,1.0,8,0,0.5227310657501221,7.647923827171326,0.7647923827171326,10.0,0.0,0.0,0.0,0.5362616777420044,-0.22853070497512817,0.19184051852466333,0.26388290375471113,0.5028684213757515,56.13148756700089
0.6,0.6,match,8,0,5.922236442565918,118.95402836799622,0.6956375927952995,171.0,0.0,0.0,0.0,0.46739024003858076,-0.2282473527567187,0.002523968538275767,0.3697680630312677,1.5312992510364025,31.544057754068124
0.6,1.0,1.0,8,0,3.0100576877593994,95.86736685037613,0.7922922880196375,121.0,0.0,0.0,0.0,0.7572371120254199,-0.03505517599421759,0.045075195057628054,0.2574364292042807,1.6473809190032895,32.949785797892915
0.7,0.7,match,8,0,3.37878155708313,106.50018161535263,0.7830895707011223,136.0,0.0,0.0,0.0,0.7037599473087875,-0.07932962339233474,0.0021915833570068976,0.26673842029755607,1.5293067525798345,32.30149473077872
0.7,1.0,1.0,8,0,2.991995096206665,64.95861691236496,0.528118836685894,123.0,0.0,0.0,0.0,0.4061008403020468,-0.1220179963838472,0.03582123105918042,0.5077735389454093,1.6436014490398934,36.61871718237006
0.8,0.8,match,8,0,0.9972453117370605,29.490074634552002,0.7760545956461053,38.0,0.0,0.0,0.0,0.6494335419422871,-0.12662105370381826,0.0032136005779771163,0.2981700932509021,1.1637407910863036,30.845803444229077
0.8,1.0,1.0,8,0,3.564507246017456,120.29121488332748,0.8239124307077225,146.0,0.0,0.0,0.0,0.6928137742047166,-0.1310986565030059,0.01632081124257168,0.2026145574828125,1.31359219725231,33.135975722845814
0.9,0.9,match,8,0,4.993801832199097,164.87842214107513,0.792684721832092,208.0,0.0,0.0,0.0,0.6634680135400542,-0.1292167082920378,0.0009577938438825287,0.2373173228720239,1.397955681528681,33.8360615419685
0.9,1.0,1.0,8,0,2.867363452911377,92.23334884643555,0.7816385495460639,118.0,0.0,0.0,0.0,0.6771841912219921,-0.1044543583240718,0.009000471607049625,0.24990689547700903,1.4609412949027147,33.80544480723817
1.0,1.0,match,8,0,5.054361820220947,61.515749514102936,0.3000768268980631,205.0,0.0,0.0,0.0,-0.07855489340099488,-0.37863172029905795,0.0014090399907387358,0.6121922651623807,2.0253371200365264,37.074939397741
1.0,1.0,1.0,8,0,0.25508761405944824,5.734289109706879,0.8191841585295541,7.0,0.0,0.0,0.0,0.7585824529329935,-0.06060170559656053,0.0020855758558961193,0.1635019462555647,0.3013901822268963,40.28058773300893
1.2,1.2,match,8,0,3.4392199516296387,90.32621347904205,0.6229394033037383,145.0,0.0,0.0,0.0,0.5021371693712555,-0.1208022339324828,0.0017709792113033511,0.3841448060461673,1.4829702560115476,38.2607644664797
1.2,1.0,1.0,8,0,3.152838706970215,100.96719181537628,0.7707419222547808,131.0,0.0,0.0,0.0,0.6892175407363819,-0.08152438151839891,0.012648542850482596,0.278419288095684,1.371177863201681,36.649909882472265
1.4,1.4,match,8,0,2.5480620861053467,79.38598763942719,0.8100610983615019,98.0,0.0,0.0,0.0,0.7574050199125231,-0.052656078448978794,0.0010668853917111135,0.23246922184314048,1.5303090572433204,30.67255527996312
1.4,1.0,1.0,8,0,3.935459613800049,118.24848240613937,0.7728658980793424,153.0,0.0,0.0,0.0,0.6838201654548022,-0.08904573262454019,0.020201588666838546,0.2794546419815495,1.4626915298974494,29.97426332352478
1.7,1.7,match,8,0,2.7752153873443604,88.68831622600555,0.8366822285472222,106.0,0.0,0.0,0.0,0.7616644635086968,-0.07501776503852542,0.0008985494001698108,0.18646652314741657,1.2745029782911517,33.810658892600124
1.7,1.0,1.0,8,0,4.636927843093872,126.32489603757858,0.690299978347424,183.0,0.0,0.0,0.0,0.4974927604786929,-0.19280721786873106,0.036853191875187416,0.37519814285241027,1.6607656558680404,33.32609183317579
2.0,2.0,match,8,0,3.4038026332855225,97.38922595977783,0.7377971663619532,132.0,0.0,0.0,0.0,0.5639376921565024,-0.1738594742054509,0.0006901328436240957,0.30670012327644863,1.4538932398215614,34.35379409889451
2.0,1.0,1.0,8,0,2.6219043731689453,85.941421687603,0.8263598239192596,104.0,0.0,0.0,0.0,0.727558388872054,-0.09880143504720551,0.04643951016885129,0.2155195056962279,1.5767557840937605,33.39466199833236
0.5,0.5,match,9,0,3.773270845413208,52.73162114620209,0.3402040073948522,155.0,0.0,0.0,0.0020282299487621755,-0.006885629662088808,-0.347089637056941,0.0015189948700696744,0.626360621495593,1.0650211255036055,32.0864478861294
0.5,1.0,1.0,9,0,0.7343652248382568,22.24485969543457,0.8238836924235026,27.0,0.0,0.0,0.0,0.7333193879861098,-0.09056430443739272,0.05968652096075507,0.2122347008574892,0.8184703458790425,31.283429746547547
0.6,0.6,match,9,0,1.5557832717895508,40.199625968933105,0.6483810640150501,62.0,0.0,0.0,0.0,0.5311500674388447,-0.11723099657620539,0.001638172937340582,0.4279030857367381,1.623287262875707,32.19937329027311
0.6,1.0,1.0,9,0,0.8190493583679199,18.93982285261154,0.8234705588091975,23.0,0.0,0.0,0.0,0.7450532669370825,-0.07841729187211499,0.07037917782806537,0.21627300491799478,1.152138511771741,37.16861636489134
0.7,0.7,match,9,0,5.581295490264893,140.34308767318726,0.6467423395077754,217.0,0.0,0.0,0.0,0.4515694302196304,-0.19517290928814496,0.0009040607959841888,0.37598307691686167,1.829576997009153,38.41731080774873
0.7,1.0,1.0,9,0,1.4540009498596191,49.38539296388626,0.8514722924807976,58.0,0.0,0.0,0.0,0.82380999075739,-0.027662301723407556,0.03307159273198953,0.17959326581130253,1.2569744728890986,33.076691763706
0.8,0.8,match,9,0,1.9816672801971436,50.23685771226883,0.6279607214033603,80.0,0.0,0.0,0.0,0.4958494058869119,-0.13211131551644845,0.0021417473688134007,0.44308442655019464,1.4184731884393842,37.52714404691004
0.8,1.0,1.0,9,0,1.7698242664337158,57.634697794914246,0.8117563069706232,71.0,0.0,0.0,0.0,0.7590592350278582,-0.05269707194276496,0.014591517678595015,0.24198581440977648,1.2347963281815322,32.062980383281754
0.9,0.9,match,9,0,3.808527708053589,103.70169466733932,0.6605203481996136,157.0,0.0,0.0,0.0,0.36788347769433105,-0.29263687050528253,0.0009161943284349642,0.35683033940423825,1.4894538956581598,31.756941657285264
0.9,1.0,1.0,9,0,2.441746950149536,62.66349756717682,0.6460154388368744,97.0,0.0,0.0,0.0,0.5388203145218237,-0.10719512431505074,0.010458799757846768,0.4426757541974795,1.519774463258146,40.14526875550148
1.0,1.0,match,9,0,4.557113170623779,109.23699408769608,0.5810478408920005,188.0,0.0,0.0,0.0,0.39120306343557365,-0.1898447774564268,0.0009290458819570612,0.49177914267366235,1.4768939933224403,34.457763922602325
1.0,1.0,1.0,9,0,3.6317620277404785,106.83724528551102,0.707531425731861,151.0,0.0,0.0,0.0,0.3990718671803673,-0.3084595585514937,0.0008338787739527713,0.35003525032260957,2.27365365898582,33.130402988093124
1.2,1.2,match,9,0,1.2338533401489258,37.21792161464691,0.7595494207070799,49.0,0.0,0.0,0.0,0.7054833893974622,-0.054066031309617624,0.0008111008775214165,0.2968697375332823,1.7448771861286796,39.957635075571844
1.2,1.0,1.0,9,0,4.975134611129761,137.75819838047028,0.6654985429008226,207.0,0.0,0.0,0.0,0.5595891222558934,-0.10590942064492914,0.015124020567084707,0.39755865204449437,1.651720714615883,35.300053752489625
1.4,1.4,match,9,0,5.5552074909210205,155.6615770459175,0.6887680400261836,226.0,0.0,0.0,0.0,0.4648316213405795,-0.22393641868560415,0.001520302260997697,0.3434415734949959,1.583815547975555,35.65317741523229
1.4,1.0,1.0,9,0,2.889319896697998,99.3399743437767,0.8418641893540398,118.0,0.0,0.0,0.0,0.7613231366516179,-0.08054105270242196,0.023701207058575865,0.19724308367881735,1.2446685083905014,30.765884636451812
1.7,1.7,match,9,0,5.591789960861206,137.5520726442337,0.7727644530574928,178.0,0.0,0.0,0.0,0.6212738015725787,-0.15149065148491403,0.0012691462825065985,0.2775814594946844,1.6928404121361464,31.139837705111038
1.7,1.0,1.0,9,0,2.2310357093811035,50.60891532897949,0.5686394980784213,89.0,0.0,0.0,0.0,0.47881230813535774,-0.08982718994306355,0.04694501207929782,0.5033830605614721,2.038278328610605,38.780119154570805
2.0,2.0,match,9,0,3.106715202331543,100.22418713569641,0.7954300566325112,126.0,0.0,0.0,0.0,0.610456041753292,-0.18497401487921916,0.00034072143195407986,0.24571448762620252,1.0769872409661139,32.5116235108564
2.0,1.0,1.0,9,0,0.47643423080444336,13.542626738548279,0.8464141711592674,16.0,0.0,0.0,0.0,0.7667715390523274,-0.07964263210694,0.02505149037266771,0.18619227572344244,1.6063907374627888,34.84112051719983
0.5,0.5,match,10,0,1.8588736057281494,27.851318359375,0.3868238661024306,72.0,0.0,0.0,0.00162978810322771,-0.11250853303059095,-0.4993323991330215,0.0026957587257292813,0.5966117801144719,1.6019011419525162,35.64222889907842
0.5,1.0,1.0,10,0,0.5882773399353027,15.351796984672546,0.7675898492336273,20.0,0.0,0.0,0.0,0.6701591077603792,-0.09743074147324804,0.07442175028355498,0.27110177241265776,1.158737099915743,34.06994010093715
0.6,0.6,match,10,0,4.519640684127808,127.9683044552803,0.6880016368563457,186.0,0.0,0.0,2.6380693590318833e-06,0.5338903709440618,-0.15411126591228397,0.0015330263970197947,0.34967691062759326,1.5746314115421747,37.77416285057541
0.6,1.0,1.0,10,0,1.0805459022521973,29.121474623680115,0.6933684434209552,42.0,0.0,0.0,0.0,0.45752520931930074,-0.23584323410165442,0.08201845862516542,0.3544881395286038,1.375903657415793,46.920334929484675
0.7,0.7,match,10,0,1.7895572185516357,50.913190960884094,0.7071276522345014,72.0,0.0,0.0,0.0,0.6113927188053937,-0.09573493342910766,0.0001707858487977101,0.36484083391001654,2.059849850109054,30.447618749054794
0.7,1.0,1.0,10,0,1.4916727542877197,42.09666669368744,0.7135028253167363,59.0,0.0,0.0,0.0,0.5511867591533167,-0.16231606616341954,0.03791672891760566,0.35768258205409775,1.3538518061829825,36.20831978649666
0.8,0.8,match,10,0,1.1342461109161377,28.655090272426605,0.6512520516460593,44.0,0.0,0.0,0.0,0.466784572185472,-0.18446747946058728,0.002167426273540196,0.3866510833190246,1.9767768080769614,36.997435722252355
0.8,1.0,1.0,10,0,4.811851978302002,109.743743121624,0.6455514301272,170.0,0.0,0.0,0.0,0.5432338639212078,-0.1023175662059922,0.023515739374154816,0.4045732751050416,1.5722650712903807,37.19932180132688
0.9,0.9,match,10,0,3.631500244140625,64.43471229076385,0.6711949196954569,96.0,0.0,0.0,0.0,0.5417260204490862,-0.12946889924637062,0.001217619378150247,0.4115359130470703,1.4127347705264885,34.786439652982175
0.9,1.0,1.0,10,0,5.627862453460693,113.39814960956573,0.7177098076554793,158.0,0.0,0.0,0.0,0.4881397754570861,-0.22957003219839323,0.008741541802519813,0.30444028478445884,1.6090947035700083,36.360075122110594
1.0,1.0,match,10,0,5.061219215393066,104.34961730241776,0.7672765978118953,136.0,0.0,0.0,0.0,0.6284101921927046,-0.13886640561919072,0.002493815671231527,0.28166283330852715,1.6936056884005666,32.629985257350846
1.0,1.0,1.0,10,0,5.0198073387146,107.80814725160599,0.7755981816662302,139.0,0.0,0.0,0.0,0.6111542020276512,-0.16444397963857893,0.0013941392150225483,0.256765356608968,1.5761558446537356,31.265840683623857
1.2,1.2,match,10,0,5.243257999420166,106.80249661207199,0.721638490622108,148.0,0.0,0.0,0.0,0.5191663376936296,-0.20247215292847842,0.0018433674424814933,0.3457166555815855,1.3620853969525244,31.728881451409993
1.2,1.0,1.0,10,0,1.0000536441802979,18.74859184026718,0.8151561669681383,23.0,0.0,0.0,0.0,0.7397559176791798,-0.0754002492889585,0.01316548028262332,0.20494086295366287,1.1289161381352206,36.659061757986706
1.4,1.4,match,10,0,9.221458911895752,200.1060812473297,0.7816643798723817,256.0,0.0,0.0,0.0,0.6406245636662432,-0.14103981620613848,0.001293038676057418,0.2507566510794277,1.5468243434697797,33.99662826978734
1.4,1.0,1.0,10,0,5.957708358764648,149.03537440299988,0.7802899183403135,191.0,0.0,0.0,0.0,0.6584706473605413,-0.12181927097977219,0.026364268261424607,0.2768374721261219,1.589557418785014,35.03366247478997
1.7,1.7,match,10,0,2.5632681846618652,80.02354609966278,0.776927632035561,103.0,0.0,0.0,0.0,0.6515261193408686,-0.12540151269469246,0.0009077595187818588,0.27838494258851393,1.858404856790038,36.78499006250858
1.7,1.0,1.0,10,0,3.4878926277160645,33.40909385681152,0.23863638469151088,140.0,0.0,0.0,0.0,-0.261329819066383,-0.49996620375789386,0.03806149473132418,0.5634215632453561,1.5335092303476163,37.56165813049395
2.0,2.0,match,10,0,2.156804323196411,57.295017778873444,0.6585634227456718,87.0,0.0,0.0,0.0,0.5540197883234468,-0.10454363442222503,0.001032318687173513,0.42461430712806425,1.632482093384211,37.494389850831304
2.0,1.0,1.0,10,0,2.9692587852478027,81.51464450359344,0.679288704196612,120.0,0.0,0.0,0.0,0.5806721544065395,-0.0986165497900725,0.04506272789356964,0.4163179167158281,1.3074953195638954,33.911358514630166
0.5,0.5,match,11,0,1.233534812927246,27.492233097553253,0.5976572412511577,46.0,0.0,0.0,0.0021636565526326496,0.12454113587737084,-0.4731161053737869,0.0020571988298191475,0.47164852981982025,0.8584366781718057,26.25749856694
0.5,1.0,1.0,11,0,0.48853611946105957,12.58099627494812,0.7863122671842575,16.0,0.0,0.0,0.0,0.7222445527712504,-0.06406771441300707,0.07270413634056846,0.26088944263756275,1.1290034456178546,35.278355495765325
0.6,0.6,match,11,0,2.6369471549987793,76.46850401163101,0.721400981241802,106.0,0.0,0.0,0.0,0.4658513372852689,-0.25554964395653307,0.0007112719583520153,0.306437119472561,1.6873335570870143,38.37110786705686
0.6,1.0,1.0,11,0,0.506201982498169,14.559427499771118,0.8088570833206177,18.0,0.0,0.0,0.0,0.773500968428219,-0.03535611489239865,0.05688725135234349,0.24548990714053312,0.9405687877701389,37.14837352534581
0.7,0.7,match,11,0,1.0492987632751465,31.63801407814026,0.7909503519535065,40.0,0.0,0.0,0.0,0.6866768843088394,-0.10427346764466705,0.0021205434731410397,0.2933897996321321,1.7410926149226724,33.56146894466016
0.7,1.0,1.0,11,0,1.5317885875701904,25.98777163028717,0.39981187123518724,65.0,0.0,0.0,0.0,-0.011805988979176618,-0.41161786021436386,0.03114353665660019,0.546721393099198,1.9502542212605476,45.23777453710823
0.8,0.8,match,11,0,4.688872337341309,152.6879078745842,0.763439539372921,200.0,0.0,0.0,0.0,0.622600714297001,-0.14083882507591994,0.001404282705771861,0.3128957745525986,1.4576577778346838,30.745175268765813
0.8,1.0,1.0,11,0,0.9945642948150635,28.717326819896698,0.7179331704974174,40.0,0.0,0.0,0.0,0.6310679079630436,-0.08686526253437388,0.022869973744934376,0.3348011963069439,1.7527799874544143,39.83713807060407
0.9,0.9,match,11,0,3.7339420318603516,131.34005802869797,0.8107410989425801,162.0,0.0,0.0,0.0,0.6182234789539846,-0.1925176199885955,0.0009162061357291468,0.22002171128298398,1.5079894266953622,27.47416658702557
0.9,1.0,1.0,11,0,0.7234532833099365,22.65369862318039,0.8090606651135853,28.0,0.0,0.0,0.0,0.7521015383579113,-0.05695912675567405,0.007494443249285083,0.27655864134430885,0.8983261355065874,35.892269597670484
1.0,1.0,match,11,0,5.62941575050354,179.59520769119263,0.7330416640456842,245.0,0.0,0.0,0.0,0.5763942624869771,-0.15664740155870704,0.0012164164519334485,0.3081411841572547,1.5903781818149954,34.17877270869477
1.0,1.0,1.0,11,0,3.6205379962921143,110.4143927693367,0.6988252706920044,158.0,0.0,0.0,0.0,0.486366719283515,-0.2124585514084894,0.0018947860170538562,0.35709636383748883,1.8163639071715783,36.73097874883244
1.2,1.2,match,11,0,2.460538148880005,74.83240759372711,0.7126895961307343,105.0,0.0,0.0,0.0,0.40305396760903445,-0.3096356285216999,0.0005834441598503523,0.3226041080518847,1.9625172793066927,34.07962630837349
1.2,1.0,1.0,11,0,2.695139169692993,85.15882533788681,0.7341278046369553,116.0,0.0,0.0,0.0,0.5112388343145342,-0.22288897032242105,0.013717283780747295,0.3050424127422016,1.7347619759946549,36.09174361687773
1.4,1.4,match,11,0,3.887751579284668,126.32987642288208,0.7431169201346005,170.0,0.0,0.0,0.0,0.6689221340523669,-0.07419478608223362,0.0008898764423131511,0.30856771178762704,1.8703465526704401,35.03241625202322
1.4,1.0,1.0,11,0,3.167738676071167,107.22510075569153,0.7884198584977318,136.0,0.0,0.0,0.0,0.5467311946330247,-0.2416886638647071,0.02257530035193035,0.22220513384844012,1.5937823396833504,30.70586342877632
1.7,1.7,match,11,0,4.235837936401367,135.40116333961487,0.7279632437613702,186.0,0.0,0.0,0.0,0.5601110306140539,-0.16785221314731635,0.0006985198446641703,0.33790455433109434,1.5548874991995993,34.81422315922819
1.7,1.0,1.0,11,0,2.803844690322876,86.17047369480133,0.7063153581541093,122.0,0.0,0.0,0.0,0.6027295420769879,-0.10358581607712136,0.03488744348133645,0.3488769300404142,1.8462813620867788,36.59549080589928
2.0,2.0,match,11,0,2.9786489009857178,97.57461524009705,0.7563923662023027,129.0,0.0,0.0,0.0,0.5897521774895722,-0.16664018871273045,0.0009064843063324446,0.281613270831547,1.485270210231344,36.50003536401295
2.0,1.0,1.0,11,0,0.8812766075134277,28.07712495326996,0.8022035700934274,35.0,0.0,0.0,0.0,0.6836784727433148,-0.11852509735011252,0.03488556925645646,0.2611630339707647,0.7344082726431744,30.58344350606641
0.5,0.5,match,12,0,1.403541088104248,27.532454431056976,0.4746974901906375,58.0,0.0,0.0,0.0015959856802446506,0.05499492343841938,-0.4197025667522181,0.0016949907794377506,0.5271927842806126,1.0792075325734913,31.46071258848928
0.5,1.0,1.0,12,0,0.4591195583343506,12.47403758764267,0.7796273492276669,16.0,0.0,0.0,0.0,0.6145477453867595,-0.16507960384090736,0.08713836269453168,0.28541277535259724,1.843216118402779,40.482128532974926
0.6,0.6,match,12,0,3.8924431800842285,120.29272550344467,0.7117912751683116,169.0,0.0,0.0,0.0,0.5278730157407976,-0.18391825942751405,0.0017525015129170437,0.3674744114103402,1.8807184242329302,31.619439355002793
0.6,1.0,1.0,12,0,0.38022732734680176,10.454100906848907,0.8041616082191467,13.0,0.0,0.0,0.0,0.7205904970566431,-0.0835711111625036,0.0400295373207579,0.23385128608116737,0.9173373247568424,40.813606253505284
0.7,0.7,match,12,0,3.1179275512695312,108.37224441766739,0.8027573660567955,135.0,0.0,0.0,0.0,0.5789350139588785,-0.223822352097917,0.0014558328641737378,0.21517206257968038,1.7383609517580934,31.869391724122377
0.7,1.0,1.0,12,0,1.0510225296020508,32.94258403778076,0.7661066055297852,43.0,0.0,0.0,0.0,0.637127772683189,-0.12897883284659617,0.034518961900002545,0.30118984183253245,1.3328483975817298,32.26691991876619
0.8,0.8,match,12,0,1.9241530895233154,60.13938641548157,0.7424615606849576,81.0,0.0,0.0,0.0,0.6581079430878163,-0.08435361759714133,0.0015978747276790273,0.34862916438299935,1.4353287578272966,33.8148831340534
0.8,1.0,1.0,12,0,1.5054337978363037,41.73293536901474,0.6520771151408553,64.0,0.0,0.0,0.0,0.4315096837660623,-0.220567431374793,0.021120171849837617,0.4047020152211189,1.7124601805116981,34.669695369222744
0.9,0.9,match,12,0,2.920776844024658,100.63613492250443,0.7924105112008223,127.0,0.0,0.0,0.0,0.7268828716542985,-0.06552763954652374,0.001556496833756235,0.259279081473259,1.5794617577096608,31.26940823459188
0.9,1.0,1.0,12,0,3.637733221054077,106.94810283184052,0.6768867267838007,158.0,0.0,0.0,0.0,0.48653705823264876,-0.19034966855115193,0.00841034973777273,0.3813138285981892,1.5116358108382342,35.42577766039307
1.0,1.0,match,12,0,2.821686267852783,95.74254769086838,0.7783946966737266,123.0,0.0,0.0,0.0,0.5641378074212641,-0.21425688925246256,0.0011243630160255504,0.2290317204409862,1.649954946999385,33.21763932075061
1.0,1.0,1.0,12,0,3.6312100887298584,126.27231788635254,0.7991918853566616,158.0,0.0,0.0,0.0,0.5593947814362255,-0.23979710392043618,0.0011827650760415343,0.2490278813469259,1.037569368541052,27.38595754313231
1.2,1.2,match,12,0,2.5187814235687256,87.9054160118103,0.8139390371463917,108.0,0.0,0.0,0.0,0.7126257851302067,-0.10131325201618502,0.0014297645430755965,0.24967008762716972,0.9996667334258005,33.05478104254782
1.2,1.0,1.0,12,0,3.334900379180908,103.34442657232285,0.7176696289744642,144.0,0.0,0.0,0.0,0.6246435400489327,-0.09302608892553144,0.015270230931008455,0.3226174911704018,1.9697380458366953,36.51818214218883
1.4,1.4,match,12,0,2.1465137004852295,62.68266814947128,0.6888205291150691,91.0,0.0,0.0,0.0,0.5722441158360905,-0.11657641327897861,0.0016029206626197064,0.3837882637322604,1.4673199735909372,36.99357471242771
1.4,1.0,1.0,12,0,4.4071269035339355,155.11351722478867,0.7995542124989107,194.0,0.0,0.0,0.0,0.5583112517593747,-0.241242960739536,0.02579779282255687,0.2457156526116827,1.3315753035496958,32.83931859791827
1.7,1.7,match,12,0,3.453686475753784,61.908549666404724,0.4099903951417531,151.0,0.0,0.0,0.0,-0.1215150730808576,-0.5315054682226107,0.0011376532190077644,0.5087859359205953,1.6190395507196718,38.083147008646826
1.7,1.0,1.0,12,0,2.73747181892395,85.36885941028595,0.7173853731956803,119.0,0.0,0.0,0.0,0.6333604674723189,-0.08402490572336141,0.03713776764530941,0.3483671962651385,1.3493867679303433,35.53701976650915
2.0,2.0,match,12,0,3.1535792350769043,106.40269935131073,0.7766620390606622,137.0,0.0,0.0,0.0,0.6324498306802364,-0.1442122083804258,0.0010443899970599593,0.28017259791602184,1.5299812692224326,36.54766995253642
2.0,1.0,1.0,12,0,2.5081822872161865,91.03980821371078,0.8429611871639887,108.0,0.0,0.0,0.0,0.7929466233075222,-0.05001456385646652,0.044231486476296294,0.19506598322617788,1.1957844625468608,33.19271736138911
0.5,0.5,match,13,0,0.9590816497802734,27.58419770002365,0.7072871205134269,39.0,0.0,0.0,0.0018147487387882154,0.3280898128807741,-0.3791973076326528,0.0021728704963589066,0.37908019970815915,1.0937422047822902,25.290712386826225
0.5,1.0,1.0,13,0,0.20695114135742188,3.9823343753814697,0.796466875076294,5.0,0.0,0.0,0.0,0.7339712083339691,-0.062495666742324874,0.08031122735701501,0.1815591983497143,0.4326868623495102,35.878041335859685
0.6,0.6,match,13,0,2.922089099884033,92.31118214130402,0.7268597019000316,127.0,0.0,0.0,0.0,0.610330970987441,-0.11652873091259053,0.0010847715220662062,0.3630384145905887,1.8951476306661845,35.981213180690254
0.6,1.0,1.0,13,0,0.49228644371032715,13.985656499862671,0.7769809166590372,18.0,0.0,0.0,0.0,0.7290228254654828,-0.04795809119355443,0.06942274306407746,0.27375145960185265,0.739873482949204,39.49094949256097
0.7,0.7,match,13,0,2.040642023086548,55.15062063932419,0.633915179762347,87.0,0.0,0.0,0.0,0.5034557988347356,-0.13045938092761145,0.00109164613767525,0.438301800675262,1.4393395263401942,33.664593836064164
0.7,1.0,1.0,13,0,2.5707125663757324,81.87118804454803,0.751111816922459,109.0,0.0,0.0,0.0,0.6816689018849973,-0.0694429150374617,0.023557399900811207,0.34354635278497814,1.259884752674934,31.374485307380994
0.8,0.8,match,13,0,2.8414292335510254,93.45551544427872,0.7723596317708985,121.0,0.0,0.0,0.0,0.7137614704668522,-0.05859816130404627,0.0016981356096588721,0.28479300744154235,1.681549779855269,36.5988478119127
0.8,1.0,1.0,13,0,1.7530040740966797,45.36100643873215,0.6048134191830953,75.0,0.0,0.0,0.0,0.505992465325304,-0.09882095385779133,0.01686715505658523,0.4771641686062018,1.3446422652279337,36.69972096959893
0.9,0.9,match,13,0,0.46848559379577637,13.370335638523102,0.7864903316778296,17.0,0.0,0.0,0.0,0.7304771766066551,-0.056013155071174436,0.0005764140531567818,0.2603236053905943,1.1697456368847805,37.170697518818514
0.9,1.0,1.0,13,0,4.350041151046753,46.42274671792984,0.24305102993680544,191.0,0.0,0.0,0.0,-0.142185616689293,-0.38523664662609847,0.00942146326721597,0.6425790630710062,1.8619063569437615,37.29173673298695
1.0,1.0,match,13,0,4.365908861160278,147.2628123164177,0.7750674332443036,190.0,0.0,0.0,0.0,0.6170102517864613,-0.1580571814578423,0.0006235469932937757,0.25311327496739594,1.5514099347356118,34.61557362960197
1.0,1.0,1.0,13,0,1.2918369770050049,32.5445442199707,0.6140480041503906,53.0,0.0,0.0,0.0,0.4091361699482569,-0.2049118342021337,0.0034242081558182656,0.4246486215940062,1.3387702576253775,38.471666391943046
1.2,1.2,match,13,0,7.995460271835327,273.3698559999466,0.7722312316382672,354.0,0.0,0.0,0.0,0.6652704270295376,-0.10696080460872959,0.001393502840520797,0.27199230167362315,1.631046955384272,34.64390681782618
1.2,1.0,1.0,13,0,2.96677565574646,90.47391384840012,0.7123930224283473,127.0,0.0,0.0,0.0,0.4316488265776859,-0.28074419585066146,0.017753937174492175,0.35700248237552606,1.5753893320426697,34.70650655426342
1.4,1.4,match,13,0,2.9954614639282227,97.43018126487732,0.7611732911318541,128.0,0.0,0.0,0.0,0.499207132268609,-0.26196615886324504,0.0004163182644086507,0.28130572341615334,1.2031020298309159,30.07332967109671
1.4,1.0,1.0,13,0,2.813194990158081,82.17184990644455,0.6791061975739219,121.0,0.0,0.0,0.0,0.4316474087691555,-0.24745878880476635,0.027478079468710347,0.35509789252484386,1.524794429432878,36.697964934678346
1.7,1.7,match,13,0,0.6525204181671143,19.581997454166412,0.7832798981666564,25.0,0.0,0.0,0.0,0.62483074888587,-0.15844914928078646,0.0007026900552015528,0.26890123516321185,0.840966440141201,38.69635793024234
1.7,1.0,1.0,13,0,3.193769693374634,105.48934590816498,0.7534953279154641,140.0,0.0,0.0,0.0,0.6079773103295685,-0.14551801758589566,0.04038046694715782,0.30484073454780236,1.5182884635935936,38.134514123690515
2.0,2.0,match,13,0,2.283902645111084,72.86481940746307,0.7435185653822762,98.0,0.0,0.0,0.0,0.4093480293696612,-0.33417053601261504,0.001145984229375132,0.2721702854852287,1.8495708302955847,34.030302619068266
2.0,1.0,1.0,13,0,2.986896514892578,95.20682030916214,0.738037366737691,129.0,0.0,0.0,0.0,0.6283257112372667,-0.10971165550042439,0.05048137481389858,0.31988361281479977,1.5961126845308342,38.59847380403426
0.5,0.5,match,14,0,2.394094467163086,58.986814737319946,0.5671809109357687,104.0,0.0,0.0,0.0016721389827191902,0.2671040400446763,-0.3000768708910924,0.002172244006653308,0.4844768200642787,1.1384461286406105,31.043743253672503
0.5,1.0,1.0,14,0,0.2917499542236328,7.352730751037598,0.816970083448622,9.0,0.0,0.0,0.0,0.7430801093578339,-0.07388997409078812,0.07805898285005242,0.17505420392586124,0.3029797688747446,42.8187833978258
0.6,0.6,match,14,0,2.926102876663208,96.51927828788757,0.7540568616241217,128.0,0.0,0.0,0.0,0.6534805227452376,-0.10057633887888406,0.0011450586333989852,0.32569875771878287,1.6819697112659924,33.23480932923073
0.6,1.0,1.0,14,0,0.6077907085418701,19.070499777793884,0.829152164251908,23.0,0.0,0.0,0.0,0.7701492743058638,-0.05900288994604419,0.06736423471011221,0.2268414254421773,1.0903651941081751,32.26698650439638
0.7,0.7,match,14,0,2.21685528755188,58.022293508052826,0.6107609842952929,95.0,0.0,0.0,0.0,0.47145666130521197,-0.13930432299008094,0.0009666866403725354,0.46782591323319234,1.7102355350789271,31.798346131548865
0.7,1.0,1.0,14,0,4.205065727233887,124.5882140994072,0.6808099131115147,183.0,0.0,0.0,0.0,0.4932615140882822,-0.1875483990232325,0.03700409733286066,0.34017685564652167,1.8014820561708649,35.95259948935335
0.8,0.8,match,14,0,2.4543771743774414,14.351051807403564,0.13538728120192042,106.0,0.0,0.0,0.0,-0.3486342030422141,-0.4840214842441345,0.00037547941213753283,0.6525535957958057,1.913563304703753,39.57243466534116
0.8,1.0,1.0,14,0,2.5467188358306885,84.26782685518265,0.7660711532289332,110.0,0.0,0.0,0.0,0.7169408016248581,-0.049130351604075084,0.016095168247750594,0.3098631836812605,1.367026592799547,30.32985275483444
0.9,0.9,match,14,0,3.3121848106384277,107.0729329586029,0.7540347391450909,142.0,0.0,0.0,0.0,0.611514224703853,-0.14252051444123792,0.0017377280835004342,0.31873707269961143,1.2195044765970342,31.66911259648207
0.9,1.0,1.0,14,0,2.7176015377044678,97.62636160850525,0.8344133470812415,117.0,0.0,0.0,0.0,0.73092714440206,-0.10348620267918152,0.008923055078725909,0.18493079827127293,1.7861421562603905,36.26571960766152
1.0,1.0,match,14,0,2.9580259323120117,97.65575021505356,0.7511980785773351,130.0,0.0,0.0,0.0,0.5204786716765443,-0.23071940690079085,0.0033784359818750187,0.2776142149017407,1.5198753197319232,32.221848946884656
1.0,1.0,1.0,14,0,2.6847915649414062,72.30270963907242,0.6287192142528036,115.0,0.0,0.0,0.0,0.28467611916845237,-0.34404309508435127,0.0004716662643926483,0.35848484726055807,1.4341510015661303,32.587724513650556
1.2,1.2,match,14,0,2.86897349357605,99.31653195619583,0.7945322556495666,125.0,0.0,0.0,0.0,0.7107722631865933,-0.08375999246297339,0.0012053063400557103,0.2453438755273819,1.2456390629839151,33.65745012404444
1.2,1.0,1.0,14,0,4.5695390701293945,116.67865711450577,0.5833932855725288,200.0,0.0,0.0,0.0,0.4765353288826762,-0.1068579566898526,0.015242565298059852,0.47668317805975674,1.5130263057537376,37.77135959859684
1.4,1.4,match,14,0,5.671651124954224,186.987952709198,0.747951810836792,250.0,0.0,0.0,0.0,0.6382710687576767,-0.10968074207911527,0.0007779592074809834,0.31033885636087505,1.5362505263090134,36.15196678077031
1.4,1.0,1.0,14,0,1.7249157428741455,61.94840121269226,0.848608235790305,73.0,0.0,0.0,0.0,0.78778076171875,-0.06082747407155498,0.019915575633705076,0.17565325879785296,1.1023034511567795,30.83284784203375
1.7,1.7,match,14,0,0.4294776916503906,12.398700952529907,0.8265800635019939,15.0,0.0,0.0,0.0,0.7190623496259961,-0.10751771387599773,0.0008298774796945249,0.17831426076591014,1.2047867432236672,34.52222131683356
1.7,1.0,1.0,14,0,1.2650737762451172,33.40639108419418,0.6424305977729651,52.0,0.0,0.0,0.0,0.5191387046201557,-0.12329189315280942,0.036915026541214944,0.4267248249827669,1.4912237482002149,35.98760396737666
2.0,2.0,match,14,0,3.161557674407959,107.48510980606079,0.7845628452997138,137.0,0.0,0.0,0.0,0.6296133136048037,-0.1549495316949101,0.00104246209680776,0.24218191154450722,1.1337092186113562,34.4230548138958
2.0,1.0,1.0,14,0,3.5885963439941406,125.64391088485718,0.8054096851593409,156.0,0.0,0.0,0.0,0.7091824785355598,-0.09622720662378104,0.05090721613697467,0.214753293671096,1.5980175415006204,34.355013246291804
0.5,0.5,match,15,0,3.9149515628814697,85.67019259929657,0.49520342542945994,173.0,0.0,0.0,0.0016959488390522555,0.13606702580203323,-0.3591363996274267,0.0016741540666142722,0.5212292525368188,1.2083986306164651,33.556680992646136
0.5,1.0,1.0,15,0,0.20162034034729004,3.9507575631141663,0.7901515126228332,5.0,0.0,0.0,0.0,0.7664825320243835,-0.023668980598449685,0.05631958460435271,0.19607196152210235,0.6732096523046494,35.138434027407044
0.6,0.6,match,15,0,1.46380615234375,31.178037106990814,0.5111153624096855,61.0,0.0,0.0,0.0,0.3530323929929485,-0.158082969416737,0.001032457407181179,0.5194423698255273,2.338353261962289,40.35532041300287
0.6,1.0,1.0,15,0,0.2748563289642334,6.3179811835289,0.7897476479411125,8.0,0.0,0.0,0.0,0.7585640549659729,-0.031183592975139618,0.06480491620355419,0.2191501222550869,0.5682077202945948,44.64971653932683
0.7,0.7,match,15,0,3.10060453414917,108.14766001701355,0.8010937779038041,135.0,0.0,0.0,0.0,0.6380683899954406,-0.16302538790836352,0.0028593183221139397,0.23013241328988915,1.4206330633825726,31.652407921644475
0.7,1.0,1.0,15,0,1.6658859252929688,55.827728033065796,0.7863060286347295,71.0,0.0,0.0,0.0,0.6710475142513003,-0.11525851438342927,0.028164531200725054,0.2774681082703698,1.4708470665574285,35.943269624858914
0.8,0.8,match,15,0,3.680443286895752,134.70121049880981,0.8263877944712259,163.0,0.0,0.0,0.0,0.7495419773054711,-0.07684581716575478,0.00039580848344041757,0.22126854411069236,1.5495811864230895,31.201115707112066
0.8,1.0,1.0,15,0,3.7934486865997314,123.02259093523026,0.7366622211690435,167.0,0.0,0.0,0.0,0.5569098260567849,-0.1797523951122586,0.02141188433553732,0.3379806509007237,1.7106879161458886,31.112809610688966
0.9,0.9,match,15,0,4.686672210693359,147.21600115299225,0.7146407822960789,206.0,0.0,0.0,0.0,0.5547361554623377,-0.15990462683374118,0.0008514986000962869,0.36625851858949776,1.6506322075441047,32.5290870824449
0.9,1.0,1.0,15,0,1.9656341075897217,63.951354026794434,0.7798945613023711,82.0,0.0,0.0,0.0,0.6373737210660805,-0.14252084023629064,0.008535024615142632,0.25513312120626613,1.1608377685997544,38.31151995708613
1.0,1.0,match,15,0,1.769103765487671,60.78905940055847,0.8214737756832226,74.0,0.0,0.0,0.0,0.7279220435717334,-0.09355173211148915,0.0033421885136205726,0.184903845165831,1.4294846155051444,33.91178212372173
1.0,1.0,1.0,15,0,0.9102339744567871,29.05448043346405,0.807068900929557,36.0,0.0,0.0,0.0,0.7662280644689288,-0.040840836460628194,0.0031775481160236396,0.24513367873926958,1.0972961999682918,34.035675388506405
1.2,1.2,match,15,0,3.5132617950439453,116.74692696332932,0.7630518102178386,153.0,0.0,0.0,0.0,0.6910429775322738,-0.0720088326855648,0.0014070220587121028,0.29802973059864313,1.6229214292457874,33.079250269691244
1.2,1.0,1.0,15,0,0.9193174839019775,28.58512657880783,0.7725709886164278,37.0,0.0,0.0,0.0,0.6389970680077871,-0.1335739206086407,0.008220260749415806,0.2934767891829078,1.1413836296949837,35.23272852877264
1.4,1.4,match,15,0,3.308288812637329,53.4427707195282,0.36857083254847034,145.0,0.0,0.0,0.0,-0.11775028608584155,-0.4863211186343119,0.001258732781961511,0.4840173006057739,1.2563964488016892,29.824997252650427
1.4,1.0,1.0,15,0,4.426664590835571,150.36069828271866,0.7750551457872096,194.0,0.0,0.0,0.0,0.6057356768746142,-0.16931946891259542,0.02521468863166251,0.2696395643708325,1.4551502982557742,35.820761498114514
1.7,1.7,match,15,0,3.169966220855713,58.88752442598343,0.42672119149263354,138.0,0.0,0.0,0.0,-0.041017538895082736,-0.4677387303877163,0.0006202768913996547,0.4239796431789148,1.5308414456448045,35.501621044249106
1.7,1.0,1.0,15,0,2.0303711891174316,62.245584189891815,0.7237858626731607,86.0,0.0,0.0,0.0,0.6184935557491639,-0.10529230692399683,0.03342859382357667,0.33680665737754384,1.6166514685420796,35.282473718133794
2.0,2.0,match,15,0,3.3734261989593506,88.35264658927917,0.6051551136251998,146.0,0.0,0.0,0.0,0.41364693143244446,-0.19150818219275534,0.0009062545437904316,0.4606160112171855,1.3834682661044884,40.05690598709837
2.0,1.0,1.0,15,0,3.0107173919677734,52.48555546998978,0.40065309519076164,131.0,0.0,0.0,0.0,-0.1584695477468463,-0.5591226429376079,0.044388536345930055,0.40764860418191506,1.80107837186003,36.36683320100521
0.5,0.5,match,16,0,59.13593029975891,29.91781598329544,0.5644870940244423,53.0,0.0,0.0,0.0018723950936244084,0.061051990192096964,-0.5034351038323454,0.0006678163618108084,0.46129050822752826,1.1672266202996362,35.299291058563426
0.5,1.0,1.0,16,0,0.5073423385620117,9.98292338848114,0.7679171837293185,13.0,0.0,0.0,0.0,0.6607350607713064,-0.1071821229580121,0.03688957914710045,0.2860216120114693,0.5410915716336324,36.83882200244661
0.6,0.6,match,16,0,5.481042146682739,142.83404284715652,0.7287451165671252,196.0,0.0,0.0,0.0,0.5489629126894169,-0.17978220387770827,0.0011680350823681715,0.34545448163942416,1.5401566616848719,34.431166521099414
0.6,1.0,1.0,16,0,0.3698561191558838,6.517399549484253,0.8146749436855316,8.0,0.0,0.0,0.0,0.7469546624592373,-0.06772028122629437,0.03233817612220134,0.17159960558637977,0.7081360424053855,43.53962459369076
0.7,0.7,match,16,0,1.5296025276184082,35.20951682329178,0.7185615678222812,49.0,0.0,0.0,0.0,0.6009750999510288,-0.11758646787125238,0.00935142836162702,0.3445066472097319,1.83393893604718,36.94105618101185
0.7,1.0,1.0,16,0,0.560889482498169,12.8380526304245,0.8558701753616333,15.0,0.0,0.0,0.0,0.7381921751158578,-0.11767800024577557,0.04214086558204144,0.18297494029005368,0.4223375178873539,34.28841655496802
0.8,0.8,match,16,0,3.5636954307556152,103.12485039234161,0.8384134178239155,123.0,0.0,0.0,0.0,0.7871450935719443,-0.05126832425197125,0.0031585841533524964,0.2071387536702602,1.296826197281177,30.707464750869622
0.8,1.0,1.0,16,0,0.4466085433959961,7.876491844654083,0.7160447131503712,11.0,0.0,0.0,0.0,0.7130937278270721,-0.0029509853232990713,0.013007970340549947,0.32535761391574686,0.4881965294480324,53.92617364849742
0.9,0.9,match,16,0,8.724596500396729,241.01544320583344,0.7749692707583069,311.0,0.0,0.0,0.0,0.6551813133661786,-0.11978795739212833,0.0010760048042921851,0.25665768470698996,1.456507309959824,33.84761279593688
0.9,1.0,1.0,16,0,3.541102886199951,79.13918900489807,0.6540428843380006,121.0,0.0,0.0,0.0,0.3392054495479291,-0.31483743479007154,0.012035118387818027,0.34653211126396477,1.5294668295782459,38.15867793060944
1.0,1.0,match,16,0,5.511944055557251,125.8398032784462,0.6453323245048523,195.0,0.0,0.0,0.0,0.340234256531928,-0.3050980679729243,0.0013769090814177156,0.35780588732315943,1.4668783641205385,34.790725514693634
1.0,1.0,1.0,16,0,3.230468273162842,76.42119300365448,0.7011118624188485,109.0,0.0,0.0,0.0,0.5359835594599308,-0.16512830295891767,0.002895170197590418,0.3529101780043283,1.623340454619002,37.44504769814632
1.2,1.2,match,16,0,4.600058555603027,123.420969247818,0.8066730016197254,153.0,0.0,0.0,0.0,0.5979340071728649,-0.2087389944468605,0.0011648147853167614,0.21804975116856737,1.2816979562973274,31.292108717049647
1.2,1.0,1.0,16,0,1.287764072418213,27.87450671195984,0.6798660173648741,41.0,0.0,0.0,0.0,0.5380323097109795,-0.14183370765389458,0.013815931179851759,0.36081194704989106,1.2101457264365219,38.32553171465074
1.4,1.4,match,16,0,3.1864712238311768,25.881936132907867,0.2418872535785782,107.0,0.0,0.0,0.0,0.009071163156614551,-0.23281609042196366,0.001846697902257098,0.6794906263805438,1.7972698777774785,41.06981599958846
1.4,1.0,1.0,16,0,1.5766160488128662,38.496710419654846,0.7856471514215275,49.0,0.0,0.0,0.0,0.7292579052348932,-0.05638924618663432,0.02130288066837238,0.26714304519094983,1.4357226896955042,34.68379903197856
1.7,1.7,match,16,0,5.446015357971191,132.70002955198288,0.7134410190966821,186.0,0.0,0.0,0.0,0.5748801737822391,-0.13856084531444302,0.00037796974449176216,0.3548917024226118,1.4426277292471739,36.82342578199312
1.7,1.0,1.0,16,0,2.5910134315490723,68.38590395450592,0.8141179042203086,84.0,0.0,0.0,0.0,0.7392398262598429,-0.07487807796046575,0.029635242582018297,0.23162265676295474,1.1032420483284764,34.010243372759774
2.0,2.0,match,16,0,4.805042743682861,112.49134749174118,0.6901309662070011,163.0,0.0,0.0,0.0,0.5076757081220915,-0.1824552580849096,0.0012025936312779553,0.3950075680172882,2.045308652945274,33.619810579797196
2.0,1.0,1.0,16,0,3.6986031532287598,92.11156594753265,0.7612526111366335,121.0,0.0,0.0,0.0,0.600774830703934,-0.16047778043269945,0.05351550497968371,0.29842981258946016,1.466169540762655,38.349186894151494
0.5,0.5,match,17,0,2.5935487747192383,57.28189659118652,0.6660685650137967,86.0,0.0,0.0,0.0015755170933998135,0.40012703990454185,-0.2659415251092549,0.0021891535457919365,0.4294724800558977,0.8544365407595801,23.220417856746742
0.5,1.0,1.0,17,0,0.7396450042724609,14.72800886631012,0.7013337555385771,21.0,0.0,0.0,0.0,0.4453757755458355,-0.2559579799927416,0.12494347740614842,0.31362717864768846,0.9211314707284882,41.1375463453967
0.6,0.6,match,17,0,0.7159795761108398,15.176415145397186,0.7588207572698593,20.0,0.0,0.0,0.0,0.6628121451327675,-0.09600861213709178,0.00020085246290746958,0.21907093031331898,1.4099811665713786,33.128124484128854
0.6,1.0,1.0,17,0,0.42997145652770996,8.42689698934555,0.842689698934555,10.0,0.0,0.0,0.0,0.7751828696992662,-0.06750682923528883,0.029539889862967864,0.14722757656127214,1.5938669741153717,39.30559910304904
0.7,0.7,match,17,0,6.540957689285278,172.24008280038834,0.7758562288305781,222.0,0.0,0.0,0.0,0.6154777892271048,-0.1603784396034733,0.0014333837405417617,0.2560534922013831,1.5211612328022786,31.54720849934865
0.7,1.0,1.0,17,0,2.267726421356201,55.805576741695404,0.7541294154283162,74.0,0.0,0.0,0.0,0.688135271611279,-0.06599414381703728,0.028206359076772956,0.3201848500081011,1.2986105707650248,32.291328031343525
0.8,0.8,match,17,0,4.695078134536743,135.2793087363243,0.845495679602027,160.0,0.0,0.0,0.0,0.7593153690766988,-0.08618031052532815,0.0008421249658081623,0.17961709918454288,1.5025335239537525,31.53201100666416
0.8,1.0,1.0,17,0,2.7766921520233154,76.95646977424622,0.836483367111372,92.0,0.0,0.0,0.0,0.7531072965690068,-0.08337607054236518,0.01982112054631196,0.1782605456714721,1.102769612942053,32.920353586024184
0.9,0.9,match,17,0,2.8530266284942627,71.74584966897964,0.7714607491288134,93.0,0.0,0.0,0.0,0.6990484222769737,-0.07241232685183963,0.0009023331872709684,0.30516058026302245,1.4758287018305192,35.46367821986341
0.9,1.0,1.0,17,0,3.3673064708709717,87.63747656345367,0.7620650135952494,115.0,0.0,0.0,0.0,0.4437411547834544,-0.318323858811795,0.008659065369692255,0.25397869704858117,1.6856972067576388,31.37892510320734
1.0,1.0,match,17,0,2.5499134063720703,69.60992312431335,0.8286895610037304,84.0,0.0,0.0,0.0,0.7457555036946951,-0.08293405730903525,0.0026636921024928814,0.1993870258946637,1.6639729894342876,34.3928890853437
1.0,1.0,1.0,17,0,4.887966156005859,104.93089252710342,0.7138155954224723,147.0,0.0,0.0,0.0,0.42919339304662324,-0.28462220237584906,0.00085511305078305,0.2663012835748342,1.6952614165259665,30.213339002645267
1.2,1.2,match,17,0,2.366577625274658,50.60993933677673,0.7128160469968554,71.0,0.0,0.0,0.0,0.6548978728907449,-0.057918174106110554,0.002721423841060755,0.3652039280974529,1.6855111502530709,33.635764247127845
1.2,1.0,1.0,17,0,4.416442155838013,120.49463504552841,0.8086888258089155,149.0,0.0,0.0,0.0,0.6748287534920147,-0.1338600723169009,0.011743359802986143,0.23143684306813267,1.4154355629603534,29.47217391996643
1.4,1.4,match,17,0,3.329709053039551,89.9622420668602,0.7961260359899133,113.0,0.0,0.0,0.0,0.5894630610543702,-0.2066629749355431,0.001210653531592649,0.23371051476065036,0.9019198083706135,33.499629149514945
1.4,1.0,1.0,17,0,6.582695007324219,185.5439019203186,0.8283209907157081,224.0,0.0,0.0,0.0,0.6992641017342095,-0.12905688898149859,0.026260982498301052,0.1996351994748693,1.2587566223727273,31.84075112596577
1.7,1.7,match,17,0,4.407974481582642,108.42231839895248,0.7228154559930166,150.0,0.0,0.0,0.0,0.5071907227221352,-0.21562473327088139,0.001887826492314607,0.3291784110789498,1.3734353095355134,37.00889499589991
1.7,1.0,1.0,17,0,3.357621669769287,88.67489862442017,0.7847336161453112,113.0,0.0,0.0,0.0,0.4363542750610837,-0.3483793410842275,0.037096770095688826,0.23678351482129203,1.824567250709618,33.034000841192984
2.0,2.0,match,17,0,3.452803611755371,85.56479966640472,0.7376275833310753,116.0,0.0,0.0,0.0,0.5326717981177828,-0.2049557852132925,0.000585410060160069,0.323504154249255,1.5460679783517945,32.67851491082879
2.0,1.0,1.0,17,0,5.393988609313965,124.3328583240509,0.6720695044543292,185.0,0.0,0.0,0.0,0.44785873994798114,-0.22421076450634808,0.04654012624776997,0.3797809684598768,1.5351592589622816,35.58704339472341
0.5,0.5,match,18,0,2.262359380722046,25.38430917263031,0.362632988180433,70.0,0.0,0.0,0.0025809685390888026,-0.12220623357680396,-0.4848392217572369,0.00034134854648903496,0.6053716283823762,1.0511055234287465,35.10285325367544
0.5,1.0,1.0,18,0,1.0339741706848145,23.80767410993576,0.7679894874172826,31.0,0.0,0.0,0.0,0.6091076658107341,-0.1588818216065485,0.15579194623666506,0.2567636395894712,1.126727826052135,48.24861162659791
0.6,0.6,match,18,0,2.0875232219696045,44.47617471218109,0.663823503166882,67.0,0.0,0.0,1.4789176709724195e-05,0.4061392926695672,-0.25768421049731477,0.003546526704960315,0.39104664536999234,2.253112197367113,37.15141562267054
0.6,1.0,1.0,18,0,0.4039742946624756,7.276761889457703,0.8085290988286337,9.0,0.0,0.0,0.0,0.7502976506948471,-0.058231448133786556,0.03921646677190438,0.20822674367162916,0.7548092794087198,43.56291534454475
0.7,0.7,match,18,0,6.927833318710327,155.0331807732582,0.7525882561808651,206.0,0.0,0.0,0.0,0.6036715208598208,-0.14891673532104432,0.0008858519890764444,0.3132616828186709,1.5687092265602454,35.09709458818684
0.7,1.0,1.0,18,0,1.3194365501403809,19.156064867973328,0.7981693694988886,24.0,0.0,0.0,0.0,0.6827319186666737,-0.1154374508322149,0.02706179394811878,0.24817992156992355,1.4555256692692637,37.97523424328703
0.8,0.8,match,18,0,5.719677448272705,63.56169533729553,0.42093837971718895,151.0,0.0,0.0,0.0,0.10297353623434902,-0.31796484348283993,0.0006397560393043022,0.5381168360198965,1.6093873084084878,32.38699359626943
0.8,1.0,1.0,18,0,1.2301864624023438,30.266622185707092,0.8180168158299214,37.0,0.0,0.0,0.0,0.7972219420803918,-0.020794873749529597,0.015108181849225528,0.20763390078335195,1.699083775395175,31.727540578004458
0.9,0.9,match,18,0,4.4842445850372314,108.18790650367737,0.7025188734005023,154.0,0.0,0.0,0.0,0.5333611804571953,-0.16915769294330707,0.001378753072660604,0.321148366510094,1.6822521020597838,34.517935446361804
0.9,1.0,1.0,18,0,0.717566967010498,15.285094499588013,0.8044786578730533,19.0,0.0,0.0,0.0,0.7062806586424509,-0.09819799923060235,0.008884664586124321,0.22413466968818715,1.2728773269214129,36.49924451160275
1.0,1.0,match,18,0,6.590595006942749,143.97064250707626,0.6485164076895327,222.0,0.0,0.0,0.0,0.39927483957715976,-0.2492415681123729,0.001625287620780255,0.3508913172660647,1.6828632496783997,33.37787672281477
1.0,1.0,1.0,18,0,4.030483722686768,107.54596054553986,0.8147421253449989,132.0,0.0,0.0,0.0,0.6421372631479424,-0.1726048621970565,0.0006248626264252157,0.20624590906399218,1.0030208725736223,31.83677760408409
1.2,1.2,match,18,0,13.542187452316284,251.80742287635803,0.7427947577473688,339.0,0.0,0.0,0.0,0.6337640262904616,-0.10903073145690723,0.0017826655536014751,0.29709514639282647,1.6849899959659813,37.41675282778484
1.2,1.0,1.0,18,0,5.14184308052063,88.69178932905197,0.8062889939004725,110.0,0.0,0.0,0.0,0.7580505899333079,-0.04823840396716461,0.013171912293770103,0.2599115925925699,1.2023002191700718,28.941247808444707
1.4,1.4,match,18,0,7.433367729187012,118.2141837477684,0.7252403910906037,163.0,0.0,0.0,0.0,0.40565539592946015,-0.3195849951611435,0.0009718161222609626,0.3185275822443648,1.5668244535571958,33.95785160113774
1.4,1.0,1.0,18,0,9.417880773544312,163.97920155525208,0.8077793180061679,203.0,0.0,0.0,0.0,0.673950230458401,-0.1338290875477669,0.023188526529788804,0.2344133975213678,1.6083925968320498,32.485853886856475
1.7,1.7,match,18,0,6.330207347869873,100.4500367641449,0.7440743464010733,135.0,0.0,0.0,0.0,0.5582252215844259,-0.1858491248166474,0.0005894972491134142,0.3092335301692839,1.2370912232608706,33.065116214635665
1.7,1.0,1.0,18,0,6.679952144622803,120.88878607749939,0.7699922680095502,157.0,0.0,0.0,0.0,0.6107510201250895,-0.1592412478844607,0.03314107284024477,0.27738039316550184,1.8205490794602284,32.861426275942165
2.0,2.0,match,18,0,3.456686019897461,65.20226216316223,0.6093669361043199,107.0,0.0,0.0,0.0,0.4368180376828982,-0.17254889842142174,0.0005402452276943874,0.44376175753145575,1.797980530152672,36.94572638017108
2.0,1.0,1.0,18,0,4.040661334991455,95.68747282028198,0.7594243874625554,126.0,0.0,0.0,0.0,0.5696816799640656,-0.18974270749848976,0.04859623787179589,0.2904296993085789,1.3043992211598725,40.2183235774318
0.5,0.5,match,19,0,2.1072001457214355,17.83153510093689,0.2786177359521389,64.0,0.0,0.0,0.002637755303155808,-0.3940267278147595,-0.6726444637668985,0.0009055624860441943,0.6034943440754432,0.7993574650608934,38.70840884436738
0.5,1.0,1.0,19,0,1.2191920280456543,24.670844078063965,0.7048812593732562,35.0,0.0,0.0,0.0,0.5795117344926385,-0.1253695248806177,0.07125313115744468,0.3184581001954419,1.6170282639563083,38.84286158845333
0.6,0.6,match,19,0,2.3435373306274414,51.224221885204315,0.7017016696603331,73.0,0.0,0.0,0.0,0.573640390402741,-0.12806127925759214,0.001134910612014058,0.3680347678034681,1.681167685311951,34.1289394940913
0.6,1.0,1.0,19,0,2.5231547355651855,61.93968880176544,0.7840466936932334,79.0,0.0,0.0,0.0,0.7113239574126708,-0.07272273628056258,0.04925662864787647,0.2813015944218334,1.505376138783331,33.672023830159404
0.7,0.7,match,19,0,5.9312591552734375,142.90947496891022,0.7561347881952921,189.0,0.0,0.0,0.0,0.6543602911864427,-0.10177449700884944,0.0007370697399406186,0.3128662559464968,1.7051432605379473,31.484449326464038
0.7,1.0,1.0,19,0,4.159222841262817,85.55844986438751,0.6684253895655274,128.0,0.0,0.0,0.0,0.5831699530909381,-0.08525543647458933,0.028025413969692988,0.4138483977294527,1.3343421548197512,36.62351076008183
0.8,0.8,match,19,0,4.498055696487427,115.9038091301918,0.810516147763579,143.0,0.0,0.0,0.0,0.6579924781714946,-0.1525236695920844,0.0005811412733698528,0.22762470364153803,1.5386734627760374,30.238339477775117
0.8,1.0,1.0,19,0,5.492763042449951,100.64721715450287,0.5654338042387802,178.0,0.0,0.0,0.0,0.09610022309809754,-0.4693335811406827,0.01816008810123618,0.3905949356725042,1.2961583386667157,32.61862176958769
0.9,0.9,match,19,0,3.2903528213500977,64.82300013303757,0.6418118825053224,101.0,0.0,0.0,0.0,0.5396204401552677,-0.10219144235005473,0.0006968470116351,0.4213854744108302,1.7820602855691225,34.75535075483588
0.9,1.0,1.0,19,0,0.4566469192504883,7.358287274837494,0.8175874749819437,9.0,0.0,0.0,0.0,0.7515272125601768,-0.06606026242176688,0.01083095069770934,0.1875281222164631,0.29597274420989883,34.99848719158197
1.0,1.0,match,19,0,5.096384048461914,120.28051733970642,0.7612690970867495,158.0,0.0,0.0,0.0,0.5798925534543243,-0.18137654363242517,0.0014263972521473026,0.27569721246586193,1.7025587455475633,35.72085889750139
1.0,1.0,1.0,19,0,4.970856428146362,116.52925497293472,0.7422245539677371,157.0,0.0,0.0,0.0,0.5408725117643675,-0.20135204220336966,0.0011539943786982138,0.32678004684057205,1.515399392646779,30.887243041406343
1.2,1.2,match,19,0,6.0112388134002686,148.58659720420837,0.7861724719799384,189.0,0.0,0.0,0.0,0.6281453454272544,-0.15802712655268403,0.002816814736421931,0.2519768550400696,1.3400347930768495,32.29773332572048
1.2,1.0,1.0,19,0,4.36221718788147,106.24706321954727,0.7699062552141107,138.0,0.0,0.0,0.0,0.599130382842935,-0.17077587237117575,0.01214534878589716,0.28670776867564174,1.1282112272827467,33.403030924522795
1.4,1.4,match,19,0,4.676903963088989,83.54538011550903,0.560707249097376,149.0,0.0,0.0,0.0,0.15948992753653107,-0.40121732156084494,0.0006721985490685256,0.41228340973690053,2.110903517949401,39.16231363842275
1.4,1.0,1.0,19,0,5.747093915939331,114.02239096164703,0.7038419195163397,162.0,0.0,0.0,0.0,0.5648591634557114,-0.13898275606062827,0.024761012007673243,0.368939674746843,1.430546947662937,32.98488974575469
1.7,1.7,match,19,0,1.5586340427398682,33.370338916778564,0.7945318789709181,42.0,0.0,0.0,0.0,0.6937397653009834,-0.10079211366993479,0.0016525768416735579,0.2829860473672549,1.3170221777898925,32.25571655437165
1.7,1.0,1.0,19,0,5.1864869594573975,102.6191623210907,0.6257265995188457,164.0,0.0,0.0,0.0,0.333183162691403,-0.29254343682744266,0.038159703237341684,0.44529519541325363,1.7591899553677295,34.5288989024601
2.0,2.0,match,19,0,5.59992527961731,125.53435337543488,0.66773592220976,188.0,0.0,0.0,0.0,0.5140994211091078,-0.1536365011006522,0.0007705422892783456,0.4094283356395689,1.2430965691071718,32.29513464038224
2.0,1.0,1.0,19,0,1.7633960247039795,34.236932814121246,0.6113738002521651,56.0,0.0,0.0,0.0,0.38114100125702943,-0.2302327989951357,0.05145262080583383,0.4424038529396057,0.9865864041660514,42.62983748078283
0.5,0.5,match,20,0,1.8466851711273193,22.805098354816437,0.393191350945111,58.0,0.0,0.0,0.001911929197376594,-0.21247473287216403,-0.605666083817275,0.002519955405801467,0.5528006682108189,0.9539480651889382,33.44644851561374
0.5,1.0,1.0,20,0,0.697075605392456,13.53481525182724,0.7123586974645916,19.0,0.0,0.0,0.0,0.32220390832258594,-0.39015478914200563,0.15007634841216108,0.3505353888398723,0.9031857405053941,43.83076738358106
0.6,0.6,match,20,0,1.7782936096191406,31.235544204711914,0.5577775750841413,56.0,0.0,0.0,0.0,0.3657490066760643,-0.19202856840807697,0.001026145800038979,0.48148219666576814,1.900725091408406,41.58058658996315
0.6,1.0,1.0,20,0,0.6582024097442627,13.982230424880981,0.7767905791600546,18.0,0.0,0.0,0.0,0.6632299318033106,-0.11356064735674398,0.08955125538084437,0.27019906954632866,0.6999480459425185,37.73948099584179
0.7,0.7,match,20,0,3.82745099067688,107.61241966485977,0.8277878435758445,130.0,0.0,0.0,0.0,0.7181576526211214,-0.10963019095472304,0.0010135833909954773,0.20020339452446653,1.3873610934529168,32.2986571574039
0.7,1.0,1.0,20,0,3.8417694568634033,104.59675621986389,0.8045904324604914,130.0,0.0,0.0,0.0,0.7493274281191271,-0.05526300434136433,0.027529912959250023,0.24828744073613332,1.6333300331750742,30.032369451743314
0.8,0.8,match,20,0,1.5241215229034424,35.16681897640228,0.7326420620083809,48.0,0.0,0.0,0.0,0.5838588431794592,-0.14878321882892165,0.0014231903666594471,0.3373537448545297,1.7884391110079985,35.06330764121393
0.8,1.0,1.0,20,0,1.2812504768371582,28.43481534719467,0.7108703836798668,40.0,0.0,0.0,0.0,0.5276414958330301,-0.18322888784683666,0.01394684150074728,0.359073146386072,1.7954471485689283,39.098016924704226
0.9,0.9,match,20,0,2.9020628929138184,78.45702803134918,0.8172607086598873,96.0,0.0,0.0,0.0,0.726073869592265,-0.09118683906762226,0.0042810018558635705,0.21966570276223743,1.42063171393238,32.05099118644586
0.9,1.0,1.0,20,0,4.599546194076538,113.0570610165596,0.7690956531738748,147.0,0.0,0.0,0.0,0.5610888373259812,-0.2080068158478936,0.010544596410161904,0.25468000931487905,1.6744882689066687,33.128797613630695
1.0,1.0,match,20,0,4.4459357261657715,106.61771523952484,0.7060775843677142,151.0,0.0,0.0,0.0,0.5334244969999418,-0.1726530873677724,0.0008630737925689876,0.3612053906113304,1.5212420240439326,33.236200435363735
1.0,1.0,1.0,20,0,11.423195362091064,224.98393392562866,0.7652514759375124,294.0,0.0,0.0,0.0,0.6859683725512475,-0.07928310338626487,0.001114011702015623,0.2707785709577353,1.6719432382394566,35.4050887939909
1.2,1.2,match,20,0,7.977856636047363,167.96518170833588,0.608569498943246,276.0,0.0,0.0,0.0,0.4633886206895113,-0.14518087825373466,0.0008646238050009329,0.41304987149677524,1.5118408952097313,39.23835564658981
1.2,1.0,1.0,20,0,3.98734188079834,108.41563421487808,0.8030787719620599,135.0,0.0,0.0,0.0,0.6627630558031709,-0.14031571615888905,0.012860256920085609,0.22866890900595874,1.4350754622507977,31.437216440737483
1.4,1.4,match,20,0,4.284872770309448,116.3513372540474,0.8136457150632684,143.0,0.0,0.0,0.0,0.6092443629364732,-0.20440135212679522,0.001569547351581105,0.22316086056505466,1.5745791152796962,31.013848396993403
1.4,1.0,1.0,20,0,5.711076259613037,123.56562411785126,0.7674883485580823,161.0,0.0,0.0,0.0,0.5932538587134332,-0.17423448984464918,0.02151274419084075,0.2936746901861444,1.7186644316321205,30.950378444041615
1.7,1.7,match,20,0,10.655747890472412,156.85230684280396,0.6674566248629955,235.0,0.0,0.0,0.0,0.504687073537045,-0.1627695513259505,0.001015657706617299,0.3581060713751519,1.5406046094729546,36.988275000603345
1.7,1.0,1.0,20,0,1.1415541172027588,18.136146306991577,0.8243702866814353,22.0,0.0,0.0,0.0,0.7384999820164272,-0.08587030466500811,0.029957609118095467,0.19628018174659123,1.7547065384516662,32.4560600900671
2.0,2.0,match,20,0,6.060010671615601,99.99299651384354,0.7633053168995689,131.0,0.0,0.0,0.0,0.6661387569056108,-0.09716655999395818,0.0016654020360419963,0.2823420419492794,1.6307705054272905,34.37932814088326
2.0,1.0,1.0,20,0,6.922745227813721,116.68077480792999,0.7626194431890849,153.0,0.0,0.0,0.0,0.5978051256449697,-0.16481431754411524,0.05396536648990341,0.28867865960095446,1.2336214259266853,35.87388266158471
0.5,0.5,match,21,0,3.959158420562744,38.96198511123657,0.46383315608614967,84.0,0.0,0.0,0.0016711056950405318,0.16959275446652647,-0.29424040161962317,0.0005396444583678762,0.5769423778567996,1.0744453572357695,31.837884893787955
0.5,1.0,1.0,21,0,1.0225977897644043,13.542865693569183,0.7966391584452461,17.0,0.0,0.0,0.0,0.7127222791314125,-0.08391687931383363,0.09527555704698898,0.2217204188928008,1.167182073873632,37.621434111152524
0.6,0.6,match,21,0,6.107317924499512,94.30473232269287,0.6934171494315652,136.0,0.0,0.0,0.0,0.44940731437117964,-0.24400983506038554,0.0007852015885738958,0.36085193121449693,1.6248951147255652,36.4550194905775
0.6,1.0,1.0,21,0,1.9428799152374268,26.49966263771057,0.6973595430976466,38.0,0.0,0.0,0.0,0.4897869240895316,-0.20757261900811497,0.05409894263170458,0.37204703933706407,1.5062855014479475,37.568605750704755
0.7,0.7,match,21,0,6.588018178939819,108.16246348619461,0.7617074893393987,142.0,0.0,0.0,0.0,0.675553042837914,-0.08615444650148474,0.000985995164942743,0.30028194433051936,1.4568796733879603,33.11188865369334
0.7,1.0,1.0,21,0,2.8148810863494873,48.64183419942856,0.797407118023419,61.0,0.0,0.0,0.0,0.7060407782594363,-0.09136633976398267,0.03650560327417528,0.24413340160104094,1.5971812217450532,34.32422111485359
0.8,0.8,match,21,0,9.10730528831482,138.8761932849884,0.7085520065560633,196.0,0.0,0.0,0.0,0.4836931321865473,-0.22485887436951602,0.001759463820772931,0.3318358558415416,1.4273769175823854,30.6542201707072
0.8,1.0,1.0,21,0,2.320265293121338,40.64508682489395,0.5210908567294096,78.0,0.0,0.0,0.0,0.2748741389905381,-0.2462167177388715,0.019321671324213602,0.48047634481619567,1.3814308107352982,39.458803749745634
0.9,0.9,match,21,0,5.373550891876221,134.60417634248734,0.7084430333815123,190.0,0.0,0.0,0.0,0.6190831128645826,-0.08935992051692965,0.0018161410253628313,0.3336005573553082,1.8244879223896484,37.32659987387034
0.9,1.0,1.0,21,0,2.054361581802368,56.56275451183319,0.8080393501690456,70.0,0.0,0.0,0.0,0.7759525732717653,-0.032086776897280345,0.008141474561273133,0.24326384503926549,1.353864891906934,32.28094094167653
1.0,1.0,match,21,0,1.889528751373291,49.70294028520584,0.7766084419563413,64.0,0.0,0.0,0.0,0.7030489416349501,-0.07355950032139114,0.0033497006200283817,0.27957440144382417,1.9514316638815217,32.706920281439174
1.0,1.0,1.0,21,0,4.926001071929932,122.69910049438477,0.7133668633394463,172.0,0.0,0.0,0.0,0.5999734298331522,-0.11339343350629416,0.0010172725718210088,0.347634504245984,1.8239776818298323,36.39148286272655
1.2,1.2,match,21,0,9.411205768585205,225.3996226787567,0.6789145261408335,332.0,0.0,0.0,0.0,0.5477927379574615,-0.13112178818337195,0.0009998416254364832,0.34863324954836483,1.588826890804816,36.872900138582395
1.2,1.0,1.0,21,0,6.9934728145599365,156.18377155065536,0.6590032554879973,237.0,0.0,0.0,0.0,0.5104183353704669,-0.14858492011753044,0.012687362459689473,0.4281055577067886,1.5393534081001699,31.496356846688943
1.4,1.4,match,21,0,4.524496078491211,40.14982497692108,0.26071314920078625,154.0,0.0,0.0,0.0,-0.2201904782240151,-0.48090362742480136,0.0006230629049931094,0.5120000182469557,1.1058074966460079,38.18243444661408
1.4,1.0,1.0,21,0,6.433155536651611,159.36090070009232,0.7178418950454609,222.0,0.0,0.0,0.0,0.4639079862725141,-0.2539339087729468,0.02593489370690195,0.30829629629246286,1.421820154300312,34.25398039163305
1.7,1.7,match,21,0,6.2134153842926025,156.66375756263733,0.7355105988856213,213.0,0.0,0.0,0.0,0.5740437778767269,-0.16146682100889442,0.0005436378035832999,0.32694488534695104,1.6571520807422662,36.06272564974452
1.7,1.0,1.0,21,0,2.164449691772461,40.30358546972275,0.5597720204128159,72.0,0.0,0.0,0.0,0.4055333136462829,-0.154238706766533,0.044904786916318495,0.4868020221797956,1.6251279745871823,40.481345591372445
2.0,2.0,match,21,0,3.9955453872680664,108.88403981924057,0.8065484431054857,135.0,0.0,0.0,0.0,0.6330255676450124,-0.1735228754604733,0.0009752899731373968,0.20909352218387303,1.447061063349247,33.74162204988938
2.0,1.0,1.0,21,0,3.9229817390441895,104.9621142745018,0.7951675323825894,132.0,0.0,0.0,0.0,0.6655688102264669,-0.12959872215612256,0.049898949085613924,0.25393320188264956,1.6975785386889721,33.7775632740178
0.5,0.5,match,22,0,1.6404001712799072,27.920636475086212,0.5816799265642961,48.0,0.0,0.0,0.0025378227233267487,0.10408533578540416,-0.477594590778892,0.00029027894980122545,0.47309945632393163,0.9899048808341225,29.765256389161106
0.5,1.0,1.0,22,0,0.3810899257659912,6.417112708091736,0.802139088511467,8.0,0.0,0.0,0.0,0.7103736996650696,-0.0917653888463974,0.04327308326693518,0.20378422923386097,0.5255606239661574,42.89625227237098
0.6,0.6,match,22,0,5.531867027282715,105.32124733924866,0.5602194007406843,188.0,0.0,0.0,0.0,0.3639996231179983,-0.196219777622686,0.002067349664950092,0.481434889925406,1.8994503545951336,35.39194376366446
0.6,1.0,1.0,22,0,0.43701815605163574,8.238036453723907,0.8238036453723907,10.0,0.0,0.0,0.0,0.7172394858466254,-0.10656415952576526,0.06725219859638149,0.1886630903929472,0.6302790209650994,45.336105415260725
0.7,0.7,match,22,0,5.1282570362091064,111.40921092033386,0.6366240624019078,175.0,0.0,0.0,0.0,0.47316612384881523,-0.1634579385530926,0.0016999579955215749,0.3739432761179549,1.4939496553902114,39.2925848723668
0.7,1.0,1.0,22,0,2.378108024597168,45.341626942157745,0.5739446448374398,79.0,0.0,0.0,0.0,0.411358683811835,-0.1625859610256048,0.03458845042116128,0.46445677693508847,1.488192880738385,38.18952800925691
0.8,0.8,match,22,0,4.76764702796936,124.35824871063232,0.758282004333124,164.0,0.0,0.0,0.0,0.5075396725942204,-0.2507423317389036,0.001134765427663118,0.2646398972719908,1.6412166389920635,35.00309116057929
0.8,1.0,1.0,22,0,0.34681034088134766,5.8980934619903564,0.8425847802843366,7.0,0.0,0.0,0.0,0.7401782870292664,-0.10240649325507023,0.019008123005429905,0.1227684962962355,0.2686790941017015,36.6583309788492
0.9,0.9,match,22,0,6.624181747436523,152.24138939380646,0.7888154890870801,193.0,0.0,0.0,0.0,0.6433666157148158,-0.1454488733722643,0.0014755500165435365,0.2763147447161724,1.07689544104445,31.805501193484204
0.9,1.0,1.0,22,0,5.009144067764282,84.65062487125397,0.7558091506361961,112.0,0.0,0.0,0.0,0.6675276552234684,-0.08828149541272778,0.007924129804942405,0.33824684460913496,1.428277383708129,32.18989016035268
1.0,1.0,match,22,0,11.681024074554443,167.47464513778687,0.6343736558249502,264.0,0.0,0.0,0.0,0.47989737128435206,-0.15447628454059814,0.0010409489255889534,0.44341282015948585,1.3854295781665398,36.607571340809635
1.0,1.0,1.0,22,0,10.887552499771118,174.17973083257675,0.719750953853623,242.0,0.0,0.0,0.0,0.5605114246737908,-0.1592395291798322,0.0018991530604489904,0.3222985671417526,1.9311407223682513,33.986439288107775
1.2,1.2,match,22,0,5.106038808822632,67.95112991333008,0.6177375446666371,110.0,0.0,0.0,0.0,0.4780392999837705,-0.13969824468286662,0.0016117732285121347,0.4617904569615017,1.8220551902936264,35.595482454071885
1.2,1.0,1.0,22,0,7.351720571517944,111.68822771310806,0.6894335044019017,162.0,0.0,0.0,0.0,0.5477258228228329,-0.14170768157906877,0.013608556590766084,0.3654970854382824,1.4546781236098871,35.72167354002179
1.4,1.4,match,22,0,6.2499001026153564,106.56924986839294,0.7612089276313782,140.0,0.0,0.0,0.0,0.538857808805627,-0.2223511188257512,0.0007119331516340601,0.29909337479621173,1.5800925421927656,29.066725242979857
1.4,1.0,1.0,22,0,6.082586765289307,109.73240196704865,0.8128326071633233,135.0,0.0,0.0,0.0,0.6446279451362232,-0.16820466202710005,0.024059648200723607,0.20495988006393115,1.4179252763227042,32.04267919577861
1.7,1.7,match,22,0,7.138928413391113,127.31136626005173,0.7858726312348872,162.0,0.0,0.0,0.0,0.6042704606741112,-0.181602170560776,0.001523913348390079,0.2403504892401857,1.579151128154294,33.275261171200235
1.7,1.0,1.0,22,0,6.445811986923218,105.71216827630997,0.7497316899029076,141.0,0.0,0.0,0.0,0.682089359845434,-0.06764233005747367,0.03324397084236677,0.288817535980162,1.685674871615273,33.37215230240271
2.0,2.0,match,22,0,6.992696762084961,122.59229189157486,0.7960538434517848,154.0,0.0,0.0,0.0,0.6692722589888433,-0.1267815844629414,0.001141207418666995,0.23441191621173124,1.4312861584997796,34.52858221479029
2.0,1.0,1.0,22,0,6.902495384216309,115.75448954105377,0.7516525294873622,154.0,0.0,0.0,0.0,0.6121091003852343,-0.1395434291021279,0.05697327565547882,0.2686586715522912,1.558328729219638,37.62079537187523
0.5,0.5,match,23,0,2.814847230911255,25.446356177330017,0.43129417249711893,59.0,0.0,0.0,0.004034767890798634,-0.02685236911578425,-0.4581465416129032,0.0004989468025204869,0.5712129754030099,0.6795635525042475,33.43882842655603
0.5,1.0,1.0,23,0,0.5468459129333496,5.899239361286163,0.7374049201607704,8.0,0.0,0.0,0.0,0.6924468960080828,-0.04495802415268757,0.1807482653696622,0.2708195601589978,0.5159248225390911,57.951998019066224
0.6,0.6,match,23,0,3.965815544128418,57.559612572193146,0.6540865065021948,88.0,0.0,0.0,0.0,0.5508021157363365,-0.10328439076585827,0.0012755722948859121,0.42325059502300894,1.3825897063996473,35.680005597725675
0.6,1.0,1.0,23,0,1.9640569686889648,29.529119670391083,0.738227991759777,40.0,0.0,0.0,0.0,0.4787871841436777,-0.25944080761609933,0.08983982619471274,0.31697057249257343,1.2252959277480842,37.290069414311006
0.7,0.7,match,23,0,7.321505546569824,115.0081757903099,0.7099270110512957,162.0,0.0,0.0,0.0,0.5180427124781638,-0.19188429857313194,0.001066207309371104,0.33260321944814036,1.7839637823448873,35.057635804964185
0.7,1.0,1.0,23,0,3.0511109828948975,40.5063778758049,0.6137329981182561,66.0,0.0,0.0,0.0,0.45117789334975755,-0.16255510476849855,0.03847001757508574,0.45104438201947644,1.7557224390576736,38.91386451110826
0.8,0.8,match,23,0,8.945620059967041,129.06597864627838,0.6421192967476537,201.0,0.0,0.0,0.0,0.519104011823074,-0.1230152849245797,0.0022369571449422664,0.3854743741934572,1.6200095057784027,34.16096337812544
0.8,1.0,1.0,23,0,4.949801921844482,75.93439775705338,0.7096672687575082,107.0,0.0,0.0,0.0,0.6405978742635475,-0.06906939449396066,0.021694247043616895,0.37161616093226685,1.5636387430131435,34.223203654913625
0.9,0.9,match,23,0,6.789880275726318,122.02331501245499,0.808101423923543,151.0,0.0,0.0,0.0,0.6450595687329769,-0.16304185519056613,0.0010812217716670602,0.23122179254100023,1.3345858844009457,29.65986682982677
0.9,1.0,1.0,23,0,7.004256963729858,104.50126492977142,0.6785796424011131,154.0,0.0,0.0,0.0,0.4704781725418334,-0.20810146985927974,0.010437077022799796,0.3731744761590834,1.758708716067788,36.18214130437819
1.0,1.0,match,23,0,6.395000696182251,114.65084099769592,0.8131265318985527,141.0,0.0,0.0,0.0,0.6056913836726121,-0.20743514822594056,0.0012678175672606682,0.20824838598780598,1.435147653934909,30.62862854195722
1.0,1.0,1.0,23,0,5.567530632019043,96.14125055074692,0.7691300044059753,125.0,0.0,0.0,0.0,0.5541377631166289,-0.21499224128934646,0.00102933406486177,0.26154273450374604,1.5249429091215134,33.74170822441222
1.2,1.2,match,23,0,8.094560623168945,121.47263324260712,0.6674320507835556,182.0,0.0,0.0,0.0,0.4968826870012061,-0.17054936378234953,0.001056740596939346,0.41001879264201435,1.4498732220739698,34.126474803215665
1.2,1.0,1.0,23,0,8.409274578094482,81.48050439357758,0.4380672279224601,186.0,0.0,0.0,0.0,-0.04222143820008716,-0.4802886661225473,0.013389107766183647,0.4127830774773673,1.7163453948063154,33.49979003732703
1.4,1.4,match,23,0,8.69680643081665,211.88099759817123,0.7594300989181765,279.0,0.0,0.0,0.0,0.6578310387436863,-0.10159906017449016,0.0010428169839607965,0.3036295027208371,1.6795324071654283,34.364506627055945
1.4,1.0,1.0,23,0,4.789841651916504,130.35149908065796,0.7805478986865746,167.0,0.0,0.0,0.0,0.6918519301766373,-0.08869596850993733,0.01902467595639145,0.3033187518308976,1.7260381522739006,30.7209222224131
1.7,1.7,match,23,0,3.669194459915161,87.80092120170593,0.6859446968883276,128.0,0.0,0.0,0.0,0.45673228245903186,-0.22921241442929574,0.0011507876904023023,0.32840634476815467,1.5467618660186417,38.57681514297716
1.7,1.0,1.0,23,0,1.0876586437225342,27.975479423999786,0.8228082183529349,34.0,0.0,0.0,0.0,0.7847926670854742,-0.0380155512674607,0.02870691339062019,0.23165632254334495,0.8274690013597993,35.58786890622975
2.0,2.0,match,23,0,3.2659497261047363,66.89737433195114,0.5972979851067066,112.0,0.0,0.0,0.0,0.3564905728305782,-0.2408074122761284,0.0012603137370247209,0.40621392767310943,1.557831161422655,40.123147192544494
2.0,1.0,1.0,23,0,5.57987117767334,140.37580132484436,0.7125675194154536,197.0,0.0,0.0,0.0,0.5118992394382819,-0.20066827997717174,0.051327406835020045,0.35214333001732223,1.5634885436765433,37.166985145879586
0.5,0.5,match,24,0,2.4818475246429443,37.35367012023926,0.44468654905046734,84.0,0.0,0.0,0.0016705176915064544,0.14533514016397656,-0.2993514088864908,0.0015996835897173027,0.5943415069154331,1.1105402714705892,31.66982406803429
0.5,1.0,1.0,24,0,0.9912803173065186,23.92543363571167,0.7717881817971507,31.0,0.0,0.0,0.0,0.6145979563395182,-0.1571902254576325,0.0544634968508035,0.2622932616260744,0.9984259377083471,33.89404642698275
0.6,0.6,match,24,0,2.153418779373169,56.366079688072205,0.7828622178898917,72.0,0.0,0.0,0.0,0.7130753053745753,-0.06978691251531643,0.0022777871261201706,0.28317136803848875,1.7311137279288635,34.26358148283762
0.6,1.0,1.0,24,0,0.7188873291015625,15.369625449180603,0.7318869261514573,21.0,0.0,0.0,0.0,0.5435141131281853,-0.18837281302327202,0.09358935634372756,0.3289057725951785,1.5113002892051424,42.453074620319605
0.7,0.7,match,24,0,2.4652912616729736,64.20653539896011,0.7553710046936484,85.0,0.0,0.0,0.0,0.6615627670571917,-0.09380823763645663,0.002626662432906609,0.33329114221474704,1.3397790268940084,31.92800666743184
0.7,1.0,1.0,24,0,1.719517469406128,44.567209362983704,0.7818808660172579,57.0,0.0,0.0,0.0,0.7055957093834877,-0.07628515663377022,0.03677620657461895,0.29147214847698544,1.6152482915081476,34.95503031296111
0.8,0.8,match,24,0,5.13826847076416,131.77981317043304,0.7240649075298519,182.0,0.0,0.0,0.0,0.5481236918587546,-0.17594121567109722,0.0013987917318254218,0.3351673732951775,1.6196457042184833,36.06786519407827
0.8,1.0,1.0,24,0,4.571898698806763,124.41824877262115,0.7727841538672121,161.0,0.0,0.0,0.0,0.7065155692398548,-0.0662685846273573,0.022194669474993135,0.2615878427667277,1.5213392640215269,34.856883613687444
0.9,0.9,match,24,0,3.4153707027435303,27.064622342586517,0.22936120629310608,118.0,0.0,0.0,0.0,-0.02207008228263157,-0.25143128857573765,0.001506510726937224,0.6634790972506596,1.906196684939629,42.40667777452418
0.9,1.0,1.0,24,0,4.211494445800781,36.92592513561249,0.2511967696300169,147.0,0.0,0.0,0.0,-0.26860132215748705,-0.519798091787504,0.008451755684864235,0.6100367298159672,1.6964634704802717,35.58643530952913
1.0,1.0,match,24,0,5.890692472457886,150.2045709490776,0.7152598616622743,210.0,0.0,0.0,0.0,0.5187984206958821,-0.19646144096639218,0.0009622313797890413,0.26799530371846186,1.582099429189804,34.76786642945636
1.0,1.0,1.0,24,0,2.28086256980896,50.761234402656555,0.6592368104241111,77.0,0.0,0.0,0.0,0.5337694612772841,-0.125467349146827,0.0020769736975813956,0.3974627074483153,1.9026777028747193,39.61194061043033
1.2,1.2,match,24,0,5.714963912963867,162.52214354276657,0.7966771742292479,204.0,0.0,0.0,0.0,0.5630061411725477,-0.23367103305670023,0.0011583169067618986,0.24670960878788986,1.531501118641566,32.248036857839836
1.2,1.0,1.0,24,0,4.681246280670166,116.27947849035263,0.7047241120627432,165.0,0.0,0.0,0.0,0.524600176753976,-0.18012393530876725,0.013578058512194263,0.3578988162179788,1.511088012283047,34.221081890176954
1.4,1.4,match,24,0,2.1993160247802734,48.13459092378616,0.6504674449160293,74.0,0.0,0.0,0.0,0.5092771257439704,-0.14119031917205882,0.0008024117712808868,0.41455675661563873,1.5009807374932476,37.81885848614273
1.4,1.0,1.0,24,0,4.250935792922974,110.50787878036499,0.7416636159756039,149.0,0.0,0.0,0.0,0.5458811279386282,-0.19578248803697573,0.02236320639683588,0.2964433936664722,1.7144597694402772,35.84424339628893
1.7,1.7,match,24,0,5.061918497085571,72.9882161617279,0.4147057736461813,176.0,0.0,0.0,0.0,0.040012045696909936,-0.37469372794927136,0.0011374971738184415,0.5860231949058785,1.7398932151157747,39.92916962331237
1.7,1.0,1.0,24,0,5.783843517303467,146.52246636152267,0.711274108551081,206.0,0.0,0.0,0.0,0.6271852497647449,-0.0840888587863361,0.03829260727890381,0.3467603414997603,1.8237422457444075,34.646699068034124
2.0,2.0,match,24,0,5.128445386886597,136.02757734060287,0.7474042711022136,182.0,0.0,0.0,0.0,0.6394620007470003,-0.10794227035521331,0.0010923686412927045,0.32892350441581764,1.7584351538629321,36.56221015781613
2.0,1.0,1.0,24,0,2.618492603302002,57.26657146215439,0.5965267860641082,96.0,0.0,0.0,0.0,0.4782948057314283,-0.11823198033267995,0.052411088416058765,0.4606353087971608,1.4675095936981961,40.78036166571874
0.5,0.5,match,25,0,2.1766302585601807,11.189188361167908,0.13320462334723698,84.0,0.0,0.0,0.0013318277267088373,-0.3689993807529829,-0.5022040041002198,0.0018956126614531135,0.6898920515640861,1.1685632622268582,39.23400273251075
0.5,1.0,1.0,25,0,0.30980825424194336,7.202980399131775,0.8003311554590861,9.0,0.0,0.0,0.0,0.5780471153557301,-0.222284040103356,0.17337091913213953,0.20764890644285414,0.30503686600261265,42.19927196386922
0.6,0.6,match,25,0,2.7413508892059326,16.29179185628891,0.15225973697466272,107.0,0.0,0.0,0.0,-0.4271604729781173,-0.5794202099527801,0.003226043682183067,0.6988887009080326,1.3535122732135738,37.01951013625353
0.6,1.0,1.0,25,0,0.998837947845459,24.22548407316208,0.6547428127881643,37.0,0.0,0.0,0.0,0.5231950825287236,-0.13154773025944067,0.07266920178921686,0.38953294343239553,1.043706598112712,40.43574446240069
0.7,0.7,match,25,0,3.2495198249816895,104.1820056438446,0.7717185603247748,135.0,0.0,0.0,0.0,0.5574697611954258,-0.21424879912934902,0.0018746699320726931,0.2657799355961658,1.9694779933602722,32.27525726591418
0.7,1.0,1.0,25,0,0.5442101955413818,15.170453250408173,0.7984449079162196,19.0,0.0,0.0,0.0,0.696808526913325,-0.10163638100289463,0.059590326893764235,0.25253534596413374,1.41358782351017,38.96333053180589
0.8,0.8,match,25,0,4.289602994918823,114.3189572095871,0.6532511840547834,175.0,0.0,0.0,0.0,0.35478012264310116,-0.2984710614116823,0.0012991226243731693,0.31906567202082703,1.810135722916041,34.953635297110345
0.8,1.0,1.0,25,0,2.3535332679748535,78.17538565397263,0.8405955446663723,93.0,0.0,0.0,0.0,0.7813891211281652,-0.059206423538207154,0.021193594665458913,0.15823771229754852,1.7930560562639468,34.71028287630703
0.9,0.9,match,25,0,5.115460634231567,166.51523792743683,0.7817616804105015,213.0,0.0,0.0,0.0,0.6571981776901081,-0.1245635027203934,0.0010663054575103452,0.2857082366348712,1.5834852153951293,29.87806026711239
0.9,1.0,1.0,25,0,3.7504308223724365,119.24789124727249,0.7845256003110033,152.0,0.0,0.0,0.0,0.627831645004624,-0.1566939553063793,0.010161824259191553,0.25963798023172113,1.4966732331698662,31.476023251437795
1.0,1.0,match,25,0,3.5850677490234375,104.5201787352562,0.7062174238868661,148.0,0.0,0.0,0.0,0.5586040514096821,-0.1476133724771841,0.0007445938952972393,0.3317982341867645,1.7097679292311188,36.15861651657362
1.0,1.0,1.0,25,0,4.423381328582764,144.0999127626419,0.778918447365632,185.0,0.0,0.0,0.0,0.7049635992102001,-0.07395484815543185,0.000400898772109871,0.2628353009755547,1.8008702609083942,35.366678216240466
1.2,1.2,match,25,0,4.58001971244812,42.74527645111084,0.22981331425328408,186.0,0.0,0.0,0.0,-0.11212764979415649,-0.34194096404744057,0.001715677326898753,0.6776132841584503,2.0340019839224954,38.09312563291319
1.2,1.0,1.0,25,0,6.881565093994141,181.48796564340591,0.6345733064454753,286.0,0.0,0.0,0.0,0.4668567499832103,-0.16771655646226497,0.01713459964212553,0.4172155535942712,1.5471752724981496,36.984441618007764
1.4,1.4,match,25,0,5.283335208892822,171.91660165786743,0.8033486058778851,214.0,0.0,0.0,0.0,0.5931483378093865,-0.21020026806849867,0.0010589877557816568,0.2065701149578128,1.4424641298730727,34.6581796952893
1.4,1.0,1.0,25,0,2.20556378364563,69.61873024702072,0.7735414471891191,90.0,0.0,0.0,0.0,0.4975344931309143,-0.2760069540582048,0.021310889570230848,0.2503932705356015,1.6978240736656718,33.4400113496249
1.7,1.7,match,25,0,3.491255760192871,104.33627414703369,0.719560511358853,145.0,0.0,0.0,0.0,0.4686022167507973,-0.25095829460805574,0.0007049304323645503,0.29730951689697543,1.5381061793915156,39.63333932859154
1.7,1.0,1.0,25,0,3.2613508701324463,95.82158970832825,0.7314625168574675,131.0,0.0,0.0,0.0,0.5359706078835118,-0.19549190897395574,0.032895285641559614,0.3312582773874507,1.7742594744981701,34.266383063794315
2.0,2.0,match,25,0,4.342247486114502,113.33624976873398,0.7456332221627235,152.0,0.0,0.0,0.0,0.6104499610720684,-0.13518326109065515,0.0005283199850601134,0.31658543978425624,1.2850960066640063,33.99632257763694
2.0,1.0,1.0,25,0,4.334524154663086,119.91163057088852,0.7888923063874245,152.0,0.0,0.0,0.0,0.695977782768919,-0.0929145236185055,0.04800067498928417,0.23048051757934063,1.8716636009783925,37.66217179997426
0.5,0.5,match,26,0,2.0301623344421387,24.942936301231384,0.3614918304526288,69.0,0.0,0.0,0.0012366144095294124,-0.10858306650291472,-0.4700748969555435,0.0012182782078849976,0.5827228393459666,1.1739026218436766,36.97013544299961
0.5,1.0,1.0,26,0,0.288177490234375,3.870444893836975,0.774088978767395,5.0,0.0,0.0,0.0,0.7714703679084778,-0.0026186108589172363,0.05038674408569932,0.21954465210437774,0.2796155124902725,41.16788124012191
0.6,0.6,match,26,0,1.4576592445373535,26.748188972473145,0.5944041993882921,45.0,0.0,0.0,0.0,0.3738219628364525,-0.22058223655183962,0.0012406983114384605,0.4626764672704869,2.3070392832159996,38.33169360205895
0.6,1.0,1.0,26,0,1.5449333190917969,27.859155297279358,0.5571831059455872,50.0,0.0,0.0,0.0,0.38305534027060684,-0.17412776567498034,0.03738108835164077,0.4619823893904686,1.1428510262444616,40.37235267676059
0.7,0.7,match,26,0,1.8009190559387207,34.20154070854187,0.6218461947007613,55.0,0.0,0.0,0.0,0.469158043877946,-0.15268815082281528,0.0018723264394827344,0.43478872789578005,1.744436221366579,45.61190144067666
0.7,1.0,1.0,26,0,1.0600450038909912,22.408882200717926,0.7469627400239308,30.0,0.0,0.0,0.0,0.5601806835881595,-0.18678205643577128,0.033425286404210434,0.3271709498638908,1.0226163746168215,36.51931332552994
0.8,0.8,match,26,0,5.935321092605591,150.5037304162979,0.7487747781905368,201.0,0.0,0.0,0.0,0.5294205325841904,-0.21935424560634642,0.0003735959817652201,0.3180068623441369,1.390271786058238,27.92451125743723
0.8,1.0,1.0,26,0,3.102268695831299,84.27008128166199,0.8025722026824951,105.0,0.0,0.0,0.0,0.7430556897933667,-0.0595165128891284,0.015412317667281829,0.2355094513368039,1.2051693423163323,32.143705637233225
0.9,0.9,match,26,0,2.5154833793640137,63.193825364112854,0.770656406879425,82.0,0.0,0.0,0.0,0.7033031067730467,-0.0673533001063783,0.0015510333183516914,0.3150805760084129,1.3715386254849231,32.77174021205761
0.9,1.0,1.0,26,0,4.200376510620117,110.1920959353447,0.7705740974499629,143.0,0.0,0.0,0.0,0.6639015135571728,-0.10667258389279011,0.009551046952329787,0.24954438014151334,1.6083907464948983,36.158986254382505
1.0,1.0,match,26,0,1.7964069843292236,43.396783888339996,0.7749425694346428,56.0,0.0,0.0,0.0,0.6946619846604087,-0.08028058477423405,0.0003294739573076103,0.29855288059583734,1.2844347325153649,30.240448748815577
1.0,1.0,1.0,26,0,3.9697699546813965,101.12816733121872,0.7490975357868054,135.0,0.0,0.0,0.0,0.5105822530927817,-0.23851528269402367,0.0009538635070778433,0.2736576911199976,1.4955297050376732,35.77841226345554
1.2,1.2,match,26,0,11.623717308044434,255.34373742341995,0.6383593435585498,400.0,1.0,0.0,0.0,0.4142694146174472,-0.22408992894110263,0.0009388677062397141,0.37485218556132166,1.8078201759792865,37.76290035079776
1.2,1.0,1.0,26,0,2.2666308879852295,48.40771526098251,0.7225032128504852,67.0,0.0,0.0,0.0,0.5878964360013152,-0.13460677684917,0.012095019012527075,0.35581748610112207,2.365753001880957,38.093039141885946
1.4,1.4,match,26,0,4.555428981781006,112.75501227378845,0.7321754043752496,154.0,0.0,0.0,0.0,0.5905331772283401,-0.14164222714690955,0.0010163219238617542,0.3378277637862733,1.4004604658716684,35.66695587879602
1.4,1.0,1.0,26,0,4.334034204483032,94.86994367837906,0.6410131329620207,148.0,0.0,0.0,0.0,0.26780166580867604,-0.37321146715334463,0.023979127392819037,0.3300826113696235,1.5443196599749294,34.28586296640903
1.7,1.7,match,26,0,4.311474800109863,108.23246371746063,0.7516143313712544,144.0,0.0,0.0,0.0,0.5420095474439692,-0.2096047839272852,0.0005361694538106138,0.3054036588097612,1.5642433295336862,29.937625867047668
1.7,1.0,1.0,26,0,2.469542980194092,49.90116709470749,0.6316603429709808,79.0,0.0,0.0,0.0,0.4860617581468362,-0.14559858482414462,0.03932391253944773,0.442273670453814,1.6450106616638884,38.97988862612673
2.0,2.0,match,26,0,6.028258562088013,120.95587867498398,0.5900286764633365,205.0,0.0,0.0,0.0,0.3956735176856027,-0.19435515877773374,0.0008373502687402156,0.46558320158865396,1.591265383235565,38.58805811288667
2.0,1.0,1.0,26,0,4.341761350631714,69.8655988574028,0.6529495220318019,107.0,0.0,0.0,0.0,0.3325960421056118,-0.3203534799261901,0.0444059471362534,0.3261128930357572,1.7147333903986717,34.67514040150842
0.5,0.5,match,27,0,7.3596789836883545,58.1855508685112,0.42471205013511826,137.0,0.0,0.0,0.0016568336417121293,0.1751351833843407,-0.24957686675077756,0.003278626255820427,0.6257631622091697,0.8609656023990063,32.72089773861103
0.5,1.0,1.0,27,0,1.0659003257751465,12.39243882894516,0.7745274268090725,16.0,0.0,0.0,0.0,0.6698385556538899,-0.10468887115518255,0.09983760301644604,0.2804409256204963,1.155141329858452,42.45819124466939
0.6,0.6,match,27,0,8.944606065750122,78.09901368618011,0.4676587645879049,167.0,0.0,0.0,0.0,0.08622401571237898,-0.3814347488755259,0.0031523737351719034,0.5015970654339491,1.9640924824390582,32.88717738297645
0.6,1.0,1.0,27,0,1.9830114841461182,22.38834661245346,0.6584807827192194,34.0,0.0,0.0,0.0,0.46771551126783545,-0.19076527145138394,0.059552208901467646,0.35275952895993695,1.7025576593244778,46.1671264575856
0.7,0.7,match,27,0,7.3462090492248535,44.36482912302017,0.32621197884573655,136.0,0.0,0.0,0.0,0.11806726864090672,-0.20814471020482983,0.003188670233534881,0.5965598609764129,1.7300779249190408,42.64235954826094
0.7,1.0,1.0,27,0,1.8607447147369385,24.22967267036438,0.8355059541504959,29.0,0.0,0.0,0.0,0.7097635130797114,-0.12574244107078447,0.016110588632208028,0.1970043783557826,1.346394257684206,31.56838250737655
0.8,0.8,match,27,0,1.2847728729248047,16.2920960187912,0.8146048009395599,20.0,0.0,0.0,0.0,0.727149458307969,-0.08745534263159094,0.0007048228379804449,0.20080412216484547,0.8820280957967043,37.067117963646155
0.8,1.0,1.0,27,0,5.980949640274048,88.98840886354446,0.8089855351231315,110.0,0.0,0.0,0.0,0.5804342410330652,-0.22855129409006636,0.016593719774391502,0.19816328832371669,1.0995049570094455,30.180297122055556
0.9,0.9,match,27,0,3.156708240509033,35.187841951847076,0.6283543205686978,56.0,0.0,0.0,0.0,0.4361795006150549,-0.19217481995364288,9.122919664822471e-05,0.4339504276535341,1.975634857413492,38.64689675856986
0.9,1.0,1.0,27,0,6.848721027374268,97.19120770692825,0.7652851000545532,127.0,0.0,0.0,0.0,0.5173504144426376,-0.24793468561191556,0.0055677929302051085,0.25395906957115716,1.2757065781414156,29.965228385351406
1.0,1.0,match,27,0,7.552486896514893,55.759598433971405,0.395458144921783,141.0,0.0,0.0,0.0,0.2848255118315657,-0.11063263309021731,0.0010002730356713334,0.6082553511604349,1.6595626311733367,41.519877312410834
1.0,1.0,1.0,27,0,8.90015959739685,75.71256464719772,0.4588640281648347,165.0,0.0,0.0,0.0,0.003784995320396464,-0.45507903284443824,0.0012410595122230184,0.42012411681088535,2.0029848791433102,36.304525197090676
1.2,1.2,match,27,0,3.050950765609741,38.97664433717728,0.7086662606759505,55.0,0.0,0.0,0.0,0.6105418657815015,-0.09812439489444902,0.001041649465049785,0.3447198805483905,2.4690539765764368,34.066653554131484
1.2,1.0,1.0,27,0,6.413079023361206,93.2869045138359,0.790566987405389,118.0,0.0,0.0,0.0,0.7164002060890198,-0.07416678131636922,0.016252759023187444,0.2889478453198227,1.3008090662375345,35.821994204647424
1.4,1.4,match,27,0,14.762881994247437,175.98328441381454,0.6307644602645682,279.0,0.0,0.0,0.0,0.5045256193646853,-0.1262388408998829,0.0010381175837716596,0.42085661528144686,1.678737711798947,37.14407480237676
1.4,1.0,1.0,27,0,7.75682520866394,112.29315382242203,0.7798135682112641,144.0,0.0,0.0,0.0,0.6010078188891594,-0.1788057493221047,0.02307817840075993,0.25157053127703777,1.3217367421990882,32.52850480212337
1.7,1.7,match,27,0,9.922933101654053,129.37816470861435,0.6881817271734806,188.0,0.0,0.0,0.0,0.5409217775067224,-0.14725994966675815,0.0011187653890301396,0.3762325051815269,1.515630468830189,35.30310111641302
1.7,1.0,1.0,27,0,8.350436449050903,107.0703821182251,0.6952622215469162,154.0,0.0,0.0,0.0,0.5358876779346782,-0.15937454361223802,0.033930507765130256,0.3640043269600961,1.4186219811778178,34.42598561630967
2.0,2.0,match,27,0,8.47734522819519,115.03350430727005,0.7326974796641404,157.0,0.0,0.0,0.0,0.5541921909182117,-0.17850528874592875,0.0004200375472264976,0.30843687071731896,1.5728492908132303,36.59741214391395
2.0,1.0,1.0,27,0,4.7955591678619385,62.80030399560928,0.7136398181319237,88.0,0.0,0.0,0.0,0.49726971839394035,-0.21637009973798332,0.059199583518650685,0.2553236978975209,1.6651399873874404,39.233343947296625
0.5,0.5,match,28,0,5.835932731628418,-17.734486997127533,-0.16420821293636603,108.0,0.0,0.0,0.0017615153410588391,-0.7268571990986015,-0.5626489861622355,0.002234911543839495,0.8554557713645475,1.4133893588419866,39.07591558139308
0.5,1.0,1.0,28,0,1.0967280864715576,12.37891674041748,0.7736822962760925,16.0,0.0,0.0,0.0,0.720207420984904,-0.05347487529118855,0.06778076359381278,0.29219831991940737,0.6330512734130025,33.839663469296056
0.6,0.6,match,28,0,1.8940420150756836,23.619832515716553,0.7381197661161423,32.0,0.0,0.0,0.0,0.5672694259593564,-0.1708503401567859,0.0026707587142467556,0.30980709090363234,1.7842836931813508,33.34797851864349
0.6,1.0,1.0,28,0,3.1092185974121094,22.7018364071846,0.40538993584258215,56.0,0.0,0.0,0.0,0.2421612868762829,-0.16322864896629924,0.06915104121647098,0.5991527812023248,1.6196405086666346,39.20102214815184
0.7,0.7,match,28,0,2.238475799560547,29.43567305803299,0.7547608476418716,39.0,0.0,0.0,0.0,0.5204687061241681,-0.2342921415177035,0.0012241161802026717,0.3085754641260092,0.9452437916412376,34.80611121913605
0.7,1.0,1.0,28,0,7.549096584320068,110.61067378520966,0.8073771809139391,137.0,0.0,0.0,0.0,0.7601167428142884,-0.04726043809965064,0.025926563708173277,0.24945086751976153,1.5084001427910623,29.4033058272943
0.8,0.8,match,28,0,6.869876384735107,98.70045280456543,0.7771689197209877,127.0,0.0,0.0,0.0,0.6671119393810393,-0.11005698033994837,0.0011116432043933408,0.2741544899479376,1.1050555873075574,32.77920557623675
0.8,1.0,1.0,28,0,4.759042501449585,57.93071109056473,0.6736129196577294,86.0,0.0,0.0,0.0,0.5845294878763311,-0.08908343178139833,0.02112161524265128,0.40844711275814577,1.6872293742070363,35.51838309571426
0.9,0.9,match,28,0,4.0717692375183105,41.218226194381714,0.5570030566808339,74.0,0.0,0.0,0.0,0.285265338237155,-0.27173771844367894,0.00044746421287390433,0.46577874983887413,1.5437019495545208,34.64443848844622
0.9,1.0,1.0,28,0,10.48408031463623,152.18460530042648,0.7686091176789216,198.0,0.0,0.0,0.0,0.684797921307801,-0.08381119637112056,0.01183697331973309,0.2583695643515599,1.5766805536678117,34.69878318260379
1.0,1.0,match,28,0,6.507872581481934,93.65490823984146,0.7870160356289199,119.0,0.0,0.0,0.0,0.6800199841796342,-0.1069960514492857,0.0015787137094332787,0.24908036400540537,1.103977744420599,33.292557954326
1.0,1.0,1.0,28,0,10.441574811935425,142.33868753910065,0.7225314088279221,197.0,0.0,0.0,0.0,0.5621613613614926,-0.16037004746642947,0.0007700347350053988,0.31997653736075776,1.5629967504303883,34.351878168928735
1.2,1.2,match,28,0,8.159212589263916,59.23429715633392,0.38715226899564653,153.0,0.0,0.0,0.0,0.12392993005433757,-0.263222338941309,0.0011056845352066759,0.5472227450752375,1.6667480437949398,43.14882340600563
1.2,1.0,1.0,28,0,3.305614948272705,46.37174731492996,0.7995128847401718,58.0,0.0,0.0,0.0,0.6637293931684995,-0.13578349157167224,0.013165642115238466,0.264058303666012,1.6213429369803132,35.0370387839168
1.4,1.4,match,28,0,9.403223752975464,129.4670363664627,0.7356081611730836,176.0,0.0,0.0,0.0,0.5105771068270717,-0.2250310543460119,0.0015516051837754015,0.3432281635151329,1.5009637890298935,32.876064101349435
1.4,1.0,1.0,28,0,4.973920822143555,33.1024386882782,0.35980911617693695,92.0,0.0,0.0,0.0,0.1416342399482216,-0.21817487622871534,0.024840120446182543,0.6076893462576782,1.8427610268573398,40.71710006017122
1.7,1.7,match,28,0,8.805405616760254,114.90684968233109,0.6964051495898854,165.0,0.0,0.0,0.0,0.517194187484409,-0.17921096210547638,0.0007339384262081694,0.37702861127979825,1.5915828203838882,32.63981856561463
1.7,1.0,1.0,28,0,3.867540121078491,49.502552688121796,0.7174282998278521,69.0,0.0,0.0,0.0,0.6291082681101912,-0.0883200317176609,0.028940927175640622,0.3352173563038957,1.9169874605385289,37.215538728506644
2.0,2.0,match,28,0,6.045914649963379,78.55579334497452,0.701391012008701,112.0,0.0,0.0,0.0,0.48778639958651215,-0.21360461242218887,0.0006810042375952213,0.3573315694894908,1.2529981508851051,34.90838469766583
2.0,1.0,1.0,28,0,6.461121320724487,92.78846019506454,0.7668467784716078,121.0,0.0,0.0,0.0,0.5555479162372648,-0.2112988622343429,0.05044827314462357,0.2752797988297279,1.4677650674654186,32.81321643393999
0.5,0.5,match,29,0,2.65360689163208,25.912973046302795,0.5758438454733954,45.0,0.0,0.0,0.0012167795139248483,0.05580540695651011,-0.5200384385168852,0.0027290617916419665,0.4740639158421093,0.8415295383789473,31.453132904888925
0.5,1.0,1.0,29,0,0.6057693958282471,5.384315073490143,0.769187867641449,7.0,0.0,0.0,0.0,0.6908028324445089,-0.07838503519694007,0.14540972545122108,0.237570943576949,0.982672318816185,52.56580821493778
0.6,0.6,match,29,0,8.871153116226196,119.70900118350983,0.7299329340457916,164.0,0.0,0.0,0.0,0.5221865804968802,-0.20774635354891147,0.002118720298177529,0.3399677230669867,1.460330662737805,32.079326162518136
0.6,1.0,1.0,29,0,2.0230555534362793,22.50008362531662,0.7031276132911444,32.0,0.0,0.0,0.0,0.5811804946391813,-0.12194711865196306,0.04738715343597916,0.33575442065193783,1.8213733145967126,43.31565743314342
0.7,0.7,match,29,0,3.260974884033203,38.03236037492752,0.6446162775411444,59.0,0.0,0.0,0.0,0.4044143101120175,-0.24020196742912686,0.0012346716103773612,0.4252338154336153,1.0334772324284254,32.8175066525936
0.7,1.0,1.0,29,0,3.4182868003845215,41.437163949012756,0.6906193991502126,60.0,0.0,0.0,0.0,0.5929059244818606,-0.09771347466835201,0.02819039895183454,0.3791038800030947,1.5332463526477416,38.50545035090583
0.8,0.8,match,29,0,7.739814043045044,98.06053453683853,0.6905671446256234,142.0,0.0,0.0,0.0,0.5271197910229048,-0.16344735360271856,0.0009375342738021959,0.37262130523441545,1.3518610981253671,33.187072207999186
0.8,1.0,1.0,29,0,4.8972249031066895,72.46567571163177,0.7963261067212283,91.0,0.0,0.0,0.0,0.7637877172893948,-0.032538389431833514,0.0157465952500287,0.25067748155977043,1.7754084819743594,29.529923750336387
0.9,0.9,match,29,0,11.79497241973877,178.60004645586014,0.8008970693087899,223.0,0.0,0.0,0.0,0.6154086225926205,-0.18548844671616938,0.0009247722829040622,0.21767312695059274,1.91500883509359,34.42634777312102
0.9,1.0,1.0,29,0,1.702453374862671,20.12014150619507,0.7185764823641095,28.0,0.0,0.0,0.0,0.45658731060447516,-0.2619891717596344,0.008956586620856629,0.33239206458841053,1.196430167316326,39.923586329721466
1.0,1.0,match,29,0,11.758941411972046,149.15129953622818,0.6810561622658821,219.0,0.0,0.0,0.0,0.5113908756874639,-0.16966528657841817,0.0010958201873423905,0.36246291773402256,1.8210459004866477,36.45498299733155
1.0,1.0,1.0,29,0,7.075347185134888,109.34996819496155,0.82840884996183,132.0,0.0,0.0,0.0,0.6591404259226192,-0.16926842403921072,0.0014460350189216733,0.2064562410285527,1.2900050455478556,30.99442258892005
1.2,1.2,match,29,0,7.086557388305664,83.88311731815338,0.6307001302116796,133.0,0.0,0.0,0.0,0.38834874749635206,-0.24235138271532752,0.0009972732667809698,0.3781023772531434,1.2822994261286818,34.809634315204384
1.2,1.0,1.0,29,0,7.468566417694092,112.48194360733032,0.8092226158800743,139.0,0.0,0.0,0.0,0.7323578045150076,-0.07686481136506662,0.01400917250303673,0.25551266445637605,1.0953550644808536,31.11672560949894
1.4,1.4,match,29,0,1.7655365467071533,22.09709495306015,0.7619687914848328,29.0,0.0,0.0,0.0,0.6989902917827878,-0.06297849970204494,0.0007349188328475975,0.27324123487904156,1.1766094904521416,38.4162162936789
1.4,1.0,1.0,29,0,2.3240535259246826,29.342790842056274,0.7335697710514069,40.0,0.0,0.0,0.0,0.5219182898887457,-0.2116514811626612,0.022908609533586945,0.33629065565764904,1.806608655117452,34.59096459509712
1.7,1.7,match,29,0,6.158404588699341,81.41638314723969,0.7141787995371902,114.0,0.0,0.0,0.0,0.4859547112631587,-0.2282240882740315,0.0004237575708188627,0.34425264822417184,1.412529463928781,33.69320305325039
1.7,1.0,1.0,29,0,5.701148986816406,42.97018927335739,0.40923989784149895,105.0,0.0,0.0,0.0,0.18613599696590638,-0.22310390087559256,0.03722843196793782,0.5618037176628907,1.6327205332262176,41.26422071300308
2.0,2.0,match,29,0,9.821998596191406,106.93827509880066,0.5749369628967778,186.0,0.0,0.0,0.0,0.2570115347216661,-0.31792542817511166,0.0006769717200325898,0.3693451583585752,1.5299359475092222,38.60037052674439
2.0,1.0,1.0,29,0,8.121115922927856,112.70477092266083,0.7513651394844055,150.0,0.0,0.0,0.0,0.5745579947923753,-0.17680714469203018,0.038511070454080636,0.3285850412150224,1.3485835267106692,33.23129280531918
0.5,0.5,match,30,0,5.134040355682373,-0.6349724531173706,-0.006827660786208286,93.0,0.0,0.0,0.002303880453046472,-0.6677989795672424,-0.6609713187810341,0.001966272776140544,0.7822474048182528,1.2941825827283244,39.866362199441404
0.5,1.0,1.0,30,0,1.0989000797271729,11.979392111301422,0.7487120069563389,16.0,0.0,0.0,0.0,0.7561136364936829,0.007401629537344023,0.08369126670683423,0.3233511617872864,1.5893892629537731,45.10542434924094
0.6,0.6,match,30,0,1.7778115272521973,23.67996859550476,0.7893322865168254,30.0,0.0,0.0,0.0,0.632717529247547,-0.15661475726927843,0.0014485781979335021,0.27091800098617874,0.9103010826433698,37.89100477687682
0.6,1.0,1.0,30,0,0.8524124622344971,9.823293566703796,0.8186077972253164,12.0,0.0,0.0,0.0,0.7308362830768932,-0.08777151414842321,0.03449245330623605,0.20923815481364727,0.7830107683936754,37.78803642582873
0.7,0.7,match,30,0,8.087829351425171,96.6970591545105,0.6489735513725536,149.0,0.0,0.0,0.0,0.44892066659254803,-0.2000528847800056,0.0017600919438253899,0.3924743123102508,1.8074331893116835,35.36046431161444
0.7,1.0,1.0,30,0,1.3718163967132568,17.57704758644104,0.7989567084745928,22.0,0.0,0.0,0.0,0.7401375657036191,-0.058819142770973665,0.027706682803996262,0.21809417779811405,1.3402538348666646,35.4860559154474
0.8,0.8,match,30,0,8.817030668258667,127.8154661655426,0.7793625985703817,164.0,0.0,0.0,0.0,0.5821124106599875,-0.19725018791039417,0.0013607253731244078,0.2538571210049956,1.7675488814257267,34.59183222766577
0.8,1.0,1.0,30,0,2.8094329833984375,39.69448637962341,0.8269684662421545,48.0,0.0,0.0,0.0,0.7631741724115737,-0.06379429383058077,0.014026023655575006,0.23249006822394827,1.0569279912548761,38.18905162832716
0.9,0.9,match,30,0,5.208349704742432,74.54894822835922,0.7930739173229705,94.0,0.0,0.0,0.0,0.731664809168026,-0.06140910815494449,0.00048068796937875824,0.2721772158290557,1.2990286347674245,34.691953717463576
0.9,1.0,1.0,30,0,8.513526678085327,116.5053842663765,0.7468293863229263,156.0,0.0,0.0,0.0,0.529947178834869,-0.2168822074880573,0.008732375983268984,0.3233031283896894,1.2342356299766555,32.528107019453664
1.0,1.0,match,30,0,8.438024282455444,66.37422144412994,0.42009000914006295,158.0,0.0,0.0,0.0,0.1965019669662568,-0.22358804217380615,0.0006975637253513333,0.5469661386730739,2.021883892484858,35.81500658611466
1.0,1.0,1.0,30,0,5.244182586669922,76.19280564785004,0.8020295331352636,95.0,0.0,0.0,0.0,0.5172978089131574,-0.28473172422210624,0.000680131881066932,0.2009537771050083,0.9271470061650402,29.58465297952004
1.2,1.2,match,30,0,9.414509773254395,123.12077897787094,0.7035473084449768,175.0,0.0,0.0,0.0,0.4877419505139877,-0.2158053579309891,0.001210457110154632,0.33783956570284707,1.5912023443196501,31.42018100307244
1.2,1.0,1.0,30,0,17.986162900924683,197.96487414836884,0.5771570674879558,343.0,0.0,0.0,0.0,0.32850088759418034,-0.24865617989377548,0.018084325456967282,0.4054837417503705,1.8827436383237992,37.00207897925589
1.4,1.4,match,30,0,5.154104948043823,16.851358354091644,0.17738271951675416,95.0,0.0,0.0,0.0,-0.20595807268066293,-0.3833407921974171,0.002274430569717337,0.6578785936691259,1.911892660275886,50.74228881771417
1.4,1.0,1.0,30,0,6.609046697616577,88.87375116348267,0.7284733701924808,122.0,0.0,0.0,0.0,0.5843260521300075,-0.14414731806247327,0.026730363504491622,0.33077850237061257,1.935990499118801,35.44555901539224
1.7,1.7,match,30,0,9.617931604385376,140.26935356855392,0.7792741864919662,180.0,0.0,0.0,0.0,0.5978188280265924,-0.18145535846537386,0.0010794018740286533,0.24744102578196261,1.796433039309664,39.21592347380764
1.7,1.0,1.0,30,0,10.328894138336182,128.62793666124344,0.659630444416633,195.0,0.0,0.0,0.0,0.5495771565234538,-0.11005328789317914,0.03883089520128386,0.414100868990406,1.3812257072864436,36.572943863047456
2.0,2.0,match,30,0,5.815046548843384,65.02069675922394,0.6076700631703171,107.0,0.0,0.0,0.0,0.31118182876621775,-0.2964882344040994,0.0014081367448595284,0.3907757347153726,1.3300894236488041,38.60227383337271
2.0,1.0,1.0,30,0,9.138090372085571,123.32267153263092,0.7297199498972243,169.0,0.0,0.0,0.0,0.6156779778012562,-0.11404197209596811,0.04988151712403158,0.32940426646296445,1.6314827848402178,36.71775339848123
0.5,0.5,match,31,0,18.921735763549805,221.0662743449211,0.6157834939969947,359.0,0.0,0.0,0.0015299733790442836,0.3972433475977819,-0.21854014639921282,0.0013961689314468757,0.4888301023118675,1.0638728717751904,28.147146585457985
0.5,1.0,1.0,31,0,0.5080010890960693,3.8397809863090515,0.7679561972618103,5.0,0.0,0.0,0.0,0.7444975525140762,-0.02345864474773407,0.048016413347795606,0.22973397970199586,0.2337932050228119,33.595445996432595
0.6,0.6,match,31,0,3.344855546951294,36.92893064022064,0.6259140786478075,59.0,0.0,0.0,8.414531576222387e-06,0.4431504465816221,-0.18276363206618534,0.0007882643547218479,0.43533571601166565,1.7119200304781987,33.548359028328825
0.6,1.0,1.0,31,0,1.431736707687378,17.20740818977356,0.78215491771698,22.0,0.0,0.0,0.0,0.7268964875312078,-0.055258430185772145,0.056047234839449324,0.2831789189102975,1.2580550695684822,33.41046792272955
0.7,0.7,match,31,0,3.0642800331115723,41.59435248374939,0.7562609542499888,55.0,0.0,0.0,0.0,0.7067215221899527,-0.04953943206003619,0.0008959675442088997,0.33360048044811597,1.2477449218657883,36.14277659757197
0.7,1.0,1.0,31,0,2.872903823852539,32.89963632822037,0.6579927265644073,50.0,0.0,0.0,0.0,0.5023603837709038,-0.15563234279350358,0.028963399378639856,0.421941886767745,1.512853657901287,38.71894011788726
0.8,0.8,match,31,0,8.716868877410889,114.23973017930984,0.6923620010867263,165.0,0.0,0.0,0.0,0.46032503192744606,-0.23203696915928024,0.0014107261533767331,0.36175297503218506,1.7709976699541916,33.350997628291275
0.8,1.0,1.0,31,0,1.677058219909668,19.45903468132019,0.7484244108200073,26.0,0.0,0.0,0.0,0.6209101939201355,-0.12751421689987186,0.029279349963180722,0.3367428556084633,0.8828881500432124,39.821333090605144
0.9,0.9,match,31,0,8.485958814620972,103.4093382358551,0.6628803733067635,156.0,0.0,0.0,0.0,0.49835478588938714,-0.16452558741737638,0.0012108340294895653,0.3908386457806978,1.7574594902256742,40.50990877239863
0.9,1.0,1.0,31,0,2.9952657222747803,35.48981189727783,0.6696190924014686,53.0,0.0,0.0,0.0,0.5382463149726391,-0.13137277742882947,0.010614799913198043,0.41290365974858123,1.6077029788339476,35.21080025744224
1.0,1.0,match,31,0,8.077901840209961,109.01775181293488,0.721971866310827,151.0,0.0,0.0,0.0,0.5080231878161431,-0.2139486784946839,0.0018417848352873989,0.34934448659888756,1.473897317930168,30.95608498407532
1.0,1.0,1.0,31,0,7.963011980056763,83.92067921161652,0.5632260349772921,149.0,0.0,0.0,0.0,0.13711369813520563,-0.42611233684208644,0.0012454767429640138,0.4160970872480597,1.6450080987528566,37.25489316903809
1.2,1.2,match,31,0,7.591519117355347,92.96982908248901,0.6547171062147114,142.0,0.0,0.0,0.0,0.4156911739062333,-0.23902593230847807,0.0010837234983086066,0.3924471663547234,1.7697660660790935,38.21298240362008
1.2,1.0,1.0,31,0,7.767490863800049,110.80361086130142,0.7694695198701488,144.0,0.0,0.0,0.0,0.5513736412085436,-0.21809587866160518,0.013806925582824849,0.28944920776929295,1.7544461053330451,33.88063701853961
1.4,1.4,match,31,0,5.128049373626709,20.945570051670074,0.2228252133156391,94.0,0.0,0.0,0.0,-0.2942402715324074,-0.5170654848480465,0.002154764949996353,0.6508942693471909,1.4324317647421614,39.162020942034616
1.4,1.0,1.0,31,0,4.071636199951172,52.80520135164261,0.7040693513552347,75.0,0.0,0.0,0.0,0.5990392336168805,-0.10503011773835425,0.024728541460668517,0.3775688938299815,1.5746642304956913,33.93024889924303
1.7,1.7,match,31,0,15.401488780975342,171.12183862924576,0.5860336939357731,292.0,0.0,0.0,0.0,0.43346744160851164,-0.15256625232726145,0.0012759924582307664,0.46668288721511625,1.8227413904993501,35.51092845961853
1.7,1.0,1.0,31,0,3.1504180431365967,21.521063923835754,0.39129207134246824,55.0,0.0,0.0,0.0,0.0836346857594671,-0.30765738558300115,0.04269746784120798,0.5634969192472371,1.8666508847000924,41.5834352979095
2.0,2.0,match,31,0,8.439746141433716,83.98727345466614,0.5315650218649756,158.0,0.0,0.0,0.0,0.3283758766023786,-0.20318914526259696,0.0015809569056562825,0.5094225793086653,1.5536559528046394,39.83444299831353
2.0,1.0,1.0,31,0,3.2185611724853516,45.96028733253479,0.820719416652407,56.0,0.0,0.0,0.0,0.7744281096891923,-0.04629130696321471,0.04666773899543014,0.21474214822852186,1.823631859184908,33.60914600692317
0.5,0.5,match,32,0,7.011637926101685,38.67549192905426,0.2952327628172081,131.0,0.0,0.0,0.0015174377881451689,-0.23908345526657426,-0.5343162180837824,0.0014524704196604103,0.6594600203155562,1.18530606656186,33.93350418135838
0.5,1.0,1.0,32,0,1.0542314052581787,12.117574989795685,0.8078383326530456,15.0,0.0,0.0,0.0,0.7307360810892922,-0.07710225156375339,0.05964332855572658,0.24397271076838176,0.9952347353100777,36.52119110738783
0.6,0.6,match,32,0,10.505756616592407,126.3076274394989,0.6444266706096883,196.0,0.0,0.0,0.0,0.516351167513774,-0.1280755030959143,0.002072013736517711,0.41974021942943945,1.5806949037573852,33.882462585086756
0.6,1.0,1.0,32,0,1.2287895679473877,14.979675590991974,0.7884039784732618,19.0,0.0,0.0,0.0,0.7597846223248376,-0.028619356148424258,0.0700917376153585,0.2527086068140833,0.621254535808571,34.45096192599619
0.7,0.7,match,32,0,5.398794174194336,82.45501005649567,0.8245501005649567,100.0,0.0,0.0,0.0,0.7654262474088958,-0.059123853156060946,0.0018645302242765122,0.22180902214720846,1.5129316553473473,32.75756804404375
0.7,1.0,1.0,32,0,2.246915817260742,26.305337607860565,0.710955070482718,37.0,0.0,0.0,0.0,0.5261878218087885,-0.18476724867392946,0.02419638646986439,0.32684364260451215,1.8768495858923808,38.77891155604688
0.8,0.8,match,32,0,3.4356184005737305,51.40687769651413,0.8427356999428546,61.0,0.0,0.0,0.0,0.7900907774766286,-0.052644922466225985,0.0011251502172134073,0.2092472344453706,1.5503129863836727,31.077931532505882
0.8,1.0,1.0,32,0,8.230346918106079,111.52399957180023,0.7241818154013002,154.0,0.0,0.0,0.0,0.4534164844993867,-0.2707653309019135,0.02203125677648262,0.3036705518697763,1.4540116438617954,33.106775787802206
0.9,0.9,match,32,0,1.215005874633789,15.363304436206818,0.8085949703266746,19.0,0.0,0.0,0.0,0.715996139579349,-0.09259883074732556,0.004977095872378514,0.24749015928491166,1.567794796324482,34.56932616651588
0.9,1.0,1.0,32,0,9.59155797958374,136.28850549459457,0.7656657612055875,178.0,0.0,0.0,0.0,0.6524405654435609,-0.11322519576202661,0.01120678631514495,0.2701715281955228,1.5779166131416398,34.670158697423226
1.0,1.0,match,32,0,8.955765724182129,131.13052308559418,0.7899429101541818,166.0,0.0,0.0,0.0,0.5978555835896369,-0.19208732656454497,0.0013078754206644865,0.2548622527350503,1.250775724761637,29.39849988407041
1.0,1.0,1.0,32,0,15.642905473709106,230.71533036231995,0.7820858656349828,295.0,0.0,0.0,0.0,0.6340121894593345,-0.14807367617564837,0.0016331522731237022,0.2403893178234161,1.6392592825816343,35.94416968077351
1.2,1.2,match,32,0,7.177060127258301,85.52636820077896,0.6479270318240831,132.0,0.0,0.0,0.0,0.42969843555412446,-0.2182285962699586,0.0022171707768669363,0.40713327197414456,1.645050963443337,39.63261925671675
1.2,1.0,1.0,32,0,9.214027404785156,108.03919690847397,0.6281348657469417,172.0,0.0,0.0,0.0,0.36235255309059256,-0.2657823126563491,0.012747170813849828,0.4016589849191003,1.7830107639121369,37.70914232422938
1.4,1.4,match,32,0,7.911308765411377,104.0657325387001,0.7031468414777035,148.0,0.0,0.0,0.0,0.4183030252782058,-0.28484381619949767,0.000965485220157783,0.35577424397893453,1.42950909136719,33.92948323324409
1.4,1.0,1.0,32,0,14.401840686798096,162.40753173828125,0.6015093768084491,270.0,0.0,0.0,0.0,0.43584839864131963,-0.16566097816712944,0.028182078480069633,0.43999108524510155,1.5044939162347604,36.22981786354102
1.7,1.7,match,32,0,8.193196058273315,109.61123597621918,0.7211265524751261,152.0,0.0,0.0,0.0,0.5552346910664577,-0.1658918614086684,0.0009669768715378792,0.271832740375478,1.351951336108246,37.67072396694534
1.7,1.0,1.0,32,0,6.8408284187316895,106.69209223985672,0.8467626368242597,126.0,0.0,0.0,0.0,0.6566564927101135,-0.19010614411414617,0.02885459018032998,0.16289205830692063,1.416951550510786,29.666205656205776
2.0,2.0,match,32,0,5.95991849899292,61.50593787431717,0.5591448897665198,110.0,0.0,0.0,0.0,0.339301550402007,-0.21984333936451278,0.0005954078749495021,0.47713646373965524,1.554254353444346,36.62516741357807
2.0,1.0,1.0,32,0,5.249850511550903,80.21909981966019,0.8356156231214603,96.0,0.0,0.0,0.0,0.7815219847779525,-0.05409363834350778,0.03805693813452595,0.18566921927655736,1.8961451937211677,32.192474380842015
0.5,0.5,match,33,0,2.495670795440674,29.632389068603516,0.6734633879228071,44.0,0.0,0.0,0.0021564683248830397,0.2988819750675628,-0.3745814128552443,0.0008144045159576498,0.40604369630190457,0.9720206485891884,30.613017959486463
0.5,1.0,1.0,33,0,1.5324549674987793,18.32149028778076,0.7633954286575317,24.0,0.0,0.0,0.0,0.678808507711991,-0.08458692094554077,0.05234057527116459,0.31298968102782965,1.1781881327430408,31.19488435931181
0.6,0.6,match,33,0,5.874338150024414,89.90691184997559,0.8324714060182925,108.0,0.0,0.0,0.0,0.7591385841369629,-0.07333282188132961,0.001221827505796087,0.19704979411498816,1.6558272435364347,30.043275353563992
0.6,1.0,1.0,33,0,1.9342389106750488,24.882394552230835,0.7540119561282072,33.0,0.0,0.0,0.0,0.6604313654825091,-0.09358059064569801,0.04516470067028422,0.31664154091567703,1.0649255660898758,30.772671236701175
0.7,0.7,match,33,0,3.0452873706817627,35.759667336940765,0.687685910325784,52.0,0.0,0.0,0.0,0.4944314331400628,-0.19325447718572114,0.0016440597015639023,0.39336081207371676,1.5034263936372905,34.74833789644079
0.7,1.0,1.0,33,0,4.88998007774353,77.27545946836472,0.8586162163151635,90.0,0.0,0.0,0.0,0.809963980417573,-0.04865223589759049,0.027580814115608927,0.14735538862231706,1.3835082379480204,29.63035437675949
0.8,0.8,match,33,0,9.67616868019104,91.6200185418129,0.5061879477448227,181.0,0.0,0.0,0.0,0.17662404481735494,-0.32956390292746773,0.0015438104276111315,0.45225913869988854,1.385901286313053,36.15422431589079
0.8,1.0,1.0,33,0,4.968583106994629,44.30395072698593,0.4922661191887326,90.0,0.0,0.0,0.0,0.13615639888671008,-0.3561097203020225,0.01958018227668709,0.4957322578256329,1.9720265975428952,38.43310438376325
0.9,0.9,match,33,0,2.6173975467681885,33.35745018720627,0.7412766708268059,45.0,0.0,0.0,0.0,0.6253698061813008,-0.11590686464550515,0.0018558027546036597,0.3307361282201277,1.5632900048461225,32.88445184980151
0.9,1.0,1.0,33,0,5.984088897705078,80.7927098274231,0.7344791802493009,110.0,0.0,0.0,0.0,0.6236522789497715,-0.11082690129952943,0.014477217660195819,0.28875139360739427,1.8815816968340766,39.40319650461038
1.0,1.0,match,33,0,9.288516998291016,117.8028547167778,0.6731591698101589,175.0,0.0,0.0,0.0,0.43467331771877993,-0.23848585209137896,0.0012785267427702087,0.39934261764798845,1.4390808062947222,33.768942228968214
1.0,1.0,1.0,33,0,4.849313020706177,72.510209441185,0.8239796527407386,88.0,0.0,0.0,0.0,0.7916566708992268,-0.03232298184151183,0.0012421980870683533,0.21393393066881056,1.3879593505778096,28.285879322800255
1.2,1.2,match,33,0,8.145159721374512,105.60509675741196,0.7040339783827464,150.0,0.0,0.0,0.0,0.40311218492511736,-0.30092179345762904,0.0011246036126934104,0.3494211096813281,1.82932035771509,32.43333921076325
1.2,1.0,1.0,33,0,8.145179986953735,113.11327791213989,0.7441663020535519,152.0,0.0,0.0,0.0,0.6471468156931416,-0.09701948636041036,0.018255104561373345,0.352953727332581,1.5472041462352009,37.02215575918993
1.4,1.4,match,33,0,7.536346912384033,103.97667288780212,0.753454151360885,138.0,0.0,0.0,0.0,0.5820955012476303,-0.17135865011325468,0.001282820427448739,0.28058714595744794,1.5695899948207797,35.9246390443008
1.4,1.0,1.0,33,0,9.09705901145935,120.74786645174026,0.710281567363178,170.0,0.0,0.0,0.0,0.4294845454681378,-0.28079702189504024,0.02234784698598748,0.3615329249816782,1.221450652921682,29.74315292981103
1.7,1.7,match,33,0,12.844788789749146,152.99078381061554,0.6321933215314691,242.0,0.0,0.0,0.0,0.490177608109601,-0.14201571342186814,0.0006962193168821531,0.40206264692150856,1.5059351995895225,40.80306152456564
1.7,1.0,1.0,33,0,11.412139415740967,179.85455632209778,0.8365328201027804,215.0,0.0,0.0,0.0,0.6753205337178693,-0.16121228638491114,0.042491791818392376,0.17816795814609113,1.7334712834205739,33.83783594689406
2.0,2.0,match,33,0,9.407495498657227,128.17674219608307,0.7324385268347604,175.0,0.0,0.0,0.0,0.5424509428270247,-0.18998758400773574,0.001085618239709506,0.3248559483992202,1.5703698658730303,36.28075264545826
2.0,1.0,1.0,33,0,4.544153451919556,67.35063004493713,0.8213491468894772,82.0,0.0,0.0,0.0,0.7805187437269423,-0.040830403162534945,0.03756914401346427,0.24800852052413108,0.9264278848905388,30.67016262193681
0.5,0.5,match,34,0,5.609225749969482,36.842591881752014,0.3612018811936472,102.0,0.0,0.0,0.0023778799736781835,0.02132858690519882,-0.33987329428844837,0.0024968256108902445,0.6280888530845735,1.0510586329607987,37.05443472099345
0.5,1.0,1.0,34,0,0.6907458305358887,6.331185281276703,0.7913981601595879,8.0,0.0,0.0,0.0,0.685611367225647,-0.10578679293394089,0.24447965761646628,0.20249880757182837,1.1773225162178278,59.92335835079337
0.6,0.6,match,34,0,10.965806245803833,55.10171926021576,0.26748407407871727,206.0,0.0,0.0,4.761393477277058e-06,-0.06816813150965949,-0.3356522055883768,0.0018028141326406667,0.6678796359563915,1.820361679184784,38.29681244189354
0.6,1.0,1.0,34,0,1.1797897815704346,14.292890310287476,0.7940494616826376,18.0,0.0,0.0,0.0,0.6550449799088871,-0.13900448177375047,0.06957955787177472,0.25612007536821896,0.6687189406818814,37.415313718898496
0.7,0.7,match,34,0,20.41897940635681,259.8185698390007,0.669635489275775,388.0,0.0,0.0,0.0,0.5686013388714587,-0.10103415040431629,0.0027088212360192915,0.3733299015493123,1.7458351273761736,37.536663879293414
0.7,1.0,1.0,34,0,0.6945316791534424,6.7074021100997925,0.8384252637624741,8.0,0.0,0.0,0.0,0.7631504535675049,-0.07527481019496918,0.020889049894841655,0.12271701323334128,1.0469725048169494,41.15704622997404
0.8,0.8,match,34,0,5.823850631713867,87.39909380674362,0.8092508685809595,108.0,0.0,0.0,0.0,0.7064959468128525,-0.10275492176810697,0.0019060290408233584,0.19271764646853423,1.7469064315987959,36.74007422822241
0.8,1.0,1.0,34,0,5.652982473373413,82.06518870592117,0.8045606735874625,102.0,0.0,0.0,0.0,0.7569634182618397,-0.04759725532562287,0.018580950434679295,0.24064915677231244,1.4554659567919432,30.897821003821747
0.9,0.9,match,34,0,7.649284839630127,104.43393445014954,0.7303072339171296,143.0,0.0,0.0,0.0,0.5688784334572478,-0.16142880045988184,0.0037944117221119906,0.328936377865868,1.7990703466967062,33.243085614326276
0.9,1.0,1.0,34,0,8.908108711242676,120.69792830944061,0.7184400494609561,168.0,0.0,0.0,0.0,0.5579048098025922,-0.16053523965836392,0.011942166619143633,0.3149626317567059,1.9228765379770525,36.26723744633782
1.0,1.0,match,34,0,8.165896892547607,116.97207099199295,0.7645233398169474,153.0,0.0,0.0,0.0,0.5682186295682761,-0.19630471024867135,0.0036059417604839814,0.29425064579041954,1.3664155318675673,33.23652329394591
1.0,1.0,1.0,34,0,10.744574308395386,123.53721356391907,0.6115703641778172,202.0,0.0,0.0,0.0,0.47535779570525893,-0.13621256847255825,0.0009298814230969673,0.4191873689818353,1.675253032227185,36.91945075447315
1.2,1.2,match,34,0,5.7085981369018555,74.70153486728668,0.7182839891085258,104.0,0.0,0.0,0.0,0.5280745113358914,-0.1902094777726343,0.0007325767631441831,0.3040150312993389,1.17360530850979,34.31715288400074
1.2,1.0,1.0,34,0,10.423439502716064,139.15508288145065,0.7210107921318687,193.0,0.0,0.0,0.0,0.5601963403751142,-0.16081445175675446,0.015745710471795366,0.3260270574858769,1.7315976376128939,38.467848927391216
1.4,1.4,match,34,0,6.526525497436523,94.08761698007584,0.7840634748339653,120.0,0.0,0.0,0.0,0.662931247418668,-0.12113222741529728,0.0007855720308718079,0.25564900650642813,1.22796961410592,33.161052131511624
1.4,1.0,1.0,34,0,7.587418079376221,111.22629070281982,0.7944735050201416,140.0,0.0,0.0,0.0,0.7199609888543328,-0.07451251616580878,0.020931864535040725,0.26945479328652644,1.5907438446501536,32.552048675576785
1.7,1.7,match,34,0,9.300959348678589,139.7904028892517,0.7988023022242955,175.0,0.0,0.0,0.0,0.5988056970353441,-0.19999660518895135,0.0009181720904370321,0.2618910959682294,1.269773952492646,28.703016700768742
1.7,1.0,1.0,34,0,8.234413146972656,119.72865760326385,0.7774588156056095,154.0,0.0,0.0,0.0,0.6134198851445142,-0.1640389304610953,0.029369109407602963,0.2827065887002202,1.5424202129172233,32.254849745834655
2.0,2.0,match,34,0,12.789598226547241,124.01703488826752,0.5210799785221324,238.0,0.0,0.0,0.0,0.21038688297623195,-0.3106930955459004,0.0008797488584627227,0.3913326950884667,1.7226385886647873,39.66536684355476
2.0,1.0,1.0,34,0,8.691652536392212,123.70997267961502,0.7589568876050001,163.0,0.0,0.0,0.0,0.6138193743406899,-0.14513751326431024,0.04796198489328409,0.288562737188182,1.359713068471913,35.18289096088907
0.5,0.5,match,35,0,6.575926303863525,0.9608644247055054,0.007875937907422175,122.0,0.0,0.0,0.0017956749464900902,-0.48518757235012516,-0.49306351025754735,0.001412802644615088,0.7896856665916618,1.4724933770714237,39.55783618108197
0.5,1.0,1.0,35,0,1.8262393474578857,22.22350001335144,0.7168870972048852,31.0,0.0,0.0,0.0,0.5894149820009867,-0.12747211520389845,0.06423856213999292,0.34210427465938753,2.0266396143744068,38.55525455765376
0.6,0.6,match,35,0,6.989838600158691,91.05365991592407,0.7113567180931568,128.0,0.0,0.0,0.0,0.5137049872574844,-0.19765173083567245,0.001875593095929423,0.3491812600841513,1.9911282758694142,33.90292873376743
0.6,1.0,1.0,35,0,2.1616196632385254,27.07678073644638,0.7521327982346216,36.0,0.0,0.0,0.0,0.6410051218100956,-0.11112767642452603,0.04110052280926279,0.3247812806318204,1.0151746121959553,37.044904254845605
0.7,0.7,match,35,0,8.870766162872314,128.9102857708931,0.7719178788676233,167.0,0.0,0.0,0.0,0.6180086550134493,-0.15390922385417405,0.001966833528431051,0.25270486737930486,1.5903663740097405,31.516182583063035
0.7,1.0,1.0,35,0,1.413588523864746,19.08971267938614,0.8299875077993973,23.0,0.0,0.0,0.0,0.7780928584662351,-0.051894649333162235,0.04667353983016007,0.20650755727420683,0.8881473287373133,36.96913179021473
0.8,0.8,match,35,0,6.210254669189453,79.59143513441086,0.6920994359513988,115.0,0.0,0.0,0.0,0.5040412731141898,-0.188058162837209,0.0018447146042424385,0.3626905709181143,1.6477850201661173,34.96723463050156
0.8,1.0,1.0,35,0,6.784537076950073,107.23140662908554,0.8443417844809885,127.0,0.0,0.0,0.0,0.7574977936252715,-0.08684399085571703,0.022164987008427343,0.17978754770157374,1.7315478442808774,38.26022033332021
0.9,0.9,match,35,0,7.817538499832153,112.67698276042938,0.7770826397270992,145.0,0.0,0.0,0.0,0.5509039103829613,-0.22617872934413796,0.0007216002302262344,0.266981411699591,1.3934165329961428,33.221817931518636
0.9,1.0,1.0,35,0,13.979630947113037,179.09733027219772,0.6758389821592367,265.0,0.0,0.0,0.0,0.5754578428088941,-0.10038113935034254,0.011632888646338622,0.38215968326296446,1.6429737039683563,36.91299268752764
1.0,1.0,match,35,0,6.480147838592529,95.63581675291061,0.8244466961457811,116.0,0.0,0.0,0.0,0.704973128810525,-0.11947356733525616,0.0013436829809862778,0.22906848097798124,1.5772034077230712,34.77935707105292
1.0,1.0,1.0,35,0,13.330964803695679,189.49020332098007,0.7579608132839203,250.0,0.0,0.0,0.0,0.6347345655080844,-0.1232262477758359,0.0014556378906786724,0.2677893186733127,1.4343507327139378,33.13881986714206
1.2,1.2,match,35,0,6.691906213760376,88.25785499811172,0.7117568951460623,124.0,0.0,0.0,0.0,0.5301733034685617,-0.1815835916775006,0.0011129330191967555,0.2897115380488216,2.0685910532671596,37.929980757979905
1.2,1.0,1.0,35,0,10.323954820632935,157.11676222085953,0.8057269857479976,195.0,0.0,0.0,0.0,0.534549645325841,-0.2711773404221566,0.012305101321244459,0.23936310617778545,1.5126665891482471,28.59117571490182
1.4,1.4,match,35,0,6.799096345901489,98.69553434848785,0.802402718280389,123.0,0.0,0.0,0.0,0.640369885429343,-0.16203283285104597,0.0006989123319477048,0.25860484846966053,1.4513760379598877,32.87077195629417
1.4,1.0,1.0,35,0,9.24246096611023,138.71902084350586,0.801844051118531,173.0,0.0,0.0,0.0,0.66382299235827,-0.13802105876026094,0.019761034913583074,0.26031128730560316,1.2194204590137983,29.04340898274371
1.7,1.7,match,35,0,7.391677141189575,106.19489985704422,0.7751452544309797,137.0,0.0,0.0,0.0,0.5214723331497654,-0.2536729212812143,0.0006676618975702428,0.2644528295355339,1.6665983107076945,34.73981068072605
1.7,1.0,1.0,35,0,3.1502315998077393,33.89070498943329,0.6051911605255944,56.0,0.0,0.0,0.0,0.35363207213919273,-0.2515590883864017,0.039526308052749794,0.4421360104211739,1.6738957605723823,37.65976849248003
2.0,2.0,match,35,0,7.306643962860107,93.13484364748001,0.6898877307220742,135.0,0.0,0.0,0.0,0.5179390618716603,-0.17194866885041393,0.0013795698223373674,0.37652482717401453,1.2108806206396332,38.145845221093936
2.0,1.0,1.0,35,0,8.271332025527954,80.07437020540237,0.5199634428922232,154.0,0.0,0.0,0.0,0.07000456874569257,-0.44995887414653063,0.04751167287806572,0.382867932736922,1.843500212778325,40.059926397060835
0.5,0.5,match,36,0,10.151965856552124,106.01791989803314,0.5579890520949112,190.0,0.0,0.0,0.0015390133731579653,0.24312098255312,-0.31486806954179125,0.0016284916765524214,0.5183042707117764,1.0671010088371604,29.377206673947445
0.5,1.0,1.0,36,0,1.1131973266601562,13.298027098178864,0.7822368881281685,17.0,0.0,0.0,0.0,0.7334522977471352,-0.04878459038103333,0.07433056973968633,0.26914067960837307,1.490737043759402,39.30765590292274
0.6,0.6,match,36,0,2.481243371963501,28.49884581565857,0.6627638561781063,43.0,0.0,0.0,0.0,0.3916818055634697,-0.2710820506146366,0.0011530266069820798,0.3885604139677314,1.5530315358624902,31.053251884232985
0.6,1.0,1.0,36,0,1.269956350326538,15.982400178909302,0.7991200089454651,20.0,0.0,0.0,0.0,0.7310801430752403,-0.06803986587022481,0.08488673096718757,0.24983432469889522,0.9110998872667551,37.49915136775767
0.7,0.7,match,36,0,12.922730922698975,179.25658386945724,0.7407296854109804,242.0,0.0,0.0,0.0,0.6468363379541769,-0.09389334745680344,0.002496226898463383,0.33769758136881406,1.5061243876722479,34.82612486144134
0.7,1.0,1.0,36,0,5.848600625991821,82.93618714809418,0.7679276587786498,108.0,0.0,0.0,0.0,0.6389520190760632,-0.12897563970258652,0.032600662625333836,0.27701629584448206,1.3925811545664653,31.923235660742705
0.8,0.8,match,36,0,7.57079553604126,105.19885408878326,0.7460911637502359,141.0,0.0,0.0,0.0,0.5508689854826246,-0.19522217826761123,0.001985334708557015,0.3122374622336199,1.5015918292527926,32.671731559791276
0.8,1.0,1.0,36,0,4.1856911182403564,55.7439386844635,0.7432525157928467,75.0,0.0,0.0,0.0,0.6518529850888897,-0.09139953070395701,0.01821102439803449,0.3322353951136271,1.0047592528412739,36.930934428266966
0.9,0.9,match,36,0,11.570326805114746,174.35295271873474,0.8034698281969342,217.0,0.0,0.0,0.0,0.7179817847079701,-0.0854880434889641,0.0013146801016558937,0.2386082407507685,1.5369276902144817,32.89523661141431
0.9,1.0,1.0,36,0,1.2856533527374268,15.061501622200012,0.7927106116947374,19.0,0.0,0.0,0.0,0.717647973034117,-0.07506263866062046,0.01674697694963672,0.23872641768110425,1.1422520983768136,40.41277804559354
1.0,1.0,match,36,0,9.58706521987915,133.01866364479065,0.7431210259485511,179.0,0.0,0.0,0.0,0.5729607991204503,-0.17016022682810084,0.0004394125545543324,0.32459595268748326,1.51901146681074,32.05009396157535
1.0,1.0,1.0,36,0,6.5915117263793945,98.66531485319138,0.808732088960585,122.0,0.0,0.0,0.0,0.7235371403950305,-0.08519494856555454,0.001847502246406774,0.19598375924206415,1.871922976780133,36.74374842549209
1.2,1.2,match,36,0,4.53787636756897,59.08532464504242,0.720552739573688,82.0,0.0,0.0,0.0,0.29516858607530594,-0.4253841534983821,0.0024220206785595323,0.3439413569867611,1.6537457542357648,33.89239009989556
1.2,1.0,1.0,36,0,2.7991669178009033,37.28135931491852,0.7766949857274691,48.0,0.0,0.0,0.0,0.6796526604510368,-0.0970423252764323,0.01425231193895749,0.31590749346651137,1.2988635968261708,33.0294410573541
1.4,1.4,match,36,0,10.15211534500122,153.2804850935936,0.8025156287622701,191.0,0.0,0.0,0.0,0.6987096477937149,-0.1038059809685552,0.0010811121696477992,0.2338897237037333,1.451537635050597,34.05105204160839
1.4,1.0,1.0,36,0,5.333170175552368,56.692563354969025,0.590547534947594,96.0,0.0,0.0,0.0,0.4107166225188657,-0.17983091242872834,0.024411446491476932,0.43963691578634706,1.8941923706249024,38.311342575570606
1.7,1.7,match,36,0,7.220182657241821,99.76545822620392,0.7390033942681772,135.0,0.0,0.0,0.0,0.5067521069588056,-0.2322512873093716,0.0013695726530605198,0.31091353064058,1.2307407582799594,35.85433282502738
1.7,1.0,1.0,36,0,5.436291933059692,80.80197131633759,0.8161815284478544,99.0,0.0,0.0,0.0,0.6332107518172386,-0.18297077663061578,0.03770585814776013,0.2292857165777623,1.6277859962046748,36.50676943114454
2.0,2.0,match,36,0,7.3792150020599365,101.9467601776123,0.7496085307177376,136.0,0.0,0.0,0.0,0.4916676005762484,-0.25794093014148917,0.0009371961685347843,0.29664594384239,1.8036008040311144,35.10352339729765
2.0,1.0,1.0,36,0,2.6959545612335205,36.15716773271561,0.7860253854938175,46.0,0.0,0.0,0.0,0.6800899373160468,-0.10593544817777067,0.0499554722259442,0.2675601870793363,1.7806946193070516,37.921964886819985
0.5,0.5,match,37,0,8.44225525856018,64.8982824087143,0.4107486228399639,158.0,0.0,0.0,0.0015120002114663352,0.17423743946673526,-0.23651118337322863,0.0005056190142572429,0.5818233023150058,0.9737565823700987,32.474858865180224
0.5,1.0,1.0,37,0,1.1100335121154785,13.387776553630829,0.787516267860637,17.0,0.0,0.0,0.0,0.7027790546417236,-0.08473721321891337,0.08262453664792702,0.20738141939920537,1.6773041697109448,35.414441180326065
0.6,0.6,match,37,0,4.768422603607178,55.34312903881073,0.6288991936228492,88.0,0.0,0.0,5.609687717481591e-06,0.4752612552423587,-0.1536379383804905,0.0011614267634479478,0.4569892766462131,1.8997366211842746,34.792127844242906
0.6,1.0,1.0,37,0,2.559040069580078,14.16426968574524,0.3219152201305736,44.0,0.0,0.0,0.0,-0.04573558886037316,-0.36765080899094676,0.06995437312654632,0.5683297749862752,1.6370989601127803,57.28761012892464
0.7,0.7,match,37,0,10.357443809509277,152.42918783426285,0.7857174630632106,194.0,0.0,0.0,0.0,0.6429393724224728,-0.14277809064073776,0.0014519483536373935,0.268345358032618,1.764631665609393,32.98618236812007
0.7,1.0,1.0,37,0,4.947698593139648,70.11787366867065,0.7705260842711061,91.0,0.0,0.0,0.0,0.7191393047571182,-0.05138677951398796,0.02957607060800203,0.28909256656214105,1.0859904002684813,34.521389230113535
0.8,0.8,match,37,0,7.221060752868652,102.08013081550598,0.7505891971728381,136.0,0.0,0.0,0.0,0.5526973629784253,-0.1978918341944128,0.001462899326187889,0.26515277054653885,1.7322487607735264,32.0781182898221
0.8,1.0,1.0,37,0,2.841966152191162,39.61848425865173,0.7768330246794457,51.0,0.0,0.0,0.0,0.6792574799060822,-0.0975755447733635,0.01346720582107082,0.3162688573493677,1.5574383253560347,33.36558599070573
0.9,0.9,match,37,0,8.598111867904663,117.6866654753685,0.7355416592210531,160.0,0.0,0.0,0.0,0.6712096226665208,-0.06433203655453223,0.001222232047179771,0.3416854267939925,1.8924826561007648,34.144536143425746
0.9,1.0,1.0,37,0,7.163583517074585,100.60045003890991,0.7621246215068933,132.0,0.0,0.0,0.0,0.5992085921172877,-0.1629160293896056,0.007965027360656149,0.2837814718597766,1.5870381027290767,31.989987674610198
1.0,1.0,match,37,0,7.5469810962677,95.95405060052872,0.6805251815640334,141.0,0.0,0.0,0.0,0.4830963909892099,-0.1974287905748235,0.000542899427606309,0.3780192679177362,1.5695059841881829,39.90455149047303
1.0,1.0,1.0,37,0,7.012702226638794,37.35233277082443,0.21843469456622475,171.0,0.0,0.0,0.0,-0.2562980793197365,-0.47473277388596125,0.0009507624484473019,0.6381605714123849,1.50685506777522,38.175391098787394
1.2,1.2,match,37,0,5.764882326126099,167.156190097332,0.8234295078686306,203.0,0.0,0.0,0.0,0.740685571095731,-0.0827439367728996,0.0011740510712012237,0.20616619598138802,1.5410189926257274,34.249968561755615
1.2,1.0,1.0,37,0,2.570448875427246,71.76710593700409,0.8443188933765187,85.0,0.0,0.0,0.0,0.7900147207436108,-0.05430417263290788,0.012638738514007335,0.16303231659180978,1.1778912073549102,28.39763358938799
1.4,1.4,match,37,0,4.141568183898926,85.64843338727951,0.6117745241948537,140.0,0.0,0.0,0.0,0.28173029752408,-0.33004422667077365,0.0011093007118665645,0.45249465379331794,1.4149778901466301,34.087863605675686
1.4,1.0,1.0,37,0,1.7864511013031006,39.337388694286346,0.6556231449047725,60.0,0.0,0.0,0.0,0.4978813006211135,-0.15774184428365895,0.02696085049597136,0.43396907684703667,1.9612645032505194,40.40603311455411
1.7,1.7,match,37,0,1.5556843280792236,33.708311915397644,0.6741662383079529,50.0,0.0,0.0,0.0,0.5760786594176779,-0.09808757889027497,0.0010686506158092423,0.361341198682785,1.9167250092327595,40.920801855977025
1.7,1.0,1.0,37,0,4.450159788131714,123.37174248695374,0.7858072769869665,157.0,0.0,0.0,0.0,0.7226214512036397,-0.06318582578332677,0.03137592769538363,0.27129067183371375,1.3088793851862288,31.22169068330519
2.0,2.0,match,37,0,5.393931150436401,108.60095149278641,0.5902225624607957,184.0,0.0,0.0,0.0,0.41976558448889295,-0.1704569779719028,0.0010609791197231195,0.4586647346453822,1.5032534978109533,42.4349401346428
2.0,1.0,1.0,37,0,4.507403612136841,114.67326617240906,0.7446315985221368,154.0,0.0,0.0,0.0,0.6392052372296652,-0.10542636129247163,0.047758327946188596,0.30558455445162663,1.4519522417602795,36.187364715623794
0.5,0.5,match,38,0,1.700026273727417,29.027708053588867,0.5277765100652522,55.0,0.0,0.0,0.004579468568273889,0.03368614577791757,-0.4940903642873346,0.000758778445043828,0.4807392344217409,0.9505201115865599,32.1601034638437
0.5,1.0,1.0,38,0,0.5055456161499023,8.96627527475357,0.7471896062294642,12.0,0.0,0.0,0.0,0.43947518345984543,-0.30771442276961875,0.2729641159742393,0.2842880580574274,0.8411440116663774,60.75115920688983
0.6,0.6,match,38,0,5.3270204067230225,101.42952471971512,0.5634973595539728,180.0,0.0,0.0,0.0,0.42566927489122197,-0.13782808466275087,0.001612203346562037,0.4733330765014721,1.7289694614501463,39.79025301407766
0.6,1.0,1.0,38,0,0.8497765064239502,17.529456555843353,0.7621502850366675,23.0,0.0,0.0,0.0,0.6412660750475797,-0.12088420998908778,0.05311629267155447,0.2745744731763135,1.0551447696659877,35.881843745131874
0.7,0.7,match,38,0,2.7877702713012695,50.06055700778961,0.5501160110746112,91.0,0.0,0.0,0.0,0.3937827099218137,-0.15633330115279748,0.0014529762612558747,0.49269095349770325,1.4983383316423866,40.10903030013737
0.7,1.0,1.0,38,0,4.520280838012695,110.49966156482697,0.7175302699014738,154.0,0.0,0.0,0.0,0.6378841173220304,-0.07964615257944341,0.03736972059138436,0.33952613751851507,1.8332202573149623,34.77713809790609
0.8,0.8,match,38,0,5.860543727874756,149.41987854242325,0.7546458512243598,198.0,0.0,0.0,0.0,0.5901684886232246,-0.1644773626011352,0.0019263375805040669,0.27780898701813483,1.5973961078608878,34.574519956012814
0.8,1.0,1.0,38,0,2.608959436416626,73.4208557009697,0.8343279056928374,88.0,0.0,0.0,0.0,0.8073619460237438,-0.026965959669093653,0.010761878617782274,0.21024365776578302,1.2121044656219468,30.072697243995766
0.9,0.9,match,38,0,3.2748842239379883,78.57986795902252,0.7143624359911138,110.0,0.0,0.0,0.0,0.6399100228733973,-0.07445241311771655,0.0013001864189716615,0.3615599451417273,1.542687411030585,34.08719763057219
0.9,1.0,1.0,38,0,6.253263473510742,117.48558104038239,0.5787467046324255,203.0,0.0,0.0,0.0,0.46474751558542104,-0.11399918904700446,0.009563890046475796,0.49972637518873353,1.94811617336213,33.3947668006493
1.0,1.0,match,38,0,2.597179889678955,70.86687296628952,0.8145617582332129,87.0,0.0,0.0,0.0,0.5700947600308546,-0.2444669982023583,0.002526139923562305,0.1942555465061089,1.4150571171408413,31.95297571866783
1.0,1.0,1.0,38,0,4.205593585968018,25.544974327087402,0.18246410233633858,140.0,0.0,0.0,0.0,-0.26599547190913303,-0.4484595742454716,0.001114975114220385,0.6669706269300409,1.627512096054852,40.79189950618721
1.2,1.2,match,38,0,2.155467987060547,44.65588927268982,0.6379412753241402,70.0,0.0,0.0,0.0,0.52906893906386,-0.10887233626028026,0.0013396557008069278,0.42740322697375505,1.5101865870478963,36.8845911767429
1.2,1.0,1.0,38,0,3.915360689163208,104.42261290550232,0.779273230638077,134.0,0.0,0.0,0.0,0.5661336695565317,-0.2131395610815453,0.014939818656987435,0.2583447748850753,1.3502935270375724,34.51466991482365
1.4,1.4,match,38,0,2.6225974559783936,52.81939488649368,0.6141790103080661,86.0,0.0,0.0,0.0,0.47705880394753286,-0.13712020636053324,0.00081231433644943,0.4547700837449452,1.5678285484657037,35.79455577604151
1.4,1.0,1.0,38,0,5.128188848495483,103.0597556233406,0.7468098233575406,138.0,0.0,0.0,0.0,0.5553454200390482,-0.19146440331849246,0.022626954900699048,0.3139088990409737,1.3374296726146038,32.28127107290809
1.7,1.7,match,38,0,7.247861385345459,97.6569693684578,0.7287833534959537,134.0,0.0,0.0,0.0,0.6092791469921743,-0.11950420650377935,0.0011872991364137654,0.3352975317992882,1.646762639617742,37.782457189540985
1.7,1.0,1.0,38,0,7.9855616092681885,118.42450624704361,0.79479534393989,149.0,0.0,0.0,0.0,0.4732924989751867,-0.3215028449647033,0.031922472416693846,0.2341454068211301,1.3226181943119573,29.885322852004794
2.0,2.0,match,38,0,8.175212144851685,106.2682135105133,0.694563486996819,153.0,0.0,0.0,0.0,0.5814235850304709,-0.11313990196634816,0.001465853644551143,0.351184942802183,1.5331837533930548,41.14577837287298
2.0,1.0,1.0,38,0,9.279960870742798,130.51929241418839,0.7501108759436114,174.0,0.0,0.0,0.0,0.5564339928372057,-0.19367688310640563,0.055558562284130926,0.3108939727468566,1.5481557381264437,36.974049397417765
0.5,0.5,match,39,0,4.105479955673218,14.185794532299042,0.18914392709732056,75.0,0.0,0.0,0.001446321526010571,-0.32580560318672575,-0.5149495302840463,0.0023366638234908867,0.6692488145828247,0.6675825106352568,37.86032060538808
0.5,1.0,1.0,39,0,1.0587997436523438,12.116944193840027,0.7573090121150017,16.0,0.0,0.0,0.0,0.6429298142592113,-0.11437919785579043,0.11455882359296084,0.2630220609717071,0.6351718315854669,45.03174882515887
0.6,0.6,match,39,0,5.170289993286133,45.785095512866974,0.4870754841794359,94.0,0.0,0.0,0.0,0.24566037506265667,-0.24141510911677924,0.0009514746643837439,0.5342986406163966,1.6652131416696183,35.07644056393647
0.6,1.0,1.0,39,0,0.9703447818756104,11.261123657226562,0.804365975516183,14.0,0.0,0.0,0.0,0.7322050103774438,-0.07216096513873926,0.045282204957822196,0.25225219982010977,0.7550496948616845,42.864198365502645
0.7,0.7,match,39,0,2.6068997383117676,27.79123604297638,0.6463078149529391,43.0,0.0,0.0,0.0,0.36721084284640493,-0.27909697210653417,0.0004642785408815966,0.41545431021341056,1.1624089351227118,31.20631855793352
0.7,1.0,1.0,39,0,1.7131376266479492,22.639916598796844,0.8085684499570301,28.0,0.0,0.0,0.0,0.6790688435236613,-0.12949960643336889,0.023148999618435348,0.2573348225227424,0.9389915846820388,30.477812288052395
0.8,0.8,match,39,0,11.93631362915039,163.8730946779251,0.7283248652352227,225.0,0.0,0.0,0.0,0.582951660908293,-0.14537320432692968,0.0008093345475871214,0.3591677804953522,1.8093011633472311,30.045969822902062
0.8,1.0,1.0,39,0,2.106616258621216,28.88371706008911,0.8023254738913642,36.0,0.0,0.0,0.0,0.7227745771408081,-0.07955089675055615,0.026227657423753825,0.2595837128659089,1.9612701742185488,37.00958114154747
0.9,0.9,match,39,0,8.948342323303223,130.4795639514923,0.7720684257484752,169.0,0.0,0.0,0.0,0.5686806272271843,-0.20338779852129096,0.0026372035606419516,0.25757809048628755,1.684325049262075,34.53929164046438
0.9,1.0,1.0,39,0,10.72129487991333,145.60324662923813,0.7243942618370056,201.0,0.0,0.0,0.0,0.5552274366596248,-0.1691668251773808,0.010631581710185856,0.3493057481332946,1.953247255705927,33.19814677050539
1.0,1.0,match,39,0,10.321853876113892,141.918082177639,0.735326850661342,193.0,0.0,0.0,0.0,0.6005575589758033,-0.13476929168553864,0.0020811952560499947,0.3489702801784703,1.242755048324407,30.28399942024932
1.0,1.0,1.0,39,0,8.050354242324829,97.45893281698227,0.6454233961389554,151.0,0.0,0.0,0.0,0.47399125441132733,-0.17143214172762805,0.0010547125589308356,0.40455004546964013,1.5157415467123223,34.1109575456954
1.2,1.2,match,39,0,8.526319980621338,109.42387056350708,0.688200443795642,159.0,0.0,0.0,0.0,0.42777607396622247,-0.2604243698294196,0.001037787925832548,0.3594300821892121,1.7177987167107984,36.093950727983156
1.2,1.0,1.0,39,0,11.902771711349487,172.2915536761284,0.7657402385605706,225.0,0.0,0.0,0.0,0.5694094989199324,-0.19633073964063819,0.016384623756777357,0.2895701939778195,1.5771405015471909,34.20751881282148
1.4,1.4,match,39,0,15.617033004760742,194.8288695216179,0.6649449471727573,293.0,0.0,0.0,0.0,0.5150403985179552,-0.14990454865480207,0.0013485256911735925,0.39180461104971964,1.78324214323605,37.299322160772824
1.4,1.0,1.0,39,0,6.94196343421936,103.0598195195198,0.7989133296086807,129.0,0.0,0.0,0.0,0.6727251148840878,-0.12618821472459285,0.02473877254897161,0.25442060299737507,1.529467419887236,33.81619584583633
1.7,1.7,match,39,0,8.363974571228027,90.30742132663727,0.5752065052652056,157.0,0.0,0.0,0.0,0.37915479549421716,-0.1960517097709884,0.0005743194359046683,0.4241087771299633,1.5809268674747958,42.79663478347728
1.7,1.0,1.0,39,0,5.44746470451355,45.43832492828369,0.4543832492828369,100.0,0.0,0.0,0.0,0.03349201943762977,-0.42089122984520716,0.041194442852466095,0.4909634729847312,1.2077418561279774,36.78678605595243
2.0,2.0,match,39,0,6.819646120071411,92.81696718931198,0.7366425967405713,126.0,0.0,0.0,0.0,0.545889946013689,-0.1907526507268823,0.0009657178783381823,0.31643209590517457,1.5462445667575275,35.49695415209982
2.0,1.0,1.0,39,0,6.463078498840332,92.55513554811478,0.7712927962342898,120.0,0.0,0.0,0.0,0.563090695843038,-0.20820210039125187,0.04679765738742504,0.258010590976725,1.4873599471213916,33.583183233968484
