plant,seed,d_ret,d_steps,d_rmean,d_vel_err,prefix_T,d_prefix_rew,nom_qvel_lag1,true_qvel_lag1,nom_qvel_lag1_min,true_qvel_lag1_min,nom_hf_ratio,true_hf_ratio,nom_sat_frac,true_sat_frac,nom_act_abs,true_act_abs,nom_act_edge_frac,true_act_edge_frac
0.5,0,-19.591058909893036,-61.0,0.42485112156988925,-0.3978381796834477,8.0,0.0007174015045166016,-0.3990915937735126,0.3062993105159203,-0.8765366453753538,-0.5435166555920793,2.91332862135285,1.2580239368034352,0.0,0.0,0.2678585946559906,0.3353673219680786,0.0,0.01844532279314888
0.5,1,-18.9012668132782,-58.0,0.40762131645114075,-0.3786870380168531,9.0,0.018399536609649658,0.2751123468087979,0.3961423283047608,-0.5324115532277354,-0.010770152950768467,1.0943467609433786,1.2135714813457708,0.0,0.0013568521031207597,0.32936403155326843,0.30291926860809326,0.050505050505050504,0.016282225237449117
0.5,2,-30.265457689762115,-67.0,0.27562810569965124,-0.301202587030983,19.0,0.03259986639022827,0.30675223452816736,0.4483797371631281,-0.29590658558419425,0.03221971525485664,1.223639733543915,0.9894681979210456,0.0,0.0021141649048625794,0.3558465838432312,0.2907485365867615,0.03349282296650718,0.008456659619450317
0.5,3,-3.4828402996063232,-58.0,0.5420307102390365,-0.37995568117163353,17.0,-0.024401426315307617,0.36904165089596364,0.40838721829110675,0.03247266300421877,-0.3413647991786389,1.127654259492664,1.081711000727252,0.0,0.0,0.3329388499259949,0.33033421635627747,0.03208556149732621,0.01818181818181818
0.5,4,16.482853174209595,-76.0,0.7245946708478425,-0.4120270059493027,19.0,-0.05492877960205078,0.25066511283116616,0.2260871587277699,-0.36009227750833916,-0.681317898631673,1.6250234216194952,1.2879189381314808,0.004784688995215311,0.0009569377990430622,0.4002629220485687,0.3336550295352936,0.028708133971291867,0.022966507177033493
0.5,5,-19.261903703212738,-28.0,0.06966980413386703,-0.1192295653255363,10.0,-0.010472774505615234,-0.08499884530072134,0.4281655400778894,-0.8134930135418205,-0.33487893765671856,2.8472735653280306,0.9564316837159181,0.0,0.0,0.2869061529636383,0.2914065420627594,0.01818181818181818,0.0
0.5,6,-16.92392289638519,-36.0,0.23780218263467157,-0.2452048536700507,12.0,-0.010424554347991943,0.009372392841173548,0.505614198478595,-0.5561288793238762,0.020002330662234606,2.635809788074175,0.7633193259035385,0.0,0.0,0.27456918358802795,0.2796781361103058,0.0,0.001893939393939394
0.5,7,-17.417962968349457,-37.0,0.2574621745256277,-0.26308473294744134,13.0,0.05416232347488403,0.28090553317285044,0.4290727640222969,-0.2842869568585963,0.013314258974227652,1.174094295484386,1.1102123994474364,0.0,0.0,0.3477976620197296,0.26470786333084106,0.006993006993006993,0.01090909090909091
0.5,8,-33.9541979432106,-146.0,0.49811211495827407,-0.41535229623699804,10.0,-0.025959253311157227,-0.005073960681501677,0.4136489331367811,-0.562389984648873,-0.2027010588941783,3.004193779104689,1.0330788491595368,0.0,0.0,0.2736835479736328,0.3522895872592926,0.02727272727272727,0.019230769230769232
0.5,9,-30.486761450767517,-128.0,0.4836796850286504,-0.41412592063810383,27.0,0.036409854888916016,0.07751735248868012,0.47964414265774996,-0.5546494046817637,0.09392713641501967,1.859681298197013,1.0243440482017048,0.0,0.0011730205278592375,0.34083130955696106,0.31836435198783875,0.016835016835016835,0.011143695014662757
0.5,10,-12.499521374702454,-52.0,0.3807659831311967,-0.3255100077018142,20.0,0.003493010997772217,0.3653374041012358,0.48491591515859916,-0.23972173184725196,-0.14341339941859302,1.4247639829439855,0.910509386936964,0.0,0.0,0.2940548360347748,0.3133602738380432,0.022727272727272728,0.012626262626262626
0.5,11,-14.911236822605133,-30.0,0.1886550259330998,-0.2107590871822575,16.0,0.01249915361404419,0.19630436097042664,0.4061883785981896,-0.8130766547110033,-0.2711107280044312,1.5066417630783866,1.166471918317061,0.0,0.001976284584980237,0.3017521798610687,0.288699746131897,0.005681818181818182,0.003952569169960474
0.5,12,-15.058416843414307,-42.0,0.30492985903702935,-0.24178000892801538,16.0,-0.024234414100646973,0.16310291623566137,0.3969799266400109,-0.5986168562988187,-0.3304105511769047,1.5847985120356964,0.8743573093883926,0.0,0.0,0.3558087646961212,0.2994439899921417,0.022727272727272728,0.0109717868338558
0.5,13,-23.60186332464218,-34.0,0.08917975456286709,-0.1975210013584448,5.0,0.027601122856140137,0.6018489205666143,0.4726361299411881,-0.9948739676798255,0.0444192828190832,0.6803228161829292,0.8984438615997998,0.0,0.002331002331002331,0.19179992377758026,0.27467232942581177,0.0,0.0
0.5,14,-51.63408398628235,-95.0,0.24978917251285326,-0.3094226161384175,9.0,0.02290266752243042,0.2564939426194455,0.46440478702512583,0.007839841443070325,-0.16580584489783692,1.2612015277217485,1.0679481578042045,0.0,0.0017482517482517483,0.3239394426345825,0.30620893836021423,0.04040404040404041,0.009615384615384616
0.5,15,-81.7194350361824,-168.0,0.29494808719337334,-0.3251572910147166,5.0,0.03061431646347046,0.5371973723973096,0.4235236463492517,-0.2276993910481512,0.14854798698078267,0.599312060028425,1.1647601965425392,0.0,0.0021019442984760903,0.1472855657339096,0.3263815939426422,0.0,0.014713610089332634
0.5,16,-19.9348925948143,-40.0,0.2034300897048762,-0.1752688962160589,13.0,-0.03152650594711304,0.3404709997345457,0.598342265641069,-0.17910401797182596,0.20745282223374703,0.9306312587424633,0.6514190517884146,0.0,0.0,0.31027668714523315,0.3343471586704254,0.0,0.018867924528301886
0.5,17,-42.553887724876404,-65.0,0.03526519052478039,-0.11584530140820931,21.0,-0.054164230823516846,0.09196124492962852,0.48221530850058847,-0.5914910615589366,-0.19114300359403547,2.2220062498015642,0.8643605423046091,0.004329004329004329,0.0021141649048625794,0.31606316566467285,0.31536340713500977,0.030303030303030304,0.010570824524312896
0.5,18,-1.5766350626945496,-39.0,0.4053564992368496,-0.34860798879290505,31.0,0.03019803762435913,-0.11095145942461082,0.3835279014896299,-0.7787945641185466,-0.08628679729252434,2.532081111412285,1.321645825244548,0.02346041055718475,0.0,0.45853814482688904,0.32495349645614624,0.08211143695014662,0.02207792207792208
0.5,19,6.839308977127075,-29.0,0.4262635234211173,-0.2850362438800013,35.0,-0.009622037410736084,0.19476140808229667,0.4174224459313317,-0.48069181410115036,0.13158478897518036,1.7338614744428147,1.0854087517723783,0.0,0.004261363636363636,0.3470748960971832,0.3254321217536926,0.03636363636363636,0.002840909090909091
0.5,20,-9.2702831029892,-39.0,0.3191673465194806,-0.20226527937094657,19.0,-0.060987651348114014,0.0016663487872635567,0.3324624725371858,-0.6622974226541204,-0.42043673511409274,2.345774914374329,1.144637954103014,0.0,0.0,0.369198739528656,0.2846035957336426,0.04784688995215311,0.014106583072100314
0.5,21,-25.41911941766739,-67.0,0.3328060023590965,-0.3552219589639988,17.0,0.022950947284698486,0.09883633051970264,0.5420645811323044,-0.7918635714482934,0.1713776240760534,2.073959919746706,0.9064396960924186,0.0,0.0,0.2845142185688019,0.32375308871269226,0.0,0.022727272727272728
0.5,22,-21.503523766994473,-40.0,0.22045916194717086,-0.2693152270900707,8.0,0.01839578151702881,0.2608329286723843,0.4574718087184918,-0.05673130963986816,-0.27919206836258004,0.919522257557382,0.9352416858537793,0.011363636363636364,0.0,0.30061405897140503,0.2906269431114197,0.011363636363636364,0.007575757575757576
0.5,23,-19.547116816043854,-51.0,0.30611074766365154,-0.3003934152440121,8.0,-0.044621169567108154,-0.16827757907625138,0.4296069123274923,-0.9155319432650876,-0.09124417902127133,2.6290295017547654,0.9822698759320877,0.0,0.004622496147919877,0.28989002108573914,0.28776121139526367,0.056818181818181816,0.01078582434514638
0.5,24,-13.428236484527588,-53.0,0.3271016327466834,-0.33204824528935867,31.0,0.006576180458068848,0.4607531880076782,0.42232180202773667,-0.04806459503883482,-0.06084398064789857,0.9639311534029618,1.0969712802963767,0.0,0.0,0.35898271203041077,0.32222479581832886,0.03519061583577713,0.005411255411255411
0.5,25,-3.986207962036133,-75.0,0.6671265321118491,-0.48224314512123195,9.0,0.021184444427490234,-0.22327580690702684,0.5686792453045314,-0.9395461108564331,0.20159112757733177,2.712516589668947,0.7119912033005281,0.0,0.004329004329004329,0.22708474099636078,0.3397073745727539,0.0,0.01406926406926407
0.5,26,-21.07249140739441,-64.0,0.41259714831476624,-0.3631781872415889,5.0,0.007696032524108887,0.5800779222165815,0.4264498549147847,-0.12625994107442337,0.07641296601572249,0.8094501345594785,1.052564657099899,0.0,0.0013175230566534915,0.19929638504981995,0.33367985486984253,0.0,0.00922266139657444
0.5,27,-45.79311203956604,-121.0,0.3498153766739543,-0.34532223658867345,16.0,-0.0046446919441223145,0.003579259847404249,0.4184117143300876,-0.6031799447764422,-0.09175045367978625,2.2301143725069696,1.0754019134120263,0.0,0.0,0.3511624336242676,0.3362027406692505,0.03409090909090909,0.0205706702057067
0.5,28,30.113403737545013,-92.0,0.9378905092124585,-0.5632574514451403,16.0,0.005269110202789307,0.06219532438861718,0.4956049512247569,-0.8557118608264185,0.0032758785809437305,1.607124131655713,0.8989561032188219,0.0,0.0008417508417508417,0.28605547547340393,0.3401264548301697,0.011363636363636364,0.015151515151515152
0.5,29,-20.528657972812653,-38.0,0.19334402216805358,-0.23649297226516028,7.0,-0.02185589075088501,-0.18973289509647764,0.3442346867752031,-0.783902885813788,-0.15616918856415465,2.8976919014549307,1.2515728233041579,0.0,0.0,0.26656386256217957,0.2985154390335083,0.012987012987012988,0.00202020202020202
0.5,30,12.614364564418793,-77.0,0.7555396677425471,-0.45889624303096643,16.0,-0.029572606086730957,0.32072184717551494,0.46304252334764373,-0.3067854332643498,0.062474547821688875,1.2565306989123985,0.8545101496527934,0.0,0.004887585532746823,0.36394309997558594,0.34183308482170105,0.06818181818181818,0.017595307917888565
0.5,31,-217.22649335861206,-354.0,0.15217270326481558,-0.2590961226098717,5.0,0.007987499237060547,0.6773234780131258,0.2663425278036127,0.32670239596833867,-0.22868999277747748,0.6963752700457443,1.651407726113207,0.0,0.003038743985819195,0.15263311564922333,0.3250249922275543,0.0,0.010635603950367181
0.5,32,-26.557916939258575,-116.0,0.5126055698358375,-0.4154873095471745,15.0,0.008073806762695312,0.22509576346293986,0.19551159501094648,-0.3651458805956616,-0.5124847111373607,1.12122607539444,1.5397390270910458,0.0,0.002081887578070784,0.32226279377937317,0.33356496691703796,0.048484848484848485,0.01943095072866065
0.5,33,-11.310898780822757,-20.0,0.0899320407347246,-0.09305401527407492,24.0,-0.013775944709777832,0.46367028897374607,0.47093833224119835,0.1677493419460903,-0.1499353289565298,1.1034123404081861,0.9574563024022055,0.0,0.0,0.35478857159614563,0.28750380873680115,0.007575757575757576,0.01859504132231405
0.5,34,-30.51140660047531,-94.0,0.43019627896594065,-0.4255900455127452,8.0,0.006559848785400391,-0.3609770637328004,0.42193257233354875,-0.8886544332582083,-0.06999384968650074,2.830017565530499,1.0306996364789593,0.0,0.0035650623885918,0.2552928626537323,0.33799833059310913,0.011363636363636364,0.03208556149732621
0.5,35,21.262635588645935,-91.0,0.7090111592974631,-0.44758139193227436,31.0,-0.038502633571624756,0.3782223702829801,0.33965028793803514,-0.14331856684997185,-0.08972644936774046,1.4328614480341484,1.2367000616871948,0.0,0.0,0.3901320695877075,0.34254541993141174,0.03225806451612903,0.01564828614008942
0.5,36,-92.71989279985428,-173.0,0.22424783603325726,-0.24916359110340341,17.0,0.03708761930465698,0.23568676195368649,0.42270666088124076,-0.6189663186957873,0.0006904092840393508,1.3976883161100908,1.1318069221650748,0.0,0.00430622009569378,0.35577768087387085,0.3248141407966614,0.06417112299465241,0.01770334928229665
0.5,37,-51.510505855083466,-141.0,0.3767676450206731,-0.3744418829158005,17.0,0.009572923183441162,0.3776837888753693,0.4115251088382594,0.02691396599963288,-0.057323112882478613,0.847989144428099,1.1205926539342006,0.0,0.0023014959723820483,0.33696824312210083,0.3164302706718445,0.06951871657754011,0.01668584579976985
0.5,38,-20.061432778835297,-43.0,0.219413096164212,-0.19645117636431347,12.0,-0.056048691272735596,0.13532296682461287,0.46104157014094493,-0.6669839521690271,0.10266640957011726,1.79565624477439,0.9373332629471915,0.015151515151515152,0.003305785123966942,0.29216963052749634,0.27806395292282104,0.045454545454545456,0.003305785123966942
0.5,39,-2.068850338459013,-59.0,0.5681650850176811,-0.4062267536111176,16.0,-0.033174216747283936,-0.05554275461470986,0.42985917759263875,-0.7191609699582873,-0.045023187432223215,2.3729105661245966,0.9732094164718055,0.0,0.0,0.3884841799736023,0.31210142374038696,0.09090909090909091,0.013333333333333334
0.6,0,-59.36369490623474,-77.0,-0.0827790405601263,0.1193390044921992,32.0,-0.15523284673690796,0.33149503539500746,0.29367011530479736,-0.2281595861972601,-0.16410402850014297,1.4328881157563165,1.5907583323334797,0.0,0.015012510425354461,0.35817593336105347,0.40325984358787537,0.04261363636363636,0.041701417848206836
0.6,1,-7.622915148735046,-11.0,0.06341143051783238,-0.1078688106632659,10.0,0.029316425323486328,0.3242302455665214,0.5207141873392452,-0.06706466282158767,0.18934780903297596,0.825813478847191,1.002380831444661,0.0,0.004329004329004329,0.29093271493911743,0.4014630913734436,0.0,0.017316017316017316
0.6,2,-133.96001929044724,-176.0,0.06126734426951441,-0.055002354594719166,19.0,0.032683491706848145,0.0936359753189835,0.3794866980381712,-0.9418693987768658,-0.05316249393558813,2.402474554076976,1.557293398159041,0.0,0.007459207459207459,0.3322690427303314,0.4090999364852905,0.0430622009569378,0.0331002331002331
0.6,3,-59.32881510257721,-71.0,-0.04687506313981682,0.04767998006901361,29.0,-0.008036553859710693,0.26591051220879003,0.5764030710273592,-0.5234368311335802,0.28376542493275686,1.497333836820912,0.8966904583891142,0.0,0.004545454545454545,0.34687340259552,0.373318076133728,0.03761755485893417,0.015454545454545455
0.6,4,17.41916424036026,20.0,0.056047453014867576,-0.012773594108040132,23.0,0.04580563306808472,0.2500157536532965,0.46825374880128495,-0.254776756794889,0.06875646619237581,1.7434254403702527,1.0527587056154941,0.0,0.0,0.35228458046913147,0.39023637771606445,0.021141649048625793,0.023715415019762844
0.6,5,-93.48056018352509,-154.0,0.16515453687344472,-0.1526635201621116,20.0,0.03703427314758301,0.5968587337336079,0.3146960994066303,0.15066515696128155,-0.19501052628878165,0.6833311026885642,1.5247805239641274,0.004545454545454545,0.017763845350052248,0.3005147874355316,0.4245719909667969,0.0,0.055381400208986416
0.6,6,-38.39470446109772,-61.0,0.020359985081042642,-0.042413979738710306,31.0,-0.12138158082962036,0.3942239585779221,0.485501659141927,-0.4525332253781597,0.04502329102748332,1.0238374416369356,1.0715833499832912,0.0,0.0,0.367495596408844,0.39229199290275574,0.03519061583577713,0.05138339920948617
0.6,7,-6.764544665813446,-31.0,0.2994264511042118,-0.23699640138791156,26.0,-0.02114039659500122,0.4530139111017392,0.4558264168645444,0.1036292917871507,-0.051676539070304985,1.1646713295169238,1.0498686744524393,0.017482517482517484,0.001594896331738437,0.3678482174873352,0.39738929271698,0.027972027972027972,0.03668261562998405
0.6,8,-23.0866615176201,-50.0,0.096654695224338,-0.11233163382698697,121.0,0.11690086126327515,0.41419567644453764,0.4691683975676806,-0.09207840356072718,0.07036762840377092,1.2881087776404128,1.086816992111372,0.003756574004507889,0.002658160552897395,0.3642194867134094,0.4193454384803772,0.021788129226145755,0.05688463583200425
0.6,9,-21.25980311632157,-39.0,0.17508949479414737,-0.21163008081874338,23.0,0.06531691551208496,0.3037599047163448,0.4911766446745604,-0.172460786876669,0.04667504872850966,1.530827470968846,1.0151447862639764,0.003952569169960474,0.0,0.3419612944126129,0.4344032406806946,0.015810276679841896,0.0689149560117302
0.6,10,-98.84682983160019,-144.0,0.0053668065646094165,0.0048112289010106,42.0,0.02577584981918335,0.13437697950362437,0.3086510876096911,-0.4653586154264491,-0.21141756112630894,2.086029272475203,1.439694779202184,0.004329004329004329,0.013196480938416423,0.3996594250202179,0.413271963596344,0.05411255411255411,0.051319648093841645
0.6,11,-61.909076511859894,-88.0,0.08745610207881571,-0.060947212332027934,18.0,0.019089221954345703,0.33802227760392095,0.3139654602303383,-0.4097701701954031,-0.30126896723647933,1.2205866662896716,1.6801442989163795,0.0,0.00686106346483705,0.3076440095901489,0.4313645660877228,0.015151515151515152,0.03173241852487135
0.6,12,-109.83862459659578,-156.0,0.09237033305083509,-0.13362312532917292,13.0,-0.004721522331237793,0.26025433445280477,0.4753652809493664,-0.34928296370493145,0.1182951776945221,1.4505031709482412,1.0449704212474906,0.0,0.0010758472296933835,0.3126634657382965,0.4104473292827606,0.013986013986013986,0.029585798816568046
0.6,13,-78.32552564144135,-109.0,0.05012121475900566,-0.08928695498873612,18.0,0.004012048244476318,0.18018939893906732,0.31634811467762636,-0.28774328675021893,-0.11257726867372915,1.4499287037653419,1.588357847358106,0.005050505050505051,0.0035790980672870437,0.39358043670654297,0.43810632824897766,0.045454545454545456,0.04294917680744453
0.6,14,-77.44877851009367,-105.0,0.0750953026277863,-0.09885733227660551,23.0,0.08845090866088867,0.2946606986386035,0.33312542693134195,-0.4049809667510032,-0.17904835961135154,1.5855950107114365,1.532940103015105,0.0,0.004261363636363636,0.3354400396347046,0.4016317129135132,0.043478260869565216,0.044744318181818184
0.6,15,-24.86005592346191,-53.0,0.27863228553142705,-0.3002922475704404,8.0,-0.010360181331634521,0.09884873304889195,0.43614937871204423,-0.8402987257596621,-0.10901625718324573,2.247881853030051,1.126080234039963,0.0,0.004470938897168405,0.34131816029548645,0.4276112914085388,0.03409090909090909,0.037257824143070044
0.6,16,-136.31664329767227,-188.0,0.08592982711840647,-0.1738548760530444,8.0,0.017450988292694092,0.37061639484360337,0.3361645490511404,-0.23944866543208268,-0.09521050949107006,0.8059364391009316,1.5233846103887139,0.0,0.011595547309833023,0.3020201027393341,0.41594818234443665,0.022727272727272728,0.03942486085343228
0.6,17,-6.749518156051636,-10.0,0.08386894166469572,-0.07184335375204678,10.0,0.03775137662887573,0.4797825799086782,0.3762351791470602,-0.22755683310696326,-0.13618764840492012,0.8589410359994109,1.1890553237177641,0.0,0.0,0.34257107973098755,0.35509803891181946,0.02727272727272727,0.03636363636363636
0.6,18,-37.19941282272339,-58.0,0.14470559566175167,-0.18281990169836318,9.0,0.014808356761932373,0.18979985270499833,0.4102126935037385,-0.36066036829522813,-0.2976155603663792,1.2298624048173925,1.1340453265134012,0.0,0.0,0.35869836807250977,0.41069209575653076,0.020202020202020204,0.04613297150610583
0.6,19,10.71546691656112,6.0,0.08234502403290034,-0.08673317338163472,73.0,0.07642614841461182,0.33298028899120796,0.5093839161084189,-0.17412769069095238,-0.05100734794693712,1.5325439336958624,0.9588021291222093,0.0,0.0,0.3808611035346985,0.43957093358039856,0.02761795166858458,0.026151930261519303
0.6,20,-17.25331377983094,-38.0,0.2190130040759133,-0.21128312711943947,18.0,-0.01804441213607788,-0.01330810055915601,0.5240240951716111,-0.8164471278949055,0.22005267476040888,2.399157424280443,0.9365533513072442,0.0,0.0016233766233766235,0.3130105435848236,0.4006616771221161,0.005050505050505051,0.040584415584415584
0.6,21,-67.80506968498231,-98.0,0.003942393666081401,0.011195108122567132,38.0,-0.11403703689575195,0.4270472738687628,0.41636111834016704,-0.13321173620308374,-0.07915433509410076,1.237843540017821,1.2272858812514453,0.0,0.008689839572192513,0.4072633981704712,0.4081461429595947,0.04066985645933014,0.0427807486631016
0.6,22,-97.08321088552475,-178.0,0.2635842446317064,-0.2927717995324588,10.0,0.03008270263671875,0.1738491225500989,0.42125864584831024,-0.38028113907664957,-0.05886101813802544,1.8711228945582183,1.2622954816899241,0.0,0.0038684719535783366,0.3273564279079437,0.41973429918289185,0.03636363636363636,0.04448742746615087
0.6,23,-28.030492901802063,-48.0,0.08414148525758225,-0.1062800225304355,40.0,0.02833491563796997,0.3168914935019124,0.524348467281354,-0.3123074947299264,0.21429186130831257,2.1216019256129455,0.992077258775869,0.0,0.0030991735537190084,0.35139256715774536,0.37692588567733765,0.025,0.028925619834710745
0.6,24,-40.9964542388916,-51.0,-0.0509752917384344,0.04573440455668981,21.0,-0.07432138919830322,0.024826414043451716,0.48152069471243447,-0.7597183326131827,-0.2987238615935687,2.026970754511951,0.9861789710644201,0.0,0.003787878787878788,0.378935307264328,0.3954833447933197,0.012987012987012988,0.050505050505050504
0.6,25,7.933692216873169,-70.0,0.5024830758135016,-0.3093557574756371,37.0,-0.09286540746688843,0.31240552094844065,0.4355591892305947,-0.29959783024535563,-0.16496465272773775,1.5065151193351591,1.1252379479705248,0.0,0.0,0.3785542845726013,0.42137324810028076,0.03931203931203931,0.048428207306711976
0.6,26,1.110966324806217,5.0,-0.03722109344270497,-0.0006940778800182956,45.0,0.023569822311401367,0.5206187050462682,0.45318975382558513,0.09510264307613647,0.01812102495918605,0.9372752312340396,1.0781460618089942,0.0036363636363636364,0.010101010101010102,0.37354859709739685,0.39778560400009155,0.03636363636363636,0.03838383838383838
0.6,27,-55.710667073726654,-133.0,0.1908220181313145,-0.1488375364740122,34.0,-0.11019492149353027,0.2676422129621593,0.40142226808762227,-0.06665281793578222,-0.10406482104140714,1.7015313174493694,1.2332772626873478,0.013368983957219251,0.005443658138268917,0.4224094748497009,0.43446990847587585,0.02406417112299465,0.048448557430593356
0.6,28,-0.9179961085319555,24.0,-0.3327298302735602,0.28934569029869256,32.0,-0.048065245151519775,0.2980611357958218,0.35583101865710104,-0.6465468811924199,-0.5072072375581755,1.393780742308927,1.5313603437436014,0.0,0.0,0.4185905456542969,0.37516212463378906,0.045454545454545456,0.028409090909090908
0.6,29,-97.20891755819322,-132.0,-0.026805320754647255,-0.004213302415048914,32.0,-0.049256324768066406,0.3728863928743473,0.3616707793490279,-0.13298403224720295,-0.14336661226777087,1.2409077302282066,1.2789727167111178,0.0,0.004988913525498891,0.34113872051239014,0.4072021543979645,0.017045454545454544,0.041574279379157426
0.6,30,-13.856675028800964,-18.0,0.029275510708490993,-0.0616798461725315,12.0,0.014713525772094727,0.39136410547348244,0.32811899915798387,0.051483404832509815,-0.19911775752950966,0.8834648681792711,1.3185201037296765,0.0,0.0,0.3013344407081604,0.3485662043094635,0.015151515151515152,0.024242424242424242
0.6,31,-19.721522450447083,-37.0,0.15624083906917252,-0.1521567971013681,22.0,-0.018590927124023438,0.2859645643724494,0.5294361168427199,-0.41495024874557557,0.1558741876644426,1.5878553918649712,0.8438391975389228,0.0,0.0061633281972265025,0.2855365574359894,0.3887071907520294,0.004132231404958678,0.04160246533127889
0.6,32,-111.32795184850693,-177.0,0.14397730786357354,-0.1670316126153561,19.0,-0.010296881198883057,0.04286711833086305,0.3816022081674428,-0.8765082751361412,-0.035970239308513514,2.1371536799328053,1.2781290405465469,0.0,0.0,0.31625935435295105,0.41820359230041504,0.004784688995215311,0.04823747680890538
0.6,33,-65.02451729774475,-75.0,-0.07845944989008535,0.11959174680068888,33.0,-0.06846177577972412,0.46220093300209264,0.5729192143011766,-0.021700035693414315,0.18651729047506435,1.0368996636009078,0.8074690000382706,0.0,0.010101010101010102,0.35900962352752686,0.39587727189064026,0.01652892561983471,0.050505050505050504
0.6,34,-40.808828949928284,-188.0,0.5265653876039204,-0.41175956058817265,18.0,-0.02624046802520752,0.18477507565247356,0.4634559351214202,-0.5937767000752854,0.11093627239603077,1.7181648310254214,1.1347930933208479,0.0,0.00794351279788173,0.3287821412086487,0.43312281370162964,0.030303030303030304,0.04324801412180053
0.6,35,-63.976879179477706,-92.0,0.04077608014146483,-0.02439997945233091,36.0,-0.007383167743682861,0.30629020094728904,0.5418001420748375,-0.21089093634391584,0.22269743254764846,1.2696338609612883,0.8930077607808616,0.0,0.007102272727272727,0.3397076427936554,0.4023313522338867,0.027777777777777776,0.03409090909090909
0.6,36,-12.516445636749268,-23.0,0.1363561527673588,-0.1387260892688362,20.0,0.03265887498855591,0.2153603944939535,0.5267206689239186,-0.33254700169746043,0.23698135222214828,1.7582127117371726,0.9069045661293706,0.0,0.0,0.39866846799850464,0.37419411540031433,0.05909090909090909,0.02748414376321353
0.6,37,-41.17885935306549,-44.0,-0.3069839734922756,0.11134049834006216,44.0,-0.37395691871643066,0.26440371874422197,0.5235931699921816,-0.17279081499852858,0.20291288127256424,1.6191980449370496,0.9702119799943418,0.006198347107438017,0.002066115702479339,0.4135647416114807,0.42170652747154236,0.05371900826446281,0.03925619834710744
0.6,38,-83.90006816387177,-157.0,0.19865292548269464,-0.1987586033251586,23.0,0.03453546762466431,0.3184352312062392,0.48660061197268917,-0.3830171418679547,0.1562972023657135,1.2365137954022278,1.12981975966492,0.0,0.007575757575757576,0.3205651342868805,0.43281686305999756,0.03162055335968379,0.0398989898989899
0.6,39,-34.52397185564041,-80.0,0.31729049133674714,-0.28204644079628693,14.0,-0.0011243820190429688,0.43662617392189795,0.4874128329084611,-0.04399992562548682,-0.07912665031245403,1.1214635460519589,0.9574635541017342,0.0,0.0,0.32054728269577026,0.42714738845825195,0.0,0.058027079303675046
0.7,0,-105.7667384147644,-145.0,0.07537934595035944,-0.05134968505363702,33.0,0.10042977333068848,0.3386741930801494,0.5317874322572677,-0.3987765580801568,0.1239059530211647,1.604455080103338,0.963329790386818,0.0,0.01174668028600613,0.37946438789367676,0.4023479223251343,0.030303030303030304,0.045965270684371805
0.7,1,-21.852622985839844,-56.0,0.09320180538514378,-0.13293926491963887,187.0,0.08783221244812012,0.4922627444411523,0.43426207552781554,0.07025167659067226,-0.0625846369343858,1.0881289663390232,1.2604557845213806,0.0024307243558580457,0.012345679012345678,0.40028873085975647,0.41761070489883423,0.030140982012639768,0.04526748971193416
0.7,2,-100.45510572195053,-142.0,0.0029264765441573415,-0.048558999486729315,59.0,-0.0731818675994873,0.5671145830223143,0.4734447957555672,0.2806001907675303,-0.0034809614181794267,0.804600881611699,1.0698935775581597,0.0,0.002261420171867933,0.4163152575492859,0.3838987648487091,0.04160246533127889,0.034373586612392586
0.7,3,-70.77034944295883,-105.0,0.06551305617604941,-0.025528680597032893,70.0,-0.05025869607925415,0.5705595192497152,0.4273920551984709,0.1098362030055984,-0.06695260464592526,0.8388019810455253,1.2054162479546546,0.005194805194805195,0.014025974025974027,0.3884761333465576,0.39748281240463257,0.024675324675324677,0.022857142857142857
0.7,4,-10.87543100118637,-84.0,0.4658610958192084,-0.37271497400943193,36.0,0.0605505108833313,0.5138691411838899,0.5304527006764559,-0.014040809991494017,0.2329312623843055,0.9097138365801581,0.9738467618931644,0.0,0.0022727272727272726,0.34121885895729065,0.43711963295936584,0.010101010101010102,0.059848484848484845
0.7,5,-36.11434727907181,-18.0,-0.1592201886082213,0.1635861381637455,140.0,-0.16799139976501465,0.41990591369862307,0.5375266901971247,-0.03801243403784555,0.2704224859355454,1.3393122853054522,0.9653041070099215,0.003246753246753247,0.007479861910241657,0.41736873984336853,0.4052090644836426,0.0512987012987013,0.031070195627157654
0.7,6,-60.69635945558548,-104.0,0.17648753140653883,-0.1986670012393641,36.0,0.08872342109680176,0.48140381360168133,0.5230729285336894,-0.23285184937674758,0.11262577484411786,1.4270681664739124,0.9397202732385693,0.0025252525252525255,0.011688311688311689,0.30418506264686584,0.4223944842815399,0.015151515151515152,0.04285714285714286
0.7,7,-98.53302025794983,-144.0,0.09235832244157782,-0.12477866518262701,96.0,0.08369731903076172,0.41340799612778695,0.4612686031994527,-0.15521856719643987,0.02915273798149351,1.1663778144606682,1.1702106302287218,0.007575757575757576,0.008712121212121213,0.3973762094974518,0.4230372905731201,0.03125,0.043560606060606064
0.7,8,-41.541564702987685,-13.0,-0.2549707340152283,0.24103511864785332,123.0,-0.25124526023864746,0.5298305616734154,0.5158184312804077,0.31886341961601217,0.11717523860985392,1.0383500088923399,1.1224764602136639,0.0007390983000739098,0.0033422459893048127,0.4122246205806732,0.41336262226104736,0.050997782705099776,0.04077540106951872
0.7,9,-90.957694709301,-159.0,0.2047299529730222,-0.19638981110555911,58.0,0.034645140171051025,0.48548504622092054,0.47508340864291265,-0.10292040185167599,0.07844188069748294,1.1336530672061278,1.0801182511291667,0.003134796238244514,0.010054461667364893,0.35856887698173523,0.4138283431529999,0.0219435736677116,0.040636782572266446
0.7,10,-8.816524267196655,-13.0,0.006375173082234897,-0.007158251855918785,59.0,-0.020508229732513428,0.3974376574728266,0.6605294686948702,-0.03560486032443908,0.2699861463357064,1.332581454193891,0.577227410809492,0.0,0.005050505050505051,0.43264976143836975,0.41308361291885376,0.0662557781201849,0.045454545454545456
0.7,11,-5.650242447853088,25.0,-0.3911384807183193,0.2533315934670659,40.0,-0.11155927181243896,0.4368368327690187,0.6583384313867592,-0.09066200893166347,0.1677870923371746,1.0330969636515417,0.6271596358800222,0.002797202797202797,0.0,0.4262242913246155,0.4059203267097473,0.039160839160839164,0.05
0.7,12,-75.42966037988664,-92.0,-0.03665076052701033,0.08601777925285209,43.0,-0.05625075101852417,0.4504401716931454,0.5199722085143411,-0.1062191935042098,0.1570131397289418,1.105921578536377,0.9499125426678197,0.0,0.0053872053872053875,0.3721090257167816,0.39072734117507935,0.03805496828752643,0.03569023569023569
0.7,13,26.720567405223846,22.0,0.11719663716011197,-0.0947554478902839,87.0,0.12220549583435059,0.5177665693115393,0.5773575185105453,0.11009238474393633,0.12969621737671164,0.9517530158339519,0.7783311666463616,0.0016680567139282735,0.0010449320794148381,0.3905686140060425,0.4174287021160126,0.025020850708924104,0.06583072100313479
0.7,14,66.56592059135437,88.0,0.07004892881622182,-0.12764905758667067,95.0,0.14434140920639038,0.516824662070391,0.5302040009127998,0.16472959987008318,-0.04402995645969795,1.0007959556287065,0.9239062096317797,0.003477396920019871,0.0009569377990430622,0.4011250436306,0.4115360677242279,0.037257824143070044,0.049760765550239235
0.7,15,-52.31993198394776,-64.0,-0.014787749269074557,0.04733569498048068,71.0,-0.04612314701080322,0.46686325621033387,0.5345907926756968,0.06572538757784244,0.29783425479937864,1.0432878319088046,1.0310479129867556,0.0,0.012794612794612794,0.4352172315120697,0.40648263692855835,0.05377720870678617,0.03367003367003367
0.7,16,-22.37146419286728,-34.0,0.13730860753935215,-0.1615317069196783,15.0,0.001958489418029785,0.220915291233067,0.5210324228912483,-0.5272488848699286,0.19615243254196632,1.1016039794406485,0.9968237131640885,0.0,0.0,0.3785550594329834,0.3822227716445923,0.06060606060606061,0.03710575139146568
0.7,17,-116.43450605869293,-148.0,-0.021726813402261902,0.06413135780671797,74.0,-0.008727729320526123,0.5005961338280996,0.4962888106731693,0.1051393653829112,0.2565180891534519,1.07050181076845,1.1360993165313817,0.0,0.007371007371007371,0.39056074619293213,0.386282742023468,0.025798525798525797,0.03849303849303849
0.7,18,-135.87711590528488,-182.0,0.0455811133180235,-0.0650817612487474,24.0,-0.01222383975982666,0.5158371725251552,0.39063063555372274,0.04538168193777768,-0.1663350113618275,1.0439097190887625,1.389033664045239,0.0,0.00529567519858782,0.3632346987724304,0.4050302803516388,0.04924242424242424,0.03486319505736982
0.7,19,-57.351025104522705,-61.0,-0.08770939862976468,0.10098214178295589,128.0,-0.09415984153747559,0.5500027618913396,0.5413282255708661,0.13389031420588388,0.10050310767031417,0.8785655134128401,0.881896027862871,0.004971590909090909,0.003848003848003848,0.43649500608444214,0.4308822453022003,0.049005681818181816,0.03848003848003848
0.7,20,-3.01566344499588,0.0,-0.023197411115353006,0.04808404621166679,130.0,-0.023197412490844727,0.525129094984513,0.47160386242819397,-0.009351355372934552,0.0707270602226296,0.9654123301274794,1.1275188491954584,0.0,0.006293706293706294,0.39395391941070557,0.3918015658855438,0.04055944055944056,0.03076923076923077
0.7,21,-59.52062928676604,-81.0,0.035699628684020324,-0.05614854272947839,61.0,0.04499459266662598,0.4690963597854845,0.45790809950885425,-0.01386577910703177,0.08132464024384585,1.0974805962045415,1.27048349196339,0.004470938897168405,0.008322663252240717,0.336337685585022,0.388456255197525,0.019374068554396422,0.03265044814340589
0.7,22,-66.06758397817612,-96.0,-0.06267941756446804,0.0905135008171335,79.0,-0.2023060917854309,0.4735667604614297,0.4466883912515145,-0.10368629703342333,0.16522042780551022,1.0449831471325866,1.2609131131467632,0.0,0.011428571428571429,0.4074181020259857,0.4243387281894684,0.03682393555811277,0.04727272727272727
0.7,23,-74.501797914505,-96.0,-0.09619401293303964,0.11844116257133608,66.0,-0.09726673364639282,0.33508932777301986,0.48335960107632814,-0.22570605139257333,0.14767095110548673,1.4577595831380086,1.0988745389808692,0.0,0.01739618406285073,0.3819575905799866,0.4204186797142029,0.03994490358126722,0.04601571268237935
0.7,24,-19.639326035976417,-28.0,0.02650986132360955,-0.0418189937377616,57.0,0.012598633766174316,0.42592147523082563,0.47543302989519437,0.1219690700223916,0.018606284295604243,1.225670189406595,1.1710980147317458,0.0,0.0010695187165775401,0.3771496117115021,0.40356680750846863,0.03189792663476874,0.020320855614973262
0.7,25,-89.01155239343643,-116.0,0.026726347591444766,-0.013244589632032122,19.0,-0.007107377052307129,0.26195068092855905,0.5131843741474114,-0.4613799434790192,0.23353160092715167,1.7594948160846613,1.0268752259481184,0.0,0.006060606060606061,0.35887789726257324,0.3854843080043793,0.019138755980861243,0.024915824915824916
0.7,26,-11.79265850782394,-25.0,0.12511654532316951,-0.10761777803188921,30.0,-0.041011810302734375,0.3026973591329603,0.4091067080417627,-0.432260368938083,0.06070748468270713,1.5581888092832952,1.2662661232391865,0.0,0.0,0.35103869438171387,0.38735446333885193,0.021212121212121213,0.0512396694214876
0.7,27,-20.135156452655792,-107.0,0.5092939753047594,-0.3995554826206303,29.0,0.0024727582931518555,0.5817472312894741,0.4856722714125956,0.12764893153365736,0.12359543154993718,0.8087450561218216,1.0735454654834335,0.0,0.006016042780748663,0.343421995639801,0.44703298807144165,0.03134796238244514,0.06283422459893048
0.7,28,81.17500072717667,98.0,0.052616333272067495,-0.05912459660624772,39.0,0.06840544939041138,0.44772129630102425,0.5296806198834766,0.029241446117910595,0.2903464920052286,1.230497649313801,0.9522610440605204,0.0013271400132714001,0.0,0.3738415837287903,0.3781549632549286,0.010617120106171201,0.04428904428904429
0.7,29,3.4048035740852427,1.0,0.046003121609068276,-0.04612993543052063,59.0,0.0498088002204895,0.5311074891153101,0.6337909456299505,-0.03444687674874776,0.37790022864789496,0.9335014170517052,0.6939230563525427,0.0,0.0015408320493066256,0.42592543363571167,0.3959236741065979,0.05303030303030303,0.03543913713405239
0.7,30,-79.12001156806946,-127.0,0.14998315710203913,-0.17438013451213683,22.0,-0.002805352210998535,0.5267352501485184,0.3926691676380207,0.19111254603597136,-0.29014390558298414,0.9057218033521619,1.195773109248371,0.0,0.008541793776693106,0.3208366334438324,0.3910764753818512,0.01652892561983471,0.028065893837705917
0.7,31,-8.694716155529022,-5.0,-0.09826822768558152,0.08834140631962911,50.0,-0.1042243242263794,0.46214668668426984,0.5577101908930783,-0.11187791482632753,0.1237111909093112,1.039428922968266,0.9716947944040454,0.0,0.001652892561983471,0.38639453053474426,0.38991230726242065,0.02909090909090909,0.023140495867768594
0.7,32,-56.1496724486351,-63.0,-0.1135950300822387,0.10503462045730369,37.0,-0.08349841833114624,0.5555665779318133,0.551720736318691,0.017999787867388255,0.2600358869265412,0.8466889858060659,0.9174415265191919,0.0,0.004545454545454545,0.43162038922309875,0.40350058674812317,0.04668304668304668,0.02909090909090909
0.7,33,41.51579213142395,38.0,0.17093030598937953,-0.2460054234513997,52.0,0.1651744246482849,0.5477145759420045,0.440823926080304,0.175441977089509,-0.1028270489674708,0.9769739464179792,1.1296029352992645,0.0,0.0,0.3714340627193451,0.40385901927948,0.007070707070707071,0.04895104895104895
0.7,34,-253.1111677289009,-380.0,0.16878977448669907,-0.25061288831597106,8.0,0.0010616779327392578,0.6619941671446289,0.4336352637452213,-0.013666097384372675,0.0670184387781576,0.5285083339497737,1.230379240779584,0.0,0.011246485473289597,0.24991878867149353,0.42369338870048523,0.0,0.04194001874414246
0.7,35,-109.82057309150696,-144.0,0.05806962893177403,-0.046197310105098005,23.0,0.013727724552154541,0.3143760378442179,0.457178809353293,-0.4484843948013735,0.07177345932139514,1.6520795906698067,1.0967459197734046,0.0,0.005988023952095809,0.3869030177593231,0.41265973448753357,0.019762845849802372,0.0326619488296135
0.7,36,-96.32039672136307,-134.0,0.02719797336766938,-0.060681285524331996,108.0,-0.008294880390167236,0.4849473686070164,0.422270058403568,0.07755275055362477,0.0858555664754579,1.0317305604313456,1.3495377576204015,0.005050505050505051,0.006386175807663411,0.3732258081436157,0.41056177020072937,0.02861952861952862,0.03343350864012021
0.7,37,-82.3113141655922,-103.0,-0.015191378792104415,0.020747208529522998,91.0,-0.004591047763824463,0.4853500712683361,0.5224349523659686,0.02812531558091736,0.16685179209598447,1.0995222291250282,0.9687115548805239,0.000999000999000999,0.006091846298031865,0.388116717338562,0.40965354442596436,0.030969030969030968,0.02530459231490159
0.7,38,60.43910455703735,63.0,0.16741425882686267,-0.15316481597918818,91.0,0.2211284041404724,0.46987727467018503,0.47898033040629034,-0.06620985672030373,-0.07512361210818325,1.10393589403875,1.0089141910657633,0.0023612750885478157,0.0,0.40729454159736633,0.41021350026130676,0.03364817001180637,0.05194805194805195
0.7,39,-5.151319444179535,-15.0,0.16226063500409105,-0.15811948769066808,28.0,0.0388789176940918,0.4860443470840755,0.5322850391322222,-0.13927823890572005,-0.07995343042544815,0.9746392259869652,0.9114902413217433,0.0,0.0,0.3889372944831848,0.3990110754966736,0.045454545454545456,0.021141649048625793
0.8,0,-29.119262635707855,-38.0,0.00917255809098716,-0.014239007571102608,117.0,0.011662125587463379,0.5471811655502651,0.5778048577197894,0.19713550792269555,0.23618054542328729,0.8837971907283704,0.8530275899733537,0.003885003885003885,0.0017595307917888563,0.38719579577445984,0.3903764486312866,0.031857031857031856,0.021114369501466276
0.8,1,-122.79778099060059,-161.0,-0.019867540116177418,-0.0035111614383085965,152.0,0.01800161600112915,0.5951976686723407,0.49067701643325806,0.3609029499095348,0.041688444406373794,0.8876139018283964,1.0995786700096715,0.008971291866028708,0.006099331977926227,0.40482884645462036,0.41580531001091003,0.028708133971291867,0.0409526575660761
0.8,2,71.73778653144836,98.0,-0.03171330585106791,0.03670471171191009,101.0,-0.041568100452423096,0.5476123202605382,0.6435206519911876,0.11102771467148277,0.3940965562492619,0.9145675515219772,0.6591197819914583,0.007309273640931932,0.0036003600360036,0.3872106075286865,0.3904202878475189,0.02923709456372773,0.0306030603060306
0.8,3,-74.99838542938232,-28.0,-0.31979132670865634,0.17888855083694483,179.0,-0.3723704516887665,0.5457477525618155,0.5419604260367258,0.0939021698912104,0.10890885988716953,0.8849693544992463,0.8877807184515479,0.002031488065007618,0.003513394817742644,0.42340847849845886,0.4119510054588318,0.047232097511427124,0.03557312252964427
0.8,4,26.460721909999847,44.0,-0.049772354352294323,-0.017138431353386607,83.0,0.08139723539352417,0.5439406880274094,0.6159374579244076,0.2498102374491066,0.36185650641893014,0.9221201179264036,0.7829700556117349,0.008589835361488905,0.002190580503833516,0.3980293571949005,0.3966548442840576,0.0329277022190408,0.03066812705366922
0.8,5,-26.231360614299774,-33.0,0.006748949251477732,-0.060437264009600616,9.0,-0.03428184986114502,0.5918699743230712,0.6161359202442365,0.016199829935247594,0.3195370444366429,0.3468648296644801,0.7322971687224342,0.0,0.006493506493506494,0.3168632686138153,0.37298545241355896,0.030303030303030304,0.03463203463203463
0.8,6,-20.00237613916397,-18.0,-0.02709898891112361,0.0502518620298919,197.0,-0.04380124807357788,0.5683591729285093,0.5768689664185426,0.2484933424504465,0.31400621475883506,0.9278484767038802,0.9080419684807489,0.00692201199815413,0.009302325581395349,0.39763060212135315,0.3851196765899658,0.025842178126442086,0.020718816067653276
0.8,7,-80.1603175997734,-110.0,0.061839194919086626,-0.07109655985639779,95.0,-0.013156294822692871,0.506498578441603,0.561266184437694,0.19175124296008433,0.20193113210165317,1.0745928276421821,0.8669428863333731,0.0019138755980861245,0.006208425720620843,0.3556201756000519,0.40430793166160583,0.02200956937799043,0.03414634146341464
0.8,8,90.80114024877548,108.0,0.047857835061617116,-0.09555553576808959,38.0,0.03391385078430176,0.6161644353834084,0.6060006838530891,0.39836066288666955,0.27526731395949994,0.8047839269456895,0.7741953587315834,0.0049813200498132005,0.0,0.37842532992362976,0.42669975757598877,0.026151930261519303,0.05502392344497608
0.8,9,7.397840082645416,-9.0,0.18379558556726283,-0.2010986121404182,71.0,0.1485888957977295,0.5557897777412243,0.5544518742305885,0.2835733902828099,0.17542276200490411,0.879759099083916,0.8520625544583941,0.0,0.0022727272727272726,0.389070600271225,0.396898478269577,0.03969270166453265,0.05
0.8,10,81.08865284919739,126.0,-0.005700621518859306,0.017922191786017005,44.0,0.1074325442314148,0.5383479135534514,0.5774394235847606,0.16241050906397503,0.1292373770034182,0.9801050788173129,0.9936136101879779,0.009625668449197862,0.0,0.41570451855659485,0.3625832796096802,0.045989304812834225,0.04132231404958678
0.8,11,-123.9705810546875,-160.0,-0.04550636887550352,0.02190542175434529,40.0,-0.025842010974884033,0.4001255060254627,0.5824504159104061,-0.14816570669331697,0.28093399217519616,1.3222519602673348,0.936559845174109,0.0,0.015,0.3816189169883728,0.4116393029689789,0.04090909090909091,0.04090909090909091
0.8,12,-18.406451046466827,-17.0,-0.0903844455441023,0.05607285083811964,64.0,-0.09449887275695801,0.5751590801474253,0.5795464729464925,0.3804372823899993,0.24689377114942138,0.8683059364907829,0.763029415073776,0.0,0.0,0.3976221978664398,0.40321359038352966,0.019886363636363636,0.038159371492704826
0.8,13,-48.09450900554657,-46.0,-0.16754621258780322,0.19237116116465952,75.0,-0.12741833925247192,0.5563244822648943,0.5378223280207675,0.12938573552199173,0.21873978585342285,0.7976671136278749,0.9809359480654725,0.0024242424242424242,0.011269722013523666,0.376288503408432,0.44724100828170776,0.048484848484848485,0.05559729526671676
0.8,14,69.91677504777908,4.0,0.6306838720270127,-0.34269041211454526,106.0,0.6249876618385315,0.5963704905474525,0.5354178327019437,0.2613497354228556,0.14915831139893,0.8859536804217577,0.8809076601445127,0.0008264462809917355,0.0,0.3850790858268738,0.40627145767211914,0.021487603305785124,0.05317324185248713
0.8,15,-11.678619563579531,4.0,-0.08972557330218245,0.11671210679003141,163.0,-0.08081310987472534,0.503329005457386,0.6126491383065841,0.07155780335297386,0.36841031282137243,1.0120254129936794,0.7961506523278273,0.003810560696788242,0.0005577244841048522,0.4125343859195709,0.3991328179836273,0.037016875340228635,0.040156162855549356
0.8,16,-95.24835854768752,-112.0,-0.12236870467354433,0.11821886024548661,11.0,-0.139151930809021,0.6878181338865481,0.5817565920478707,0.5195499164367101,0.16227491891291435,0.6142071112554363,0.8701005729753689,0.0,0.007390983000739098,0.32134121656417847,0.3882877230644226,0.024793388429752067,0.03621581670362158
0.8,17,-58.322838962078094,-68.0,-0.009012312490655039,-0.0013565535130707074,92.0,-0.012214720249176025,0.5020678229611042,0.573942839920721,0.03853253056446944,0.2972303957004975,1.0222122662708963,0.8987179567246293,0.017786561264822136,0.011931818181818182,0.37716957926750183,0.3949381709098816,0.0266798418972332,0.03295454545454545
0.8,18,-33.29507315158844,-114.0,0.39707843611273247,-0.3304829352365446,37.0,0.004387617111206055,0.627071426653027,0.6568122609567203,0.2980162694604441,0.44186263037716195,0.7515775478254497,0.675303080466434,0.0,0.006020469596628537,0.3344297409057617,0.4017290771007538,0.009828009828009828,0.045755568934376885
0.8,19,-15.25659197568892,35.0,-0.24508234352479885,0.1629702320309662,143.0,-0.0013912320137023926,0.58990066717341,0.6063615093919817,0.23737474294795008,0.1877799585825303,0.8810732403274261,0.7960634923868447,0.010214504596527068,0.007628734901462174,0.409699410200119,0.39487069845199585,0.030643513789581207,0.028607755880483154
0.8,20,-6.732003629207611,-8.0,-0.02177167832851412,0.021719401531542337,40.0,-0.031077265739440918,0.6026976861215819,0.534508098501952,0.22329721397524555,0.2247694329508558,0.7356763512917821,0.9474017746660491,0.0,0.001893939393939394,0.3755132853984833,0.38409024477005005,0.03409090909090909,0.07386363636363637
0.8,21,-98.23110646009445,-118.0,-0.18746114982665374,0.14864048897465398,78.0,-0.26866888999938965,0.5696383569285869,0.6130235302598936,0.28565917764214127,0.36326287700531473,0.8186757283716142,0.8982216486759631,0.0011655011655011655,0.010667903525046383,0.39555642008781433,0.4160028100013733,0.053613053613053616,0.03200371057513915
0.8,22,-118.46015524864197,-157.0,0.0843027759512126,-0.1418714009757553,7.0,0.003966271877288818,0.46468446082567927,0.5297198697735352,0.08736691029461668,0.15588846210832777,0.47481616094394835,1.0117583838672195,0.0,0.01385809312638581,0.21296191215515137,0.3936963677406311,0.0,0.026053215077605323
0.8,23,-53.131580889225006,-94.0,0.06754797200985452,-0.01385821326119041,107.0,-0.11332738399505615,0.5371026217376392,0.5536001884662038,0.22394135178500932,0.1497009915051345,0.9800405811066079,0.8938838920524478,0.0033984706881903144,0.013116236996834011,0.40667015314102173,0.40738120675086975,0.03908241291418862,0.034373586612392586
0.8,24,-7.36156439781189,-21.0,0.048719246337360245,-0.07357953052844979,161.0,0.026025712490081787,0.5386721806530235,0.5687940046441077,0.16069940110474293,0.2659032201424427,1.0589430625302465,0.9496683501693605,0.012987012987012988,0.00949050949050949,0.40524524450302124,0.4228203594684601,0.032185206098249576,0.03596403596403597
0.8,25,-36.14357155561447,-82.0,0.18734436061158888,-0.16082795972327849,93.0,0.036831438541412354,0.4705506703661511,0.5146701746183777,0.06910879258551211,0.18222535114781038,1.1151425209359194,1.1326747725816084,0.011730205278592375,0.007272727272727273,0.3882948160171509,0.40106260776519775,0.043010752688172046,0.03116883116883117
0.8,26,-66.23364913463593,-96.0,0.053797424491958235,-0.08249741100733299,105.0,0.08787047863006592,0.5807000477080411,0.5953070558306244,0.35607140501209994,0.3130224089802621,0.8360471245379836,0.8561755083288777,0.0017316017316017316,0.004975124378109453,0.3871924877166748,0.36894598603248596,0.0354978354978355,0.03075531433740389
0.8,27,72.69631284475327,90.0,-0.005619265816428354,-0.002640833841128787,20.0,0.03057307004928589,0.5871282810271035,0.5709122665027537,0.1608455058389961,0.26021678886384036,0.8156817102382112,0.637992035967908,0.00909090909090909,0.0,0.3497942388057709,0.32639214396476746,0.010743801652892562,0.01818181818181818
0.8,28,-40.769741714000716,-41.0,-0.10355600006325827,0.1342926228102081,86.0,-0.08713078498840332,0.4469666290332117,0.5477559751071233,-0.06523779234596842,0.22771334823554001,1.1575122843623853,0.966339374413538,0.0,0.008589835361488905,0.4096726179122925,0.3804699182510376,0.048625792811839326,0.04151753758052971
0.8,29,-25.594858825206742,-51.0,0.10575896209560487,-0.12194382367464501,91.0,0.16180682182312012,0.5993230338776472,0.6181655808298391,0.2880421697063723,0.4176230933670034,0.7785816385310778,0.7537238361587514,0.007992007992007992,0.004481434058898848,0.36643484234809875,0.38213056325912476,0.007992007992007992,0.035211267605633804
0.8,30,-88.12097978591919,-116.0,0.04760586767177277,-0.02136705278104739,48.0,-0.009249329566955566,0.6247259357444306,0.5208971469259642,0.17959810006826424,0.08905848095400391,0.7263922837796964,1.0137778014002576,0.0,0.021618625277161862,0.37868329882621765,0.42690274119377136,0.03598484848484849,0.040465631929046564
0.8,31,-94.78069549798965,-139.0,0.05606240973328103,-0.02501011942372172,26.0,-0.02262592315673828,0.5705858179132709,0.5643111773177689,0.12784435053159665,0.30665215035445764,0.886391971620672,0.984559576179712,0.0,0.007713498622589532,0.3939513564109802,0.3911624550819397,0.03146853146853147,0.03415977961432507
0.8,32,60.11712187528612,93.0,-0.11855388454155436,0.09442331742440571,61.0,-0.016479969024658203,0.5849217965094895,0.674785925836691,0.20650948568750768,0.3377359318063431,0.8086338956512168,0.6069140122220028,0.012396694214876033,0.0014903129657228018,0.42191582918167114,0.3601653277873993,0.04073199527744982,0.03278688524590164
0.8,33,-47.316067814826965,-91.0,-0.013921828556090088,0.04347311912574442,90.0,-0.21186810731887817,0.6142501204975124,0.4844618992256958,0.2903657128243323,0.0023014952512127643,0.7865885744094313,0.9852604948006213,0.00202020202020202,0.00803616273229533,0.4058072865009308,0.4094398617744446,0.044444444444444446,0.03063787041687594
0.8,34,-5.333905100822449,-6.0,-0.004690194993496988,0.04793151030377821,102.0,-0.013152778148651123,0.5718984222423402,0.5309354426193497,0.08149160370839367,0.23689800830821778,0.8438462241444363,1.012063143185493,0.006238859180035651,0.009259259259259259,0.3871561288833618,0.41990742087364197,0.036541889483065956,0.03956228956228956
0.8,35,27.639971494674683,12.0,0.15224234852958973,-0.1829030232165406,115.0,0.15981703996658325,0.5591690365037887,0.6011751130560606,0.33556422959915927,0.3716372017758954,1.0196843968859712,0.7915140273685619,0.01145311381531854,0.011857707509881422,0.40770423412323,0.4165146052837372,0.03221188260558339,0.04189723320158103
0.8,36,-49.45491540431976,-66.0,-0.0028386479573891954,0.019997932880007174,75.0,-0.00620800256729126,0.5849187568071179,0.5603360403892849,0.3364729340781734,0.20591991362557557,0.8566964016407181,0.912524124043907,0.0,0.013539651837524178,0.3998962640762329,0.38733869791030884,0.037575757575757575,0.024500322372662798
0.8,37,-62.46164655685425,-85.0,0.026243827506607587,0.05111608680282892,51.0,-0.03197014331817627,0.6864592608442289,0.6181378100216363,0.515601134779102,0.36636354449600184,0.612592450494763,0.7442536419966841,0.0,0.004010695187165776,0.403248131275177,0.400733083486557,0.03208556149732621,0.03342245989304813
0.8,38,-75.99902284145355,-110.0,0.07968205446847765,-0.06756532925235179,88.0,-0.01972484588623047,0.70621569214457,0.5585782077325285,0.45115305974012,0.2955686730965161,0.5393439042775863,0.9436670581004287,0.002066115702479339,0.007805325987144169,0.37455251812934875,0.40543392300605774,0.015495867768595042,0.03213957759412305
0.8,39,-134.989377617836,-189.0,0.07400060865614155,-0.09958406762944327,36.0,0.05426943302154541,0.49078898920787956,0.5373740238688302,-0.05666760453031441,0.2453416465821568,0.9187503030006356,1.0156136709284729,0.0025252525252525255,0.0036363636363636364,0.3571392893791199,0.3964649438858032,0.022727272727272728,0.02666666666666667
0.9,0,24.48886674642563,29.0,0.009818743552027498,-0.0199822060379147,112.0,0.041528284549713135,0.5688073918806134,0.6152451448484618,0.26001348839331756,0.29815612015820714,0.9179455244924661,0.7310775314587876,0.007736943907156673,0.003246753246753247,0.385403573513031,0.37133511900901794,0.02256608639587363,0.022727272727272728
0.9,1,-28.574609458446503,-37.0,0.01007907750405379,-0.054465855921081385,139.0,-0.009216547012329102,0.6618395283320693,0.6214231768246586,0.3759534357206433,0.412945140698363,0.7074627727954108,0.7889120168298961,0.004578155657292348,0.0015495867768595042,0.3884032964706421,0.38479986786842346,0.029431000654022238,0.0253099173553719
0.9,2,-63.54651975631714,-81.0,0.039625142982532835,-0.007773786665900589,48.0,0.03168320655822754,0.6856959872782326,0.6267604156836327,0.4229252480881954,0.37656634140673356,0.6613800306859302,0.7756406995612639,0.005681818181818182,0.006342494714587738,0.3796982169151306,0.37800517678260803,0.020833333333333332,0.023960535588442564
0.9,3,-33.1118584871292,-36.0,-0.048572907571846846,0.05224461544240083,107.0,-0.09958738088607788,0.6025621383629218,0.5787649671361811,0.14365478124208422,0.2267908727851813,0.685850591262666,0.8617357126461427,0.0118946474086661,0.012078830260648443,0.3799610733985901,0.3729093670845032,0.029736618521665252,0.024793388429752067
0.9,4,41.604136288166046,58.0,-0.0018484404323794168,0.008412659563449998,36.0,0.07141846418380737,0.6251189010545042,0.5484186925122265,0.4713230970390928,0.25230520755290187,0.7681136831385031,0.9595157488314267,0.0,0.005050505050505051,0.39069679379463196,0.36912837624549866,0.03288201160541586,0.012626262626262626
0.9,5,-10.764514386653914,-14.0,0.00496345258731834,-0.04783369518220182,109.0,-0.014084577560424805,0.5830171543876541,0.6177189362178942,0.10682320323464647,0.28097658508415835,0.8074886420663763,0.7978819186258078,0.010842368640533779,0.011825572801182557,0.3453756272792816,0.3976054787635803,0.016680567139282735,0.019955654101995565
0.9,6,12.296308994293213,69.0,-0.17162713777574634,0.08616874322386098,124.0,0.062487661838531494,0.6254286446671344,0.6118080113621684,0.3994254428786258,0.3854441113811057,0.7720451329073665,0.7766064277430493,0.005652378709373528,0.015395894428152493,0.4154180586338043,0.3961560130119324,0.03579839849269901,0.041788856304985335
0.9,7,-57.51970797777176,-54.0,-0.1483020129124355,0.14369509105353656,109.0,-0.1670917272567749,0.6971999140594624,0.6663613337616588,0.4945066519780829,0.38109910410459436,0.60548217729545,0.6387265933216228,0.0,0.010039040713887339,0.42488133907318115,0.3873487114906311,0.05921601334445371,0.03457891801450084
0.9,8,-72.64507329463954,-90.0,-0.01104617228602811,0.012589572604985111,118.0,-0.04624885320663452,0.5962034034728362,0.6161802385547134,0.229532872064641,0.38062566064442177,0.7906092361009353,0.8009561861485758,0.014637904468412942,0.006993006993006993,0.37654179334640503,0.40691274404525757,0.01926040061633282,0.032342657342657344
0.9,9,-41.038197100162506,-60.0,-0.014504909362739182,0.08584541479324131,97.0,-0.13800132274627686,0.5533432255528823,0.6882701136287839,0.18900820280385985,0.30841209727797203,0.934286962285685,0.6073993283192327,0.0,0.008685581933989578,0.4272930324077606,0.3813943862915039,0.06373008434864105,0.02026635784597568
0.9,10,48.963437318801866,62.0,0.046514887960022455,-0.10709562826261154,96.0,0.07582122087478638,0.6041272212240959,0.6366175192552774,0.38600996928919035,0.480300453587839,0.8370703878682326,0.8080531280570611,0.012082853855005753,0.000946969696969697,0.4135372042655945,0.41977858543395996,0.03855005753739931,0.052083333333333336
0.9,11,-108.68635940551758,-134.0,-0.001680433828994743,0.0565369300613249,28.0,0.015851974487304688,0.6418855590924677,0.6289734439916038,0.4199130042137034,0.34359933653889746,0.6677013236696967,0.730318659804499,0.0,0.004489337822671156,0.3806617558002472,0.38443291187286377,0.025974025974025976,0.018518518518518517
0.9,12,6.311967909336076,31.0,-0.1155237844170216,0.12203474712493018,127.0,-0.08475744724273682,0.6798409836732202,0.6423732526722579,0.49064996086559587,0.43563159128026946,0.6598746086468987,0.7340994610622611,0.011507479861910242,0.0035790980672870437,0.4118179678916931,0.3882597088813782,0.02761795166858458,0.019327129563350035
0.9,13,33.05241107940674,174.0,-0.5434393017410242,0.3822554576804119,17.0,0.017510950565338135,0.6154498453626456,0.5946677786425626,0.27583755076176564,0.3528294164838116,0.7916206218547999,0.8530008674963322,0.0033317467872441696,0.0,0.4291152060031891,0.38092896342277527,0.03046168491194669,0.026737967914438502
0.9,14,-9.44657135009767,-25.0,0.08037860793615059,-0.13380627442833848,117.0,0.08170074224472046,0.6123176522028558,0.6398706029468432,0.3930718288930946,0.424255318397235,0.8506625802026221,0.7796999535973543,0.011655011655011656,0.01088348271446863,0.40378597378730774,0.3895249664783478,0.0473970473970474,0.02560819462227913
0.9,15,-83.26464712619781,-124.0,0.06525377900629226,-0.11112539738323163,82.0,0.019842982292175293,0.6226399553663815,0.5720970096095859,0.3957845327159896,0.261151305403636,0.6908895209849427,0.848659874044714,0.009977827050997782,0.00794351279788173,0.3897358477115631,0.4077024757862091,0.013303769401330377,0.026037069726390114
0.9,16,-161.87625420093536,-190.0,-0.12092638642030629,0.0898744265569748,121.0,-0.2053118348121643,0.6219244627013014,0.5886278720390629,0.23955879086840012,0.3275547732191271,0.7908759996437753,0.8970642416404795,0.018782870022539443,0.018415667933352822,0.43963271379470825,0.3982485830783844,0.051840721262208865,0.021338789827535808
0.9,17,15.89162689447403,22.0,-0.009395735533563987,-0.05118188321444128,93.0,0.03303498029708862,0.5912434004757882,0.5623856433602868,0.32401577917895813,0.17603535056911296,0.8476541238565273,0.8668190995790604,0.010276679841897233,0.002932551319648094,0.39062678813934326,0.40830373764038086,0.03557312252964427,0.028347996089931573
0.9,18,-92.90281200408934,-135.0,0.10195978447255094,-0.09701369682190689,19.0,-0.012363791465759277,0.42311379851428027,0.602559620814448,0.06475977343421181,0.26028335495691846,1.179766915807532,0.8018613261454864,0.0,0.0070838252656434475,0.3521678149700165,0.3910025656223297,0.023923444976076555,0.028925619834710745
0.9,19,-57.46471285820007,-92.0,0.17577559247662133,-0.2338573521943671,9.0,-0.009963154792785645,0.7108036693253245,0.602564510406283,0.30789173319966034,0.26468139838463806,0.3437873299815239,0.7747506473154994,0.0,0.0036003600360036,0.2178795039653778,0.4019412398338318,0.0,0.0405040504050405
0.9,20,34.60003298521042,51.0,-0.048165055486012465,0.035014306552641594,96.0,-0.0025697946548461914,0.6474650582385144,0.6620425777674129,0.33181285972530533,0.47525896197680334,0.716758454538941,0.7025413137101486,0.008658008658008658,0.007575757575757576,0.3985913395881653,0.3985760509967804,0.03339517625231911,0.01231060606060606
0.9,21,-78.04142183065414,-120.0,0.09959631678753333,-0.09033671231604279,70.0,0.023068904876708984,0.6467420857102923,0.5839390748402863,0.3730401549895908,0.3512490530105566,0.6791899409031408,0.9349899772994026,0.0,0.016267942583732056,0.3479127585887909,0.4152270257472992,0.02857142857142857,0.04401913875598086
0.9,22,-67.59076452255249,-81.0,-0.033006338450883965,0.0619320998929625,112.0,-0.025927722454071045,0.6274624453365969,0.6329800341461495,0.40323749733097364,0.3412299452330636,0.8167958019654016,0.7399053170830384,0.0008116883116883117,0.009420631182289214,0.3967256546020508,0.3833066523075104,0.0349025974025974,0.02119642016015073
0.9,23,-17.522050082683577,3.0,-0.12952178152242988,0.1419526836180832,151.0,-0.11006861925125122,0.6294330039618709,0.6860697924236193,0.28065744415656,0.4833133186833078,0.679442669599433,0.5791375114087831,0.008264462809917356,0.004214328717639976,0.38575083017349243,0.3719410002231598,0.032467532467532464,0.018061408789885613
0.9,24,9.861302793025967,29.0,0.021835563336910918,-0.05344236743469233,118.0,0.3298380374908447,0.6405191419621828,0.5934738792719035,0.40034781598617464,0.27463340957461824,0.7429018088986992,0.8216037145717027,0.008658008658008658,0.0030816640986132513,0.4225027561187744,0.42785683274269104,0.04885590599876314,0.05238828967642527
0.9,25,-47.26734668016435,-61.0,0.0027639199005017323,-0.026070256403150138,152.0,0.0008035898208618164,0.6058225280337308,0.6312456399885981,0.3757340696111652,0.46372363918967824,0.8418579451203038,0.8186615242934814,0.005382775119617225,0.0076824583866837385,0.4163173735141754,0.3837762475013733,0.030502392344497607,0.024754588134869825
0.9,26,46.99827057123185,61.0,-8.230942946219066e-05,-0.06553619586689957,82.0,0.060626208782196045,0.6403777226842006,0.6622344210171057,0.4319638712983608,0.451510710016128,0.8165081236727304,0.700370061861997,0.01652892561983471,0.0,0.39757269620895386,0.4079974293708801,0.034329307056579786,0.026607538802660754
0.9,27,62.003365755081155,71.0,0.13693077948585541,-0.17999135808237698,56.0,0.1705794334411621,0.6671292583381795,0.6161609957035606,0.4651232538091175,0.2880540532212701,0.6880212030068235,0.7093419349291793,0.004294917680744453,0.0016233766233766235,0.3248096704483032,0.4298403859138489,0.020042949176807445,0.05194805194805195
0.9,28,110.96637910604477,124.0,0.21160606099808765,-0.20740918548731418,74.0,0.2501946687698364,0.5971859552781174,0.6049263982107088,0.33931508167473856,0.3778790823951557,0.9484534112266918,0.8171710203322693,0.009182736455463728,0.0,0.40322214365005493,0.41979748010635376,0.030303030303030304,0.04791154791154791
0.9,29,-158.47990494966507,-195.0,-0.08232058694468036,0.11471893763781776,28.0,-0.06511437892913818,0.5216888115559178,0.6053590856913084,-0.12612788080591694,0.34733353237492137,1.157721818457035,0.829075754303758,0.003246753246753247,0.006930289441500204,0.31204402446746826,0.4120043218135834,0.022727272727272728,0.03465144720750102
0.9,30,41.95643603801727,62.0,-0.04624453100004422,0.0511259125606337,94.0,0.0018857717514038086,0.5968423754645763,0.5627145407562217,0.3192776105657145,0.20009714807046958,0.9213778984100336,0.884063288835093,0.008741258741258742,0.0019342359767891683,0.4194645881652832,0.3978438675403595,0.04195804195804196,0.027079303675048357
0.9,31,-67.91952633857727,-103.0,0.006738719094705026,0.02206501396788335,53.0,0.02912825345993042,0.5809989117339106,0.5684794720216367,0.2053800038360649,0.36744862174447596,0.8351228265875067,0.9243266224409721,0.0017152658662092624,0.016317016317016316,0.40581220388412476,0.43115681409835815,0.030874785591766724,0.055944055944055944
0.9,32,120.92520105838776,159.0,-0.04292920912108711,0.022681368910611205,19.0,0.017911672592163086,0.59333664707395,0.6681548673486498,0.1963267883234765,0.34706720038192507,0.8287477604324184,0.5973199720796666,0.012768130745658836,0.009569377990430622,0.38130295276641846,0.38523828983306885,0.02553626149131767,0.023923444976076555
0.9,33,47.43525964021683,65.0,-0.006797490577505005,-0.0419847346127335,45.0,0.019798338413238525,0.5167961256151679,0.614923673026243,0.22981318150608498,0.3048477940225837,0.9445193377905853,0.7482290829010364,0.005785123966942148,0.0,0.42714521288871765,0.353013277053833,0.043801652892561986,0.03232323232323232
0.9,34,16.263993859291062,25.0,-0.011867184456173518,-0.013973746109162077,143.0,0.0049953460693359375,0.5520325364919828,0.642721942873787,0.25218389141905406,0.4402577832967229,0.929935051116095,0.7821756795616069,0.008116883116883116,0.007628734901462174,0.4110957682132721,0.36251991987228394,0.03571428571428571,0.02097902097902098
0.9,35,66.42034751176834,120.0,-0.10124365756786258,0.1151782715633734,145.0,-0.0021588802337646484,0.5892640510620802,0.6314332286514714,0.3209800234497524,0.39286786982289024,0.8512110240391242,0.7416896748058839,0.0137221269296741,0.011912225705329153,0.41060081124305725,0.42601749300956726,0.048713550600343054,0.05078369905956113
0.9,36,-159.29145109653473,-198.0,-0.0107592165021968,0.00011817693033569499,19.0,-0.0325322151184082,0.5914324685786524,0.5869847506396316,0.2972464776759564,0.28009667139025024,0.8325223446984944,0.8499078799573108,0.0,0.01508169250104734,0.3338111340999603,0.38622942566871643,0.03349282296650718,0.028068705488060328
0.9,37,-17.086215436458573,-28.0,0.026582962285840228,-0.05790395493421591,132.0,0.04230809211730957,0.6083616982390192,0.5860484737661672,0.33947851337122703,0.285946544417004,0.805384456684988,0.7999219877511746,0.010330578512396695,0.006818181818181818,0.41813966631889343,0.40158453583717346,0.03925619834710744,0.04261363636363636
0.9,38,38.90571308135988,93.0,-0.13561573135868832,0.13816643004700618,110.0,-0.12065267562866211,0.6599038591241483,0.6082395044762082,0.42151519003169663,0.257595752802907,0.700828573933315,0.8082530803252003,0.00850873264666368,0.003305785123966942,0.43281689286231995,0.39438021183013916,0.05105239587998209,0.043801652892561986
0.9,39,15.123682677745819,32.0,-0.047674163911469614,0.09172765764700713,169.0,-0.03478562831878662,0.5781004726276792,0.6066917222066016,0.1296259447807529,0.33252698033804107,0.8915231434355547,0.8002246119504758,0.012211668928086838,0.01613770844540075,0.40643545985221863,0.3952927887439728,0.0370872908186341,0.029047875201721356
1.0,0,27.298953413963304,35.0,0.015301598798237004,-0.004854261136419291,,,,,,,,,,,,,,
1.0,1,-36.18486946821211,-36.0,-0.05834578885288555,0.0466931644827307,,,,,,,,,,,,,,
1.0,2,-17.814873874187484,-31.0,0.03887255087263686,-0.07692242291959658,,,,,,,,,,,,,,
1.0,3,-7.960169196128831,-14.0,0.01989124149856991,-0.032173194713296605,,,,,,,,,,,,,,
1.0,4,-0.522735059261322,12.0,-0.07591195422041741,0.14051868493017466,,,,,,,,,,,,,,
1.0,5,6.89956688880919,-2.0,0.05889575147246351,-0.06233784581311569,,,,,,,,,,,,,,
1.0,6,24.20542562007904,8.0,0.12231372413547359,-0.21751753525276682,,,,,,,,,,,,,,
1.0,7,46.540463387966156,47.0,0.15856476333872715,-0.1269740379740854,,,,,,,,,,,,,,
1.0,8,-55.78146040439606,-198.0,0.5191073316314909,-0.448690318906816,,,,,,,,,,,,,,
1.0,9,-2.3997488021850586,-37.0,0.12648358483986055,-0.14174389235105278,,,,,,,,,,,,,,
1.0,10,3.4585299491882466,3.0,0.008321583854334902,-0.024897476699559107,,,,,,,,,,,,,,
1.0,11,-69.18081492185593,-87.0,-0.034216393353679764,0.04895517968023405,,,,,,,,,,,,,,
1.0,12,30.52977019548416,35.0,0.02079718868293501,0.019996160905939725,,,,,,,,,,,,,,
1.0,13,-114.71826809644699,-137.0,-0.16101942909391298,0.1715353466266103,,,,,,,,,,,,,,
1.0,14,-25.35304057598114,-15.0,-0.12247886432453148,0.08087063235881731,,,,,,,,,,,,,,
1.0,15,-31.73457896709442,-38.0,-0.014404874753665586,0.0602298335734385,,,,,,,,,,,,,,
1.0,16,-49.41861027479172,-86.0,0.05577953791399615,-0.0048957093188310985,109.0,-0.08196395635604858,0.6809584164140883,0.620157863207712,0.43482243328830766,0.3922490854742741,0.5764769905426059,0.86289980000333,0.004170141784820684,0.007459207459207459,0.38861599564552307,0.37155088782310486,0.03836530442035029,0.027972027972027972
1.0,17,35.32096940279007,63.0,-0.11487396558125806,0.06691425768017048,84.0,0.01572972536087036,0.6904406303305319,0.6085482958224188,0.5251645703136737,0.3169454384380942,0.684798975045622,0.752362528352527,0.008039579468150896,0.0010822510822510823,0.389220654964447,0.37575963139533997,0.022881880024737167,0.022727272727272728
1.0,18,-36.42468196153641,-90.0,0.16622571765546623,-0.1446454082020726,132.0,0.03922396898269653,0.6591076650872968,0.6905136658760075,0.4578169327377882,0.5293622587458929,0.6660760403161354,0.6531775896479368,0.011019283746556474,0.0045045045045045045,0.3991321623325348,0.40552446246147156,0.02066115702479339,0.029484029484029485
1.0,19,-3.751262366771698,-1.0,-0.01904454311901238,0.05108283437471012,157.0,-0.028142094612121582,0.6548082071079449,0.6221308389180898,0.39439293302254863,0.2511606518362449,0.6617795068965019,0.744207726680804,0.0052113491603937466,0.017836593785960874,0.3827122747898102,0.397373765707016,0.02026635784597568,0.03394706559263521
1.0,20,118.36621868610379,143.0,0.05917389156979824,-0.09042681965359511,151.0,0.1411452293395996,0.6623964326578647,0.6779885275971739,0.49116483882342993,0.4089035181606029,0.7168787683850391,0.6742865170951678,0.015460729746444033,0.013245033112582781,0.39250844717025757,0.38346144556999207,0.03153988868274583,0.03732691149909693
1.0,21,72.99616020917892,108.0,-0.06324157861689494,0.0680601028021599,64.0,-0.05382812023162842,0.663111486942977,0.6837288866093574,0.4722923169935888,0.48538577781917774,0.7075701885436186,0.645483568354872,0.0036997885835095136,0.007102272727272727,0.4140399694442749,0.430569052696228,0.03805496828752643,0.045454545454545456
1.0,22,6.705085694789858,-22.0,0.08537729802867278,-0.12111425301773321,242.0,0.06885421276092529,0.6621319733517128,0.6253935972396533,0.47086251702264065,0.3911392747285597,0.7303367170486524,0.8003089945006009,0.0067618332081141996,0.006887052341597796,0.4094828963279724,0.43024012446403503,0.03794139744552968,0.05234159779614325
1.0,23,-18.509590446949005,-16.0,-0.04399652749257732,0.05329434851594009,125.0,-0.06181609630584717,0.6429154205860909,0.6767770422280622,0.38393296948684735,0.5393651075587798,0.6977090221832548,0.6557866224785752,0.008,0.0025789813023855577,0.38998913764953613,0.40061143040657043,0.030545454545454546,0.027079303675048357
1.0,24,-99.44333654642105,-133.0,-0.0560230512381632,0.1294674037298535,77.0,-0.17523568868637085,0.6521409475403029,0.6843628838001078,0.43454346740205546,0.5601175200170687,0.6451820337966061,0.6738410675173365,0.0,0.009523809523809525,0.41901445388793945,0.41367846727371216,0.0755608028335301,0.0341991341991342
1.0,25,39.57973402738571,37.0,0.07270102347876584,-0.06896293321120983,148.0,0.07093805074691772,0.6049768871048751,0.6431282519991993,0.4243521511119677,0.45706855697097964,0.8446303073652834,0.7781490990771778,0.009336609336609337,0.01167076167076167,0.40573832392692566,0.4125482439994812,0.029975429975429974,0.03501228501228501
1.0,26,57.731383442878716,79.0,-0.025845033647837412,-0.024895189475839685,56.0,0.06377530097961426,0.6236863060976139,0.7196847466670525,0.3785046263097794,0.44617939469402107,0.8874468985187679,0.5601451441933888,0.011447811447811448,0.003246753246753247,0.4249008595943451,0.41897889971733093,0.037037037037037035,0.04383116883116883
1.0,27,19.95296621322632,24.0,0.06340588324305169,-0.18813123434954965,141.0,0.3886807858943939,0.6439758529160238,0.6454461230889151,0.3523762731089526,0.4515805955264357,0.7282301063164225,0.7804878243955325,0.006060606060606061,0.0025789813023855577,0.41772252321243286,0.4192858636379242,0.03911845730027548,0.058027079303675046
1.0,28,48.683779299259186,78.0,-0.06448462680099776,0.0708961733553524,119.0,0.013931572437286377,0.6562986488254455,0.6525871473307302,0.47996443670437927,0.4135500906892839,0.7096104320145333,0.7812739378071895,0.01384402399630826,0.0015278838808250573,0.4210135340690613,0.35410186648368835,0.050299953853253344,0.019098548510313215
1.0,29,-39.80133134126662,-87.0,0.1473526876959479,-0.1560066767054698,132.0,0.15598124265670776,0.6595507513987111,0.66690317216586,0.5087335373536896,0.43246789354626564,0.7173538763065342,0.6924241867358207,0.004132231404958678,0.012453300124533,0.38718634843826294,0.4117930233478546,0.03168044077134986,0.0327936903279369
1.0,30,9.818584203720093,-63.0,0.3819395239952007,-0.3460123615680656,95.0,0.1187596321105957,0.7181761854115377,0.6996381974913345,0.3963322394415985,0.5216581420170963,0.5153068576704822,0.5928511114926512,0.0,0.0017261219792865361,0.32664060592651367,0.4136645495891571,0.01818181818181818,0.029344073647871116
1.0,31,-25.09707260131836,-2.0,-0.15874583133353493,0.06675260064917221,149.0,-0.1616591215133667,0.6728379750758444,0.6435661835853048,0.5082244088134892,0.29094864775521045,0.7276435345465522,0.6775367131234457,0.012812690665039659,0.0006020469596628537,0.42457491159439087,0.38427454233169556,0.03965832824893228,0.03672486453943408
1.0,32,99.58480727672577,129.0,-0.007857044519198997,-0.014472934911634205,166.0,0.012594938278198242,0.6230835023301682,0.6330108182443348,0.36527290544926966,0.34553097830197205,0.8075108974104576,0.730392237092831,0.013559322033898305,0.00547645125958379,0.41764384508132935,0.3657132387161255,0.03020030816640986,0.02628696604600219
1.0,33,-45.292645275592804,-87.0,0.1508204829305797,-0.1854086869791779,88.0,0.15299707651138306,0.7205559147448494,0.6435634484142537,0.5749374518548475,0.4066534005295377,0.5744938119644606,0.7157780686043554,0.007231404958677686,0.004675324675324675,0.35438624024391174,0.3867379426956177,0.01652892561983471,0.034805194805194804
1.0,34,6.565142571926117,49.0,-0.15295297563913024,0.1249367231914158,153.0,-0.021825194358825684,0.6035542139201978,0.6941141578172831,0.2974252074391193,0.49754021279737465,0.8463042883943888,0.5557036859808284,0.010351035103510351,0.0041592394533571005,0.42779600620269775,0.38891837000846863,0.036003600360036005,0.0255496137849079
1.0,35,93.85438656806947,134.0,-0.06648588286186086,0.038720837695331495,116.0,0.02672475576400757,0.6348824586931738,0.6545966811140239,0.3804127464488971,0.45504471005987135,0.7816264461004055,0.6749814374188452,0.01090909090909091,0.008620689655172414,0.41050267219543457,0.39536502957344055,0.02909090909090909,0.02586206896551724
1.0,36,-34.353348791599274,-57.0,0.0656110630120339,-0.1286121934454191,122.0,0.0848131775856018,0.6528202844048457,0.6792366777616285,0.43581517134046077,0.46729120656259676,0.753649387657242,0.6735648893523574,0.011922503725782414,0.002031488065007618,0.37401071190834045,0.3809855282306671,0.030551415797317436,0.02691721686135094
1.0,37,-58.601717829704285,30.0,-0.46209048699780875,0.2601413034946487,141.0,-0.1607993245124817,0.674101873267435,0.6730477196888516,0.44586237746174645,0.42821800422826295,0.7127590595218698,0.6806879180254151,0.003189792663476874,0.009026434558349452,0.44784241914749146,0.43000853061676025,0.05688463583200425,0.039329464861379754
1.0,38,-45.32189863920212,53.0,-0.6320976558968744,0.47271508042393207,87.0,-0.17293429374694824,0.6597954015380912,0.6815020693995829,0.5239774551492354,0.5666732744910505,0.7589112161692653,0.6061910852418804,0.0006493506493506494,0.006269592476489028,0.4454769492149353,0.33436259627342224,0.053246753246753244,0.017763845350052248
1.0,39,-44.459149360656724,-42.0,-0.08990345452238657,0.05557976529116976,151.0,-0.08384203910827637,0.6829336111108779,0.637199648992876,0.553450163663952,0.3904243052908131,0.7118699333870688,0.7754484327124398,0.005418422636965683,0.0004710315591144607,0.3814639449119568,0.3975193500518799,0.02107164358819988,0.025435704192180875
1.2,0,66.04418134689331,-5.0,0.4140390192796562,-0.2194539614802931,164.0,0.3269908130168915,0.7442782521600257,0.7190203745675069,0.637011583498114,0.5570655760195625,0.5485083309702902,0.6159629136940095,0.013303769401330377,0.008068854222700376,0.41886797547340393,0.39677199721336365,0.03270509977827051,0.025282409897794515
1.2,1,32.6027507185936,-25.0,0.2792216463648718,-0.057256143661232606,155.0,-0.08665162324905396,0.6889035227123901,0.7273192423920976,0.48021579575813117,0.6186405013547094,0.6288103302187446,0.576948153196636,0.002932551319648094,0.00808080808080808,0.40056535601615906,0.4141312539577484,0.03870967741935484,0.03434343434343434
1.2,2,-60.09561520814895,-85.0,-0.037709611978815394,0.03788438597598759,73.0,-0.02183765172958374,0.726259833274833,0.7089497230779239,0.6168435372247979,0.5918668154846334,0.5533489324795147,0.5925529475131874,0.0024906600249066002,0.00805523590333717,0.37912875413894653,0.3949772119522095,0.026151930261519303,0.03394706559263521
1.2,3,31.235146939754486,44.0,-0.027724612324326103,0.022723955920632977,81.0,0.005580425262451172,0.7078686247513496,0.7169808551096124,0.5290010166757331,0.5810683289391115,0.5388764405495489,0.5316938504097978,0.007272727272727273,0.0,0.3736477196216583,0.3708761930465698,0.03272727272727273,0.029180695847362513
1.2,4,18.452372729778304,-11.0,0.1538900531127012,-0.1468670630139593,166.0,0.115134596824646,0.702115913732827,0.716653868128186,0.5524173740233458,0.5469879463244773,0.6428539777518479,0.5716229575026881,0.004928806133625411,0.01078582434514638,0.417682021856308,0.4002220928668976,0.03888280394304491,0.04108885464817668
1.2,5,22.061970114707933,25.0,0.016138968952409516,-0.0008549047825046063,105.0,0.04396122694015503,0.7098888086093486,0.6884475213675859,0.5658258964436959,0.5483388978940033,0.5860282630159784,0.6259246452564334,0.007692307692307693,0.004329004329004329,0.3964293301105499,0.38458600640296936,0.03076923076923077,0.03636363636363636
1.2,6,34.063577473163605,-60.0,0.31439545321583173,-0.22882805090009595,188.0,0.4176364839076996,0.6954598902514716,0.6952989416736242,0.5684939706917213,0.5318023898210485,0.6299969711128667,0.6118286795015715,0.007253384912959381,0.005131964809384164,0.4146118760108948,0.4440024495124817,0.04206963249516441,0.05205278592375367
1.2,7,39.68382012844086,68.0,-0.0666127071518674,0.09485316787824893,133.0,-0.06435668468475342,0.7117432091250872,0.7319549971111989,0.5893567571092708,0.6012308993425037,0.5979086613675726,0.5523030838286024,0.013116236996834011,0.006151742993848257,0.41293469071388245,0.3496793806552887,0.03844414292175486,0.025974025974025976
1.2,8,10.640978336334243,-14.0,0.14780251895104246,-0.1057255179504833,131.0,0.07595652341842651,0.7432261558411681,0.6807538024392975,0.6492129813834362,0.47210194780748327,0.5252141543524533,0.6337191728630985,0.0,0.006896551724137931,0.40588489174842834,0.384746253490448,0.03539208882720333,0.03260188087774295
1.2,9,100.54027676582336,158.0,-0.09405087780625732,0.10068891451121204,49.0,0.05569690465927124,0.6766825133109188,0.6985804988779774,0.5181095449533609,0.5300011833779569,0.7526545241807902,0.6205805152029681,0.012296881862099254,0.0,0.4174630045890808,0.3917061388492584,0.03469477382520861,0.02411873840445269
1.2,10,-88.05390477180482,-125.0,0.09351767634603025,-0.1407757926279227,23.0,0.00029927492141723633,0.7285131130161132,0.697215577134605,0.4351580148964788,0.5428196913303606,0.5338139667661922,0.6416355703844664,0.0,0.006756756756756757,0.32984328269958496,0.4186128079891205,0.03557312252964427,0.02764127764127764
1.2,11,10.326417744159698,11.0,0.021438208506220913,-0.0175616953096831,105.0,0.07661008834838867,0.7275117788723219,0.7172708000486625,0.4787655094647287,0.5074585394203317,0.48887310171601583,0.5310860013368991,0.007836990595611285,0.0008658008658008658,0.38561734557151794,0.39446911215782166,0.03526645768025078,0.02077922077922078
1.2,12,15.439010560512543,36.0,-0.09626940817192753,0.07294740354323209,108.0,-0.1392698884010315,0.711778765698862,0.6985945973309751,0.5478931692633876,0.5464810337667474,0.577836233963983,0.6512963440825887,0.00946969696969697,0.006734006734006734,0.40614375472068787,0.3511379659175873,0.03535353535353535,0.021043771043771045
1.2,13,-182.89594215154648,-227.0,-0.05983820920991989,0.08501018070190292,127.0,-0.06854873895645142,0.7080340098925416,0.7029428929962613,0.571205346583329,0.5342688138772685,0.619355064863375,0.6811865211962924,0.005010737294201861,0.014124293785310734,0.43519526720046997,0.4066770374774933,0.03722261989978525,0.03338469440164355
1.2,14,17.362125158309908,75.0,-0.21113897007703786,0.23133930253237478,125.0,-0.30041757225990295,0.6722300356470495,0.6801932742582669,0.502227047584026,0.5215473835509772,0.7278514257244247,0.6294281040847786,0.005,0.004363636363636364,0.42248979210853577,0.37403348088264465,0.04818181818181818,0.029818181818181817
1.2,15,-88.16180038452148,-116.0,0.009519178398589179,-0.004552941415735257,37.0,-0.01145172119140625,0.779639401047569,0.7638530392522132,0.605772780587202,0.7039617524137589,0.3927746007145672,0.498588980712464,0.004914004914004914,0.008318478906714201,0.3910317122936249,0.3831978738307953,0.03931203931203931,0.0285204991087344
1.2,16,-95.54646253585815,-112.0,-0.12680698425485137,0.1427621958813237,41.0,-0.13833296298980713,0.6758218523332057,0.7297291774827053,0.5010176296001897,0.597042970825103,0.566675409068557,0.5487066494126253,0.0,0.006535947712418301,0.39729881286621094,0.3747510015964508,0.057649667405764965,0.030897207367795602
1.2,17,69.88469570875166,78.0,0.09587277881206013,-0.13376708502932028,71.0,0.11980372667312622,0.7029073468789334,0.6917312632282528,0.5883170265431372,0.5873303998523761,0.6366739247448617,0.5756432219269131,0.0036607687614399025,0.0012804097311139564,0.380893737077713,0.38756152987480164,0.026235509456985967,0.03329065300896287
1.2,18,-163.11563354730606,-229.0,0.06349423615310368,-0.03718355380025651,110.0,0.018557310104370117,0.7067823913429566,0.685216014966301,0.5270241620623388,0.5397977799181546,0.5898272111911805,0.6544405783226118,0.0024793388429752068,0.016090104585679808,0.38581612706184387,0.4117477834224701,0.019008264462809916,0.03378921962992759
1.2,19,-42.33953398466109,-51.0,-0.016266216765827735,0.03473091363557207,138.0,-0.04162955284118652,0.7230527302873718,0.7021390778495941,0.5722624914089283,0.4963083219614226,0.5927225616793825,0.6717065315064118,0.006587615283267457,0.012025012025012025,0.3548825979232788,0.4019954800605774,0.0230566534914361,0.025974025974025976
1.2,20,-59.549547493457794,-141.0,0.19450927301881393,-0.18438096249081648,135.0,0.25280648469924927,0.6950352199177302,0.675892914802488,0.5448645457102672,0.4938732026292173,0.614865756978839,0.659576028500159,0.009427609427609427,0.011857707509881422,0.4188438057899475,0.40779271721839905,0.030303030303030304,0.03919631093544137
1.2,21,-69.21585112810135,-95.0,-0.019911270652836155,0.07947230815842382,237.0,-0.002076089382171631,0.7312021992930853,0.7066352385490619,0.5925370824995446,0.5845412825583267,0.5689607077081706,0.647992954124605,0.0011507479861910242,0.013964950711938665,0.41490617394447327,0.39546748995780945,0.0364403528960491,0.03669222343921139
1.2,22,43.737097799777985,52.0,0.07169595973526455,-0.09629337152321932,110.0,0.007108569145202637,0.7014170570612859,0.7392546766831601,0.5259496495438448,0.552863685349993,0.5755362839450008,0.5255470106694039,0.009539842873176206,0.0,0.41361579298973083,0.4180798828601837,0.04264870931537598,0.030578512396694214
1.2,23,-39.99212884902954,4.0,-0.2293648228610955,0.0027642848353530147,182.0,-0.13317835330963135,0.731461182128216,0.7221669593708658,0.6231469867603504,0.5017777659967202,0.570965270757639,0.5174355531197254,0.008797653958944282,0.0034965034965034965,0.3886766731739044,0.4004148542881012,0.028347996089931573,0.03146853146853147
1.2,24,-46.242665052413926,-39.0,-0.09195306216650467,0.111189207430089,165.0,-0.10981553792953491,0.7214742095722222,0.6932231866524342,0.6293791220711378,0.5747800552056126,0.5469456019177917,0.6550749660616868,0.0022038567493112946,0.006238859180035651,0.4231865704059601,0.4016539752483368,0.03856749311294766,0.029411764705882353
1.2,25,138.74268919229507,100.0,0.4047599921921913,-0.26039773056417914,186.0,0.480161190032959,0.7116535536320763,0.6838566681098582,0.5673513895636705,0.5088513693489101,0.5951703164958174,0.6885183603056098,0.011760966306420852,0.002932551319648094,0.41483986377716064,0.4334137737751007,0.03305785123966942,0.05083088954056696
1.2,26,-206.93602216243744,-333.0,0.0841438692919354,-0.01903469946019959,67.0,-0.07008981704711914,0.7153115269364494,0.6971093926928394,0.488264394323623,0.5617230356610389,0.5706116109433754,0.6699886609077906,0.0,0.012272727272727272,0.4347503185272217,0.4212953448295593,0.06105834464043419,0.04113636363636364
1.2,27,54.31026017665863,63.0,0.08190072672943849,-0.05577203522856777,55.0,0.05728137493133545,0.6583877931394496,0.7154586516551019,0.520989249042179,0.5540562942533105,0.6889657258476825,0.4998153518343311,0.003852080123266564,0.0,0.4216090440750122,0.373466819524765,0.045454545454545456,0.03966942148760331
1.2,28,-12.862549841403961,-95.0,0.4123606157445253,-0.2831644414092255,58.0,0.05254441499710083,0.7218735097236427,0.6986765759463288,0.5466369262964892,0.5227362983368604,0.5016602197674698,0.6267233426075809,0.006269592476489028,0.0035650623885918,0.3911859691143036,0.43911013007164,0.045454545454545456,0.06417112299465241
1.2,29,28.59882628917694,6.0,0.17852248566839468,-0.12258971279676739,133.0,0.18480807542800903,0.7246076270567907,0.7211034269084844,0.5709697358751562,0.5436942664709924,0.6041173383943552,0.6024936421850852,0.007194244604316547,0.012987012987012988,0.39224356412887573,0.41504189372062683,0.020274689339437543,0.04921394395078606
1.2,30,74.8440951704979,168.0,-0.126390240957021,0.06764417604752349,175.0,0.0010845661163330078,0.7006440944906157,0.7055607596474438,0.5379930827787855,0.5309272873529851,0.6361144942947627,0.592348206955569,0.008746355685131196,0.006753246753246753,0.41243550181388855,0.37383943796157837,0.032865094089583886,0.027012987012987013
1.2,31,17.833781778812423,2.0,0.11475241365543742,-0.10299795858543048,142.0,0.12039607763290405,0.7093467223553069,0.6849464326778318,0.4961879230794679,0.5856700246239059,0.5901682360257554,0.6628982213002885,0.001893939393939394,0.007042253521126761,0.40611737966537476,0.3912985622882843,0.03282828282828283,0.040973111395646605
1.2,32,22.512828707694993,40.0,-0.019792166077141404,-0.0054742870550442135,132.0,0.06160157918930054,0.7245986593877624,0.7077223860550617,0.5841288585106706,0.5582830166150197,0.5492137040313272,0.6114430408030916,0.0036997885835095136,0.003443526170798898,0.40912944078445435,0.4012235105037689,0.045454545454545456,0.03443526170798898
1.2,33,7.508181154727922,2.0,0.04013232367080555,0.0035326176512529006,150.0,0.04105222225189209,0.7000692646014964,0.7089683070107342,0.5835209577906275,0.5828314814296695,0.6224876753813039,0.5384095187268453,0.008971291866028708,0.010303030303030303,0.41790640354156494,0.4278000593185425,0.03827751196172249,0.041212121212121214
1.2,34,64.45354801416397,89.0,0.0027268030233429386,0.022012026186538025,104.0,0.0030896663665771484,0.698005810407727,0.6853356508062822,0.5772915591499941,0.5507215822335723,0.651608689512608,0.6466605470675667,0.0131888836552049,0.013111888111888112,0.41073963046073914,0.36818578839302063,0.04851625058878945,0.018356643356643356
1.2,35,68.8589072227478,71.0,0.09397009060193529,-0.050348431871036214,124.0,0.09756231307983398,0.7060928023759516,0.697714735739564,0.612926427460823,0.556474490561261,0.6133921694211122,0.645438495135561,0.009324009324009324,0.01906158357771261,0.39325907826423645,0.4121464192867279,0.024242424242424242,0.03372434017595308
1.2,36,-21.8039653301239,-34.0,0.05614224615378105,-0.02803386352024978,48.0,0.005817413330078125,0.6820475704637484,0.7154184051198779,0.28755948086524774,0.5314188019610949,0.6199192760431647,0.5544115058194042,0.0,0.025498891352549888,0.37847185134887695,0.43353918194770813,0.030303030303030304,0.038802660753880266
1.2,37,-95.38908416032791,-118.0,0.020889385507888103,-0.0431338793895783,85.0,0.04856598377227783,0.6939916772907182,0.7121049140878077,0.510338899543707,0.5230180514563045,0.6011791033596895,0.6361727233893643,0.0010695187165775401,0.010300044782803403,0.3391156494617462,0.40775057673454285,0.012834224598930482,0.03000447828034035
1.2,38,59.7667236328125,64.0,0.14133195531393672,-0.1690584520886797,70.0,0.16598427295684814,0.688584039184621,0.7082458094268769,0.5252521783906038,0.538657553442714,0.6368628571834652,0.6029412445229059,0.008819538670284939,0.0,0.38315677642822266,0.42375773191452026,0.031207598371777476,0.03766233766233766
1.2,39,62.86768311262131,66.0,0.07753979476492856,-0.06985988821139255,159.0,0.09877598285675049,0.6806168846324077,0.6852062986740954,0.512033091025613,0.5451051980473757,0.6581378148769271,0.6254977409930957,0.01292929292929293,0.011435105774728416,0.3909110724925995,0.41561785340309143,0.02707070707070707,0.048027444253859346
1.4,0,22.51383817195891,-29.0,0.26181476148953786,-0.05688852660435162,139.0,-0.08193802833557129,0.7221035435142585,0.7584711172221791,0.5380199918418114,0.6413152940625637,0.5566223183830751,0.5249659849824174,0.006540222367560497,0.00974025974025974,0.4149528443813324,0.4194965958595276,0.03858731196860693,0.031385281385281384
1.4,1,-30.81508630514145,-53.0,0.06139011881521084,-0.06854975633016508,58.0,-0.04173392057418823,0.736419512715561,0.7713238362517113,0.6025664872506851,0.6689575184055278,0.5543495203223431,0.4740726035307271,0.0,0.001638001638001638,0.39948129653930664,0.3875160813331604,0.03761755485893417,0.018837018837018837
1.4,2,8.091223478317247,-24.0,0.14126214810806814,-0.156354902093103,167.0,0.11426955461502075,0.7303225940308002,0.7484302873405383,0.6317420761665791,0.6774518135788714,0.553099127269965,0.5224844347818809,0.00326619488296135,0.010947168015230843,0.37865307927131653,0.4062039852142334,0.02885138813282526,0.03093764873869586
1.4,3,100.96373701095581,86.0,0.4047320446735776,-0.29024357263734407,81.0,0.41772156953811646,0.7130371283967336,0.7208317160133114,0.5924903595839939,0.5568132403784539,0.6202647734554906,0.5547163436118094,0.010342950462710943,0.003367003367003367,0.39808234572410583,0.45795249938964844,0.040283070223189985,0.058361391694725026
1.4,4,-54.23676371574402,-64.0,-0.007454956699331494,0.062171652407734784,41.0,0.002887725830078125,0.7404914311205928,0.7668479069246601,0.5614509754116276,0.6256790146507825,0.48437756068515725,0.4870428167437535,0.004434589800443459,0.0,0.3153582513332367,0.3147950768470764,0.013303769401330377,0.007792207792207792
1.4,5,-112.84282368421555,-159.0,0.0707442439180308,-0.0349016732915379,67.0,-0.03540980815887451,0.7494795030740223,0.7355619627312635,0.5618284276766363,0.6068353960749098,0.45932863139257785,0.5889620582399884,0.005427408412483039,0.009654062751407884,0.38494938611984253,0.401081383228302,0.0203527815468114,0.03378921962992759
1.4,6,-92.0322698354721,-128.0,0.009278889572776228,-0.016322911142030383,103.0,0.047183096408843994,0.7329513239299412,0.738653119352762,0.5726903252603519,0.6223585036299853,0.5051429773627103,0.5906751586859815,0.00441306266548985,0.007870916961826053,0.379762202501297,0.4158540666103363,0.05030891438658429,0.030696576151121605
1.4,7,37.68697297573091,41.0,0.046174102742088774,-0.040300694679262505,193.0,0.09025126695632935,0.7348364172468996,0.7105333348826154,0.6273786138335861,0.5749659934636071,0.5414687832907356,0.5959984417035719,0.006993006993006993,0.008478568064060292,0.4088543653488159,0.42554691433906555,0.04156954156954157,0.05134243994347621
1.4,8,38.862494766712175,55.0,-0.0371952002821595,0.04698542013840912,98.0,-0.045562028884887695,0.7731547225083418,0.7305602988390951,0.6963393684607596,0.48093460803145144,0.4593925426093383,0.5251045299406496,0.0112893642305407,0.0027829313543599257,0.3751654028892517,0.3745739758014679,0.017825311942959002,0.021335807050092765
1.4,9,-56.32160270214081,-108.0,0.1530961493278562,-0.14619848981617858,118.0,0.06227278709411621,0.7406863022449506,0.7349055855959127,0.602713843330111,0.6399460398339101,0.5596236958482911,0.5418101632640889,0.009244992295839754,0.014883346741753822,0.3526943325996399,0.4139549136161804,0.03389830508474576,0.029766693483507644
1.4,10,-51.070706844329834,-65.0,-0.0013744615320682163,0.026080821046694236,191.0,-0.013043880462646484,0.7346867286106225,0.7278632637219203,0.6064121539446305,0.6371544362666839,0.5590910875376802,0.5775844938096188,0.00951927653498334,0.00887784090909091,0.4078065752983093,0.3973879814147949,0.02570204664445502,0.02556818181818182
1.4,11,-19.104775667190566,-34.0,0.04530293836313126,-0.08636257793918689,136.0,0.06364977359771729,0.730126257769378,0.6981978442292537,0.5442488635088807,0.509397791906567,0.6023475842679052,0.6167592170086715,0.004679144385026738,0.004812834224598931,0.37205612659454346,0.39831438660621643,0.01871657754010695,0.03796791443850268
1.4,12,92.43084907531741,103.0,0.1107336833838416,-0.13807261112057767,91.0,0.12062394618988037,0.7359403442974425,0.7531395299211542,0.6023303849373124,0.6126114214150798,0.550516465692075,0.5069008972205457,0.004217432052483599,0.00999000999000999,0.39403197169303894,0.3916928470134735,0.02577319587628866,0.03596403596403597
1.4,13,-15.25833135843277,-7.0,-0.08206709355793218,0.07379216910869052,121.0,-0.10435527563095093,0.7551505461891591,0.7511757509480728,0.6675329070542996,0.5829853098224023,0.4815550142244863,0.5081766608100186,0.008264462809917356,0.0078125,0.40263742208480835,0.37534064054489136,0.03305785123966942,0.024857954545454544
1.4,14,-125.03955149650574,-177.0,0.10065642495351301,-0.1346855975630221,73.0,0.05001962184906006,0.7038636878320556,0.7572290792947249,0.44749237065424763,0.6402087922574008,0.6071829385277071,0.5334876496323367,0.009962640099626401,0.014181818181818183,0.3537748456001282,0.386039137840271,0.019925280199252802,0.02909090909090909
1.4,15,96.91792756319046,49.0,0.4064843132387393,-0.21437773623494144,145.0,0.41151025891304016,0.7580438294942566,0.7647311682151934,0.6366098269103916,0.6394530329435012,0.5086062196024999,0.5046761970814518,0.006560449859418931,0.007523510971786834,0.4014599025249481,0.4090205729007721,0.027647610121836926,0.03197492163009404
1.4,16,12.614774286746979,-58.0,0.5437598978429493,-0.412347581189594,49.0,0.13219547271728516,0.7560387617649087,0.7243254672884224,0.6104288471196331,0.520653776496167,0.5030463086840785,0.54719798387358,0.0018552875695732839,0.002548853016142736,0.4054727256298065,0.40580084919929504,0.05194805194805195,0.04248088360237893
1.4,17,95.5816598534584,111.0,0.03219495472579481,-0.034075315285781005,113.0,0.04121589660644531,0.7530214120830458,0.7148380527300248,0.674094523808578,0.5825400649381978,0.5118134316945183,0.6000295743798706,0.009334415584415584,0.011263073209975865,0.36975616216659546,0.36754733324050903,0.0174512987012987,0.02413515687851971
1.4,18,45.76501780748367,40.0,0.08253892691556419,-0.08411418472299698,163.0,0.095028817653656,0.7336006333522267,0.7511833954509549,0.6135622261404886,0.681103020552853,0.5423452115744667,0.5186459725680067,0.006269592476489028,0.0033463469046291134,0.38677600026130676,0.4136333465576172,0.028660994178235557,0.040156162855549356
1.4,19,30.477010846138,13.0,0.14313467041896366,-0.04334373499005745,149.0,0.1435977816581726,0.7437031582547659,0.745324543121641,0.6197095550885968,0.6364430576669647,0.5330660017176986,0.5462886287056361,0.007856341189674524,0.004881025015253203,0.4088868498802185,0.4168858230113983,0.03310886644219978,0.03111653447223917
1.4,20,7.2142868638038635,18.0,-0.04615736650518609,0.07051382962108979,143.0,-0.03325545787811279,0.7562323394640724,0.7909255373316371,0.6355815347230996,0.6717350406257253,0.5024389322861993,0.4233122659207324,0.0016939582156973462,0.00572155117609663,0.422702819108963,0.39954033493995667,0.04291360813099943,0.02670057215511761
1.4,21,119.21107572317123,68.0,0.4571287458446747,-0.20370372195449293,154.0,0.5499515533447266,0.7453509393531593,0.7478209116430282,0.6151432236533363,0.616344754490095,0.5224201979020453,0.5668376102811924,0.009418509418509418,0.012987012987012988,0.4045895040035248,0.40623727440834045,0.03480753480753481,0.03423848878394333
1.4,22,3.1631520986557007,-5.0,0.05162367953194513,-0.09413349473228058,135.0,0.03526681661605835,0.7492764808598215,0.7719658917175863,0.6351765948465272,0.7082006931864396,0.5023075835016121,0.45127505468283663,0.0047138047138047135,0.0006493506493506494,0.3640666902065277,0.36738404631614685,0.017508417508417508,0.026623376623376622
1.4,23,-81.52949851751328,-112.0,0.021117799768398116,-0.00031075088993948174,167.0,0.04900527000427246,0.7609784707451552,0.7297417294898131,0.6277065173220807,0.6138584809371175,0.4874683012978075,0.5396183940189495,0.00326619488296135,0.006516780710329097,0.3987237513065338,0.402967631816864,0.027218290691344585,0.04626914304333659
1.4,24,62.37328785657884,75.0,0.09119617105957467,-0.11811336294916647,74.0,0.1398870348930359,0.7728084979596358,0.7290569635958513,0.6473986779838881,0.5617808951763474,0.4361826055946627,0.5162687546006299,0.004881025015253203,0.0012285012285012285,0.4283304512500763,0.40404951572418213,0.04697986577181208,0.02457002457002457
1.4,25,-102.29787141084671,-124.0,-0.029807158688766044,0.04382315557778871,90.0,-0.07054013013839722,0.7745003685339144,0.72646733673635,0.6623449848097838,0.6203724391791534,0.4496268914294872,0.5681665256703705,0.00202020202020202,0.00594732370433305,0.3774985074996948,0.3776549994945526,0.01919191919191919,0.022939677145284623
1.4,26,-17.88506859540938,-6.0,-0.09116227141322897,-0.007745152416649803,148.0,-0.09622669219970703,0.6932091347422008,0.752306118426215,0.5731541724863954,0.6309171635148574,0.6459933444897799,0.5055737690145561,0.0018427518427518428,0.009445100354191263,0.39008474349975586,0.3706345558166504,0.033783783783783786,0.026564344746162927
1.4,27,-63.6901305913925,-135.0,0.1490491079466959,-0.1692860840044091,144.0,0.23259729146957397,0.7443553682918232,0.7435018742990082,0.6152663059880586,0.6298314543259282,0.5146439683895171,0.5380711157165842,0.0031565656565656565,0.010101010101010102,0.414272665977478,0.41890445351600647,0.025883838383838384,0.042033235581622676
1.4,28,-96.36459767818451,-84.0,-0.3757990449961467,0.2644611827425453,92.0,-0.32224559783935547,0.749304091312122,0.7500781921308007,0.6452682636558548,0.624955434192637,0.505990224590759,0.5166800241601521,0.0,0.006714876033057851,0.3824390172958374,0.3966549336910248,0.042490118577075096,0.03254132231404959
1.4,29,7.245695888996124,11.0,-0.028399020433425903,0.06304942077860748,29.0,0.031762659549713135,0.7070548108146487,0.7222169105020662,0.5323728983604398,0.5448266343361404,0.6136326048164991,0.45284017191351655,0.0,0.0,0.38848841190338135,0.3413031995296478,0.025,0.025078369905956112
1.4,30,72.02239280939102,27.0,0.5510906506757267,-0.3271000912985134,95.0,0.5454881191253662,0.7642353664376121,0.7151275898304867,0.6720680833519378,0.5954967915376964,0.5019092903456958,0.6136221496093864,0.00819672131147541,0.0028708133971291866,0.42371878027915955,0.4377588629722595,0.05365126676602087,0.04880382775119617
1.4,31,31.859631299972534,-19.0,0.48124413803959565,-0.27332537551720937,75.0,0.2216760218143463,0.7355718270509031,0.7295471025085459,0.6047132512131951,0.5931858586648417,0.5059227490244841,0.5916885927221458,0.0,0.0038684719535783366,0.4026685953140259,0.42040473222732544,0.04606060606060606,0.0425531914893617
1.4,32,58.341799199581146,122.0,-0.10163746466925438,0.08421684126616702,148.0,-0.09883230924606323,0.7261717343778847,0.7448215036967288,0.5834641488611879,0.613506690226715,0.5937575076853041,0.49821240861679056,0.010437710437710438,0.0042997542997543,0.41116979718208313,0.36403167247772217,0.04107744107744108,0.018427518427518427
1.4,33,16.77119356393814,32.0,-0.04317258399770696,0.08094577902423034,138.0,-0.023357689380645752,0.7532261902426304,0.7104897817283325,0.6286788115319567,0.5692397068608145,0.5041619658184311,0.6519749918471662,0.0037433155080213902,0.00461133069828722,0.413016140460968,0.3977928161621094,0.03208556149732621,0.03491436100131752
1.4,34,17.138673722743988,20.0,0.010410030186176256,0.013805786780098306,120.0,0.022287309169769287,0.7340801126205085,0.7319153828307576,0.610947464502404,0.6276161617993317,0.5210000503864907,0.5611746294727401,0.007792207792207792,0.00909090909090909,0.35742154717445374,0.39952901005744934,0.022727272727272728,0.035606060606060606
1.4,35,40.02348649501802,50.0,-0.0005586671618580397,0.0017064388359426252,123.0,-0.007124960422515869,0.755559898109772,0.7742663177923387,0.6825713537555714,0.6683888941093984,0.5363778102494027,0.43808502712415404,0.0031529164477141357,0.010347376201034738,0.3899455666542053,0.4116991460323334,0.02995270625328429,0.021433850702143386
1.4,36,-96.58792173862457,-95.0,-0.21196809381467607,0.20574719208261372,96.0,-0.22289419174194336,0.7340462762424512,0.7441527132450318,0.6285016591008125,0.6270002221547334,0.5315804699620247,0.5000926809236078,0.0,0.017610661589719183,0.44537457823753357,0.41805577278137207,0.061553030303030304,0.02760590195145169
1.4,37,-46.311044692993164,-80.0,0.043848620709918795,-0.018525576946281264,60.0,-0.10733020305633545,0.7594503362416379,0.7533640423869912,0.5611247584146636,0.5608852571906859,0.5159712969867105,0.4855474571599661,0.0,0.0006493506493506494,0.42162224650382996,0.40282267332077026,0.04242424242424243,0.03961038961038961
1.4,38,50.240360736846924,52.0,0.13263081304947455,-0.14086118470397152,86.0,0.1188611388206482,0.7549099166071346,0.770603980658827,0.5458890348585581,0.6301012290589938,0.48811358743405875,0.4670095110905728,0.00461133069828722,0.0021141649048625794,0.38322439789772034,0.39546018838882446,0.030303030303030304,0.026427061310782242
1.4,39,-91.76905000209808,-164.0,0.13396838243592335,-0.13738400805234458,129.0,0.22342032194137573,0.7324371491834629,0.729111775411561,0.6019212223334186,0.5978371572022178,0.5564754328728879,0.5630982193604985,0.0,0.012410797393732548,0.38798728585243225,0.42251238226890564,0.02466525722339676,0.03443996276760782
1.7,0,0.6237822175025798,-15.0,0.0890685686698327,-0.08856069273866157,128.0,0.09553241729736328,0.7772111027960098,0.7641101656215433,0.6537260814781681,0.5671803337872501,0.47942251035927297,0.4721272817137856,0.0035511363636363635,0.015257469802924348,0.3924840986728668,0.40475282073020935,0.020596590909090908,0.04450095359186268
1.7,1,137.8486748933792,197.0,-0.05465011618975979,0.04469279271462562,148.0,0.0017605423927307129,0.780560911348195,0.795478064561123,0.6610640038306355,0.7214244889814898,0.4851000019812437,0.41086628869966907,0.012911725955204217,0.006756756756756757,0.4170084297657013,0.3705120384693146,0.031093544137022398,0.016584766584766583
1.7,2,38.43999671936034,64.0,-0.04608592058217709,0.0663177140341723,137.0,-0.04529440402984619,0.7844648346809705,0.7696842743199904,0.6943368034218952,0.6346426613090739,0.421288272416969,0.49025539057646356,0.008141112618724558,0.011944260119442602,0.4101641774177551,0.3710075318813324,0.029850746268656716,0.015925680159256803
1.7,3,7.884689390659318,0.0,0.050542880709354754,-0.05514909884629732,156.0,0.05054283142089844,0.8068324168981783,0.752275847852565,0.7327649333238608,0.5904257181309005,0.36316789799863003,0.539963476238466,0.005827505827505828,0.007575757575757576,0.3831910789012909,0.3868836760520935,0.022727272727272728,0.02097902097902098
1.7,4,-54.40584856271742,-80.0,0.05315856785881112,-0.0348046879006117,66.0,0.040594637393951416,0.7751241802308452,0.7616423364265335,0.5717209267695778,0.667936112078283,0.4558095491266626,0.49657611871722146,0.0,0.0018679950186799503,0.3834131062030792,0.42073890566825867,0.030303030303030304,0.0361145703611457
1.7,5,39.307974100112915,79.0,-0.14422933939877058,0.10250064432310257,102.0,0.0011730194091796875,0.759912093482675,0.7867414926143886,0.6574298290332623,0.7028173886330898,0.5211413506931828,0.3883874862881577,0.0035158211953792064,0.008021390374331552,0.421392560005188,0.3354254961013794,0.03515821195379206,0.00980392156862745
1.7,6,2.4438164234161377,9.0,-0.03797991584855587,0.04227450912274461,107.0,0.0014237165451049805,0.7617253839601473,0.745291205448563,0.663448172387767,0.5422086188831231,0.5402618460928362,0.5091290699405171,0.008620689655172414,0.009345794392523364,0.3836154639720917,0.3683159351348877,0.03134796238244514,0.018691588785046728
1.7,7,-29.04264622926712,-29.0,-0.04417163354452258,0.08278499343867651,151.0,-0.0667879581451416,0.7830865364646123,0.7776435519379546,0.7003252220528875,0.6928801348166512,0.428925285093424,0.47456808325873556,0.0012040939193257074,0.0035353535353535356,0.3844820261001587,0.39888182282447815,0.028296207104154123,0.019696969696969695
1.7,8,37.63657981157303,77.0,-0.14638225019979823,0.18873161970499372,106.0,-0.2046830654144287,0.7869795864152089,0.766875112262333,0.6925955921126444,0.6692758884280623,0.420942240769647,0.44438422605561495,0.007948335817188276,0.012864493996569469,0.4055314064025879,0.37137430906295776,0.030799801291604572,0.01972555746140652
1.7,9,-86.94315731525421,-89.0,-0.20412495497907146,0.2258016010667877,89.0,-0.21041643619537354,0.7446932445069354,0.7833641653262056,0.656140546458188,0.694711495498816,0.5323079866776775,0.4297609180670468,0.0,0.005107252298263534,0.399857759475708,0.3605208396911621,0.03677221654749745,0.01481103166496425
1.7,10,-46.61445224285126,37.0,-0.5382912473440502,0.2850366206568422,103.0,-0.16154199838638306,0.7901084046303858,0.7596573405251861,0.7118701050640623,0.6148364464231965,0.4304446466360076,0.56412506500604,0.012337662337662338,0.01147396293027361,0.41789934039115906,0.39175987243652344,0.03896103896103896,0.03265666372462489
1.7,11,-49.23068964481354,-64.0,-0.02164788560726094,0.010972375709319915,122.0,-0.022977471351623535,0.776604655701114,0.775343740882267,0.722681978313947,0.6944299685122859,0.4578791578500774,0.4640173349759736,0.0,0.008797653958944282,0.39420878887176514,0.4007706046104431,0.040238450074515646,0.02932551319648094
1.7,12,23.460309743881233,-32.0,0.3073949780539272,-0.16041873965545678,119.0,0.07875710725784302,0.7760687441872561,0.7795432544460219,0.6948848928410467,0.6685385637245984,0.4858670970232308,0.4319702023801089,0.006875477463712758,0.012040939193257074,0.382788747549057,0.4184722900390625,0.02826585179526356,0.0325105358217941
1.7,13,85.90734845399857,115.0,-0.0297845702511923,0.03593949938459051,25.0,0.016501128673553467,0.7541544263870041,0.6698170678696106,0.5968328620316662,0.3661095600222899,0.48462899850429564,0.541788180270601,0.005844155844155844,0.0,0.3986107110977173,0.3328036665916443,0.033766233766233764,0.0036363636363636364
1.7,14,21.007690131664276,37.0,-0.1841494657290288,0.24841056421685684,15.0,-0.0037601590156555176,0.7922669861687427,0.8253861844153768,0.593520147642121,0.6440913908309635,0.3657026556940589,0.32628959390626,0.0,0.0,0.4005758762359619,0.3383418917655945,0.013986013986013986,0.024242424242424242
1.7,15,3.3580597639083862,-52.0,0.2970646711805272,-0.087172985801371,86.0,-0.08952289819717407,0.7510420577513536,0.7814572904185588,0.6395545096196834,0.601539521530251,0.5107195343097748,0.4369816533730418,0.0010570824524312897,0.001976284584980237,0.3935037851333618,0.3851533532142639,0.03488372093023256,0.023715415019762844
1.7,16,-64.31412559747696,-102.0,0.10067688512362649,-0.1232690456596571,84.0,0.16603100299835205,0.7303421069947472,0.7579636830759294,0.5225930577258254,0.6426210557346695,0.550492637863553,0.4812597417538543,0.0021645021645021645,0.015151515151515152,0.3898833394050598,0.4134075939655304,0.03896103896103896,0.03274682306940371
1.7,17,-19.747419774532318,-37.0,0.06191816015229468,-0.09239489625765779,113.0,0.014748454093933105,0.7870048440399336,0.7641620891003488,0.6979908209429335,0.6294437826785606,0.4121675891973007,0.5042049527133396,0.015285599356395816,0.02,0.414693683385849,0.4106754660606384,0.04585679806918745,0.03575757575757576
1.7,18,20.438749313354506,22.0,0.025917921608476946,-0.03185313700378212,135.0,0.042376160621643066,0.7991950554992738,0.8040326599784561,0.7392871062628703,0.7056237858599005,0.40581334141234265,0.4034322829327864,0.004053271569195136,0.011447811447811448,0.383968323469162,0.39645758271217346,0.029530978575564564,0.022222222222222223
1.7,19,69.24882340431213,122.0,-0.16880527945207247,0.16230914804599866,42.0,0.012085199356079102,0.7808455650900452,0.7694082470026761,0.7043990412239947,0.6154051000887493,0.4170820242246724,0.4393135910896821,0.007760532150776054,0.0,0.4297720789909363,0.37948620319366455,0.0393569844789357,0.01948051948051948
1.7,20,-138.71616053581238,-213.0,0.1569136618184398,-0.16182588962856068,22.0,0.00977945327758789,0.7881985010686345,0.7569265967371784,0.3706476213301625,0.6417836160307107,0.40660638343550337,0.5382988762009797,0.008264462809917356,0.006189555125725338,0.32528260350227356,0.41562509536743164,0.024793388429752067,0.03172147001934236
1.7,21,-116.36017209291458,-141.0,-0.17573857847280538,0.15985713683284464,72.0,-0.25903773307800293,0.7571264006175461,0.7777845280912618,0.6436599495135874,0.6905387631187461,0.481366270840989,0.5010397871656671,0.005050505050505051,0.009389671361502348,0.3966182470321655,0.41478684544563293,0.030303030303030304,0.03670507895860008
1.7,22,-21.599197983741746,-21.0,-0.03614094133197954,0.048467046739976316,141.0,-0.08416992425918579,0.7677025887744645,0.7726059418999616,0.6795333002993202,0.6825140485076987,0.48718728919468446,0.4912934960429288,0.0038684719535783366,0.006734006734006734,0.41873863339424133,0.38147181272506714,0.037395228884590584,0.026374859708193043
1.7,23,-59.825441777706146,-94.0,0.13686352146460734,-0.09675002222480972,34.0,0.035945773124694824,0.8008038105279612,0.7812514397361858,0.696802316314102,0.7248718888787746,0.42804749349619103,0.4180288582566997,0.02406417112299465,0.007102272727272727,0.4065059721469879,0.39648672938346863,0.0427807486631016,0.03196022727272727
1.7,24,73.53425019979477,30.0,0.2965683349048997,-0.2392628534061182,176.0,0.27780523896217346,0.7623463593474102,0.7621455049543027,0.662685177826237,0.6961635982520226,0.4900888175635496,0.479083948142038,0.003971756398940865,0.01084710743801653,0.41301196813583374,0.41232365369796753,0.045454545454545456,0.049586776859504134
1.7,25,-8.51468443870543,-14.0,0.011902005498614532,0.033948760490475294,131.0,-0.003536522388458252,0.789208899759242,0.7737953433935513,0.7126842061057328,0.6522991908918875,0.42596190716659316,0.5032216918845356,0.007633587786259542,0.007523510971786834,0.42150405049324036,0.3714362680912018,0.03261623872310895,0.025705329153605017
1.7,26,-58.33129662275316,-65.0,-0.1199539884002736,0.13687001164405277,79.0,-0.10724586248397827,0.7415887585644115,0.7866172396136022,0.6056634421340266,0.6501443655820603,0.5394420261804344,0.37999753330188246,0.0,0.0006313131313131314,0.42807191610336304,0.38327765464782715,0.04487917146144994,0.03787878787878788
1.7,27,-22.30778259038925,-34.0,0.0070804943734356085,-0.012228178221430797,154.0,-0.03493309020996094,0.7843525885642976,0.7682200384418055,0.6822827777250898,0.6741673280084854,0.44031297059943064,0.4967023915880438,0.0029515938606847697,0.014506769825918761,0.37152037024497986,0.4008047580718994,0.027744982290436836,0.033849129593810444
1.7,28,-65.40429699420929,-96.0,0.021023150237966637,-0.04181125497590249,69.0,-0.021812021732330322,0.7503611644985638,0.7791657053493851,0.6780149448439023,0.6941246792138983,0.4752256944870942,0.4362866787389017,0.0,0.007713498622589532,0.40807461738586426,0.3992694914340973,0.04084321475625823,0.03140495867768595
1.7,29,-38.446193873882294,-9.0,-0.3049389016956913,0.21755106943871894,105.0,-0.32442358136177063,0.7635100106267053,0.8043311206483316,0.6961100847008145,0.722851319355871,0.5028061622825439,0.4182582750393292,0.0017316017316017316,0.003189792663476874,0.4360490143299103,0.4190289378166199,0.05627705627705628,0.02631578947368421
1.7,30,-11.641416907310486,15.0,-0.11964374207533324,0.1666598432084434,180.0,-0.12002986669540405,0.7840020578636099,0.7745763539107698,0.719436511495646,0.6958623065979964,0.4442384011876672,0.4459473857959727,0.005128205128205128,0.007070707070707071,0.40030378103256226,0.40106090903282166,0.031235431235431235,0.027777777777777776
1.7,31,-149.60077470541,-237.0,-0.1947416225933049,0.09681403203212091,55.0,-0.32438144087791443,0.765103834002776,0.7559294961082469,0.676128727409934,0.6612099978753436,0.46614637342852255,0.5123787666704176,0.003305785123966942,0.009028642590286426,0.42924684286117554,0.4273379445075989,0.05785123966942149,0.03922789539227895
1.7,32,-2.9191437363624573,-26.0,0.12563608434913354,-0.10894068206855739,126.0,0.08123630285263062,0.7986581809834118,0.7645446794594861,0.6530729013109361,0.611875262495689,0.3758397336597966,0.45432704672787966,0.004329004329004329,0.008373205741626795,0.3754011392593384,0.4072747826576233,0.020923520923520924,0.025717703349282296
1.7,33,26.86377251148224,-27.0,0.20433949857131128,-0.2238946887754174,215.0,0.19248628616333008,0.7427383905306805,0.7672485980700183,0.6582985501514532,0.667570708212905,0.5201467911318526,0.49709539617719944,0.007610993657505285,0.014274981217129978,0.41545966267585754,0.4305728077888489,0.02959830866807611,0.06198347107438017
1.7,34,-20.061745285987868,-21.0,-0.021343486618686014,0.020815492731990792,154.0,-0.03688734769821167,0.7926335318205339,0.7925008214051317,0.6943023776355769,0.6816637134732496,0.3922391057180807,0.43577270626325326,0.004722550177095631,0.002077922077922078,0.3870237469673157,0.37858474254608154,0.023022432113341203,0.01922077922077922
1.7,35,-72.30419486761093,-81.0,-0.1699540939053853,0.17768318088564,56.0,-0.18817418813705444,0.7434798890752599,0.744722387246341,0.6353215462050947,0.6486863743521932,0.507009463104059,0.536499259863406,0.008116883116883116,0.009953550099535502,0.4028145968914032,0.39910000562667847,0.05357142857142857,0.025879230258792303
1.7,36,-18.963486909866333,-36.0,0.07717813417967723,-0.08162781406281772,99.0,0.04431915283203125,0.7564363737704906,0.7942672674698016,0.6119320685576779,0.7193212606686721,0.5068723787877778,0.40861782077979847,0.0073461891643709825,0.003367003367003367,0.40208274126052856,0.39811500906944275,0.03948576675849403,0.02558922558922559
1.7,37,89.66343057155609,107.0,0.11164103867901365,-0.09005052684907133,50.0,0.09382963180541992,0.7728231902043227,0.7482037508439173,0.6895007745579196,0.6145269354079237,0.4750731906212751,0.4606794640604297,0.0028951939779965257,0.012727272727272728,0.3893905282020569,0.3751695156097412,0.02895193977996526,0.02909090909090909
1.7,38,20.7675368785858,15.0,0.06601199044393635,-0.10115212497815806,134.0,0.09382849931716919,0.7745911848615187,0.8006440741256274,0.6601169547931501,0.7153107508807083,0.4316256113656423,0.43799058781441347,0.006101281269066504,0.012890094979647219,0.37612804770469666,0.3779076039791107,0.020744356314826115,0.024423337856173677
1.7,39,-44.86909639835359,-57.0,-0.12082325598236865,0.06685469585476789,100.0,-0.16037017107009888,0.7728356392694837,0.7474256243842945,0.6235498743670848,0.6030907699843777,0.48777594107755323,0.5054846934601106,0.013636363636363636,0.013896931094383324,0.3881039321422577,0.41036689281463623,0.03909090909090909,0.046902142443543716
2.0,0,-118.25719928741455,-173.0,0.08972192361045828,-0.06338203972528872,82.0,0.06881195306777954,0.807619712606732,0.7773393865061288,0.7197008072585718,0.707542288383319,0.4026932042098653,0.4574069125370023,0.0,0.0106951871657754,0.3863752484321594,0.3707723617553711,0.037694013303769404,0.02602495543672014
2.0,1,-7.596766352653496,12.0,-0.2615104964924828,0.21587717110137028,53.0,-0.1203203797340393,0.7671599334850835,0.7135096533933696,0.676400191073477,0.531910955663414,0.4885337085451916,0.5020194290205539,0.0,0.005145797598627788,0.3957999348640442,0.3775559961795807,0.03636363636363636,0.02058319039451115
2.0,2,-44.20839440822601,-103.0,0.2625029253798563,-0.09235100416596048,37.0,-0.02550506591796875,0.7904683731995307,0.8347281522993928,0.6870107638929944,0.7801192146626296,0.46990521741826574,0.3198181629423459,0.0,0.003896103896103896,0.37256062030792236,0.37092018127441406,0.036855036855036855,0.024025974025974027
2.0,3,29.450643837451935,-31.0,0.3596677613018232,-0.2107921113025788,122.0,0.021465778350830078,0.8002605194424064,0.7942418666402112,0.7282993390793457,0.6502816550851322,0.43094716085583573,0.45868953822215125,0.004470938897168405,0.0005941770647653001,0.372614324092865,0.3711329400539398,0.01564828614008942,0.026143790849673203
2.0,4,42.70067238807678,46.0,0.0994388382025907,-0.14272093781654532,57.0,0.13140064477920532,0.8052219923572589,0.8329069489118534,0.620770329378455,0.7618991874545696,0.37613729686920777,0.3445490217721375,0.01500441306266549,0.0,0.3644571006298065,0.3763672411441803,0.019417475728155338,0.025518341307814992
2.0,5,-10.828111171722426,-27.0,0.04998665876553465,-0.02423076011472891,154.0,0.009858489036560059,0.7854316318584998,0.8008748372260274,0.735237883217018,0.6277643542177455,0.4521050061889484,0.37195436013954575,0.004722550177095631,0.010045203415369162,0.42513155937194824,0.4084811806678772,0.05371900826446281,0.03063787041687594
2.0,6,-15.704126715660095,-23.0,0.016898400016548742,0.0464001026251063,104.0,-0.03832632303237915,0.7842106431004185,0.8054934154557465,0.6472840918867866,0.6738104873664196,0.4457318391251031,0.4117241202756922,0.0,0.0071581961345740875,0.39589089155197144,0.36718377470970154,0.02972027972027972,0.021474588403722263
2.0,7,109.58886927366257,-14.0,0.8299266765069645,-0.5292385079587789,132.0,0.6420832276344299,0.7974980513833174,0.8050300324466881,0.6932688567587533,0.7084325482604578,0.4154660448756823,0.38783202144268647,0.0048209366391184574,0.00809464508094645,0.38674479722976685,0.4047517478466034,0.03443526170798898,0.026774595267745952
2.0,8,-11.44780427217485,-28.0,0.0885626575573063,-0.09118061758022067,104.0,0.06161785125732422,0.8335326706631251,0.8211344014299713,0.7706423585287877,0.7436134625679924,0.3408368110995668,0.3478482182137178,0.012237762237762238,0.004132231404958678,0.3955884277820587,0.3743658661842346,0.03583916083916084,0.028925619834710745
2.0,9,-86.68156039714812,-110.0,0.05098411452675622,-0.05952221190276008,16.0,0.0024610161781311035,0.7439699951047035,0.8167157516770739,0.3996941221421157,0.6634878235938323,0.305682011811862,0.3333084969208715,0.0,0.004329004329004329,0.3305981755256653,0.35863351821899414,0.005681818181818182,0.016594516594516596
2.0,10,24.21962672472001,33.0,0.020725281450940214,-0.008296390412236121,87.0,0.05273085832595825,0.7968733943858566,0.801808828809337,0.6787189923177531,0.703319484876545,0.40781742001368004,0.4307301233313429,0.003787878787878788,0.0,0.4001602530479431,0.4053354263305664,0.03333333333333333,0.04179728317659352
2.0,11,-69.49749028682709,-94.0,0.0458112038911247,-0.020450236860782345,35.0,-0.007757425308227539,0.8168622994851383,0.789317057749297,0.683016384974487,0.6595166684526729,0.31911461306829575,0.41714581265374706,0.0,0.012684989429175475,0.3943832516670227,0.40086308121681213,0.04935064935064935,0.03805496828752643
2.0,12,-15.36289113759993,-29.0,0.06629914810332649,-0.08510661468984398,108.0,0.0451015830039978,0.7665251198834203,0.7904769503240437,0.6082660954269261,0.6410380444985403,0.4553528973876791,0.43269064412604424,0.0016835016835016834,0.009953550099535502,0.3613451421260834,0.39733099937438965,0.018518518518518517,0.042468480424684804
2.0,13,22.342000901699066,31.0,-0.0054811986445851835,0.04771332732957101,98.0,-0.022263288497924805,0.7815883687393921,0.8352008394338974,0.6831357433287812,0.7613476786819093,0.45200442524504425,0.3261911542771154,0.005637773079633545,0.012059369202226345,0.43287914991378784,0.4209906756877899,0.042283298097251586,0.02411873840445269
2.0,14,18.158801078796373,19.0,0.020846839859627098,-0.027428617873411193,137.0,0.032824933528900146,0.8186432022942415,0.8097643781152374,0.7646186879345225,0.7508495783147958,0.36945961235874847,0.35787597396848553,0.008158508158508158,0.007962840079628402,0.39098161458969116,0.3652350902557373,0.022727272727272728,0.027869940278699403
2.0,15,-35.8670911192894,-15.0,-0.20450201843443822,-0.052967407035270475,131.0,-0.2029726803302765,0.8201204651231148,0.7688084903955236,0.745154238577152,0.5827521398548607,0.3538934608369256,0.45690837749180657,0.0131852879944483,0.00560398505603985,0.3903343975543976,0.4118584394454956,0.02220680083275503,0.0460772104607721
2.0,16,-20.37978154420854,-42.0,0.07112164492963235,-0.0965777554278281,121.0,0.08065146207809448,0.7918268960537929,0.8049711541224872,0.7084150511803123,0.7075174741691386,0.42772049089367764,0.3806815342357923,0.01652892561983471,0.002788622420524261,0.42797476053237915,0.4075447618961334,0.054845980465815174,0.046291132180702736
2.0,17,38.76805865764618,69.0,-0.06555807887674603,0.056276814210621806,116.0,-0.026100099086761475,0.8044822539331071,0.8104158531982549,0.7068903146237648,0.6526207182932411,0.4049522741114991,0.34475902586192547,0.0063882063882063885,0.007836990595611285,0.40416786074638367,0.3774603605270386,0.03341523341523341,0.018025078369905956
2.0,18,30.48521065711975,19.0,0.15005745135823545,-0.15333205822287677,107.0,0.17665481567382812,0.8038158035549589,0.7841022588473531,0.708903000897707,0.6655934440116731,0.38753880688671344,0.4268884674716136,0.001443001443001443,0.0016992353440951572,0.3978005051612854,0.4127597212791443,0.04184704184704185,0.04248088360237893
2.0,19,-91.29742056131363,-132.0,-0.056362121957594824,0.03297551730003684,56.0,-0.0168154239654541,0.762679580225292,0.8002065995958091,0.6643103802309316,0.7075228483195558,0.48691610384007034,0.3994281851122524,0.0,0.0029013539651837525,0.4119498133659363,0.390053927898407,0.04383116883116883,0.0425531914893617
2.0,20,16.68777829408647,22.0,-0.0006858737104840085,0.006336617651674981,131.0,0.022632181644439697,0.7866301122808174,0.8036844011651603,0.6519687527116635,0.7424986434014874,0.4630512396026951,0.41846214827466455,0.006535947712418301,0.0034698126301179735,0.40186160802841187,0.3783722221851349,0.0338680926916221,0.025676613462873005
2.0,21,-3.9219255447387553,-3.0,-0.011380910722896265,0.0448396796987765,132.0,-0.021883904933929443,0.7979362824061266,0.7993109464551231,0.7339396296394294,0.7053194951606164,0.41609782192415545,0.41668735147510083,0.0048209366391184574,0.008754208754208754,0.4112977683544159,0.377888023853302,0.04338842975206612,0.03434343434343434
2.0,22,-6.837802350521102,0.0,-0.044401313964422595,0.03424675534055996,154.0,-0.044401347637176514,0.8036206394746928,0.7747478125021441,0.704629333094589,0.6397217160060416,0.4080384410239465,0.5239789778974125,0.010035419126328217,0.010625737898465172,0.4064629375934601,0.3818672001361847,0.015938606847697757,0.021251475796930343
2.0,23,73.47842699289322,85.0,0.11526953430874698,-0.0540705976557872,112.0,0.13440537452697754,0.8030847265269571,0.7929690783270154,0.7469000968622921,0.6988567190974122,0.40286905748907725,0.4304451596813024,0.011536686663590217,0.017857142857142856,0.41432005167007446,0.41850176453590393,0.047531149053991695,0.040584415584415584
2.0,24,-78.76100587844849,-86.0,-0.15087748503810539,0.13171180438134322,96.0,-0.12808620929718018,0.8066930696214333,0.7996856812560099,0.702833747603895,0.696283171147016,0.38746804631296217,0.4166482228406127,0.000946969696969697,0.006493506493506494,0.42516934871673584,0.3911477327346802,0.05587121212121212,0.02097902097902098
2.0,25,6.575380802154541,0.0,0.04325908422470093,-0.08610492220491558,152.0,0.04325902462005615,0.8106141700306906,0.7928469220276283,0.7184754128521916,0.6881825458251456,0.4193462767499062,0.4333131129042866,0.005980861244019139,0.008373205741626795,0.38095203042030334,0.37598153948783875,0.03229665071770335,0.02751196172248804
2.0,26,-51.09027981758118,-98.0,0.06292084556846544,-0.13947030855289672,107.0,0.0397869348526001,0.8092477484868851,0.8015785153264101,0.7380836826741031,0.6913663860239293,0.36911221783350245,0.4468471308539885,0.006796941376380629,0.009312638580931265,0.40637198090553284,0.4122639000415802,0.022090059473237042,0.039467849223946784
2.0,27,-52.23320031166075,-69.0,-0.019057661532216774,-0.053113172819797994,88.0,-0.10291486978530884,0.7800654848254588,0.8080950937962396,0.6978526072843364,0.7233365760155297,0.4235542409907428,0.39339012559056064,0.006198347107438017,0.015055008685581933,0.3854975998401642,0.3743428587913513,0.026859504132231406,0.026635784597568036
2.0,28,14.232666850090027,9.0,0.06545576646290674,-0.08205177065976288,112.0,0.09924662113189697,0.8117754895184018,0.8096329752554894,0.7529901808879826,0.7193747765320608,0.4065366745403216,0.35857943191229713,0.007513148009015778,0.00487012987012987,0.39317837357521057,0.37610766291618347,0.028549962434259956,0.025162337662337664
2.0,29,5.766495823860183,-36.0,0.17642817658762777,-0.040760117143552765,150.0,-0.033304035663604736,0.8232975258698153,0.80690165915085,0.7777945052284556,0.674898137591174,0.35348652093126515,0.39766089380042513,0.0048484848484848485,0.00635386119257087,0.3839133083820343,0.40769341588020325,0.03636363636363636,0.03128054740957967
2.0,30,58.30197477340698,62.0,0.1220498867269072,-0.06137146825240819,107.0,0.09187746047973633,0.7957868447571066,0.8030047219449645,0.7229020356324213,0.658962206164523,0.4272076204918551,0.4836171199889851,0.006993006993006993,0.016142735768903994,0.41427117586135864,0.4165595769882202,0.03604088219472835,0.03908241291418862
2.0,31,-38.02698612213135,-102.0,0.28915439478743143,-0.2946804310801435,56.0,0.1641695499420166,0.8157357418909292,0.778120657316234,0.663555232237181,0.6884573069226688,0.40905642397739594,0.42700562268682335,0.0,0.006329113924050633,0.3864714801311493,0.3985599875450134,0.02922077922077922,0.0379746835443038
2.0,32,18.713161945343018,-14.0,0.27647073335494055,-0.2914672444630979,96.0,0.17670398950576782,0.8117856254433591,0.8118507584806111,0.7278214805985512,0.7315536038826452,0.3915657005369268,0.3539969620757905,0.000946969696969697,0.0,0.35800567269325256,0.40543919801712036,0.017992424242424244,0.04214876033057851
2.0,33,-60.826112151145935,-93.0,0.08891062005471684,-0.07684742787508922,82.0,0.06130707263946533,0.8094399838235529,0.7875902602569002,0.6078802489916848,0.688453264100175,0.36275251303295086,0.49695648203200227,0.0,0.01922077922077922,0.36944296956062317,0.39016032218933105,0.014412416851441241,0.027012987012987013
2.0,34,-0.30706220865249634,-75.0,0.23787690908286774,-0.1027699579002847,163.0,0.049586594104766846,0.8068580683846004,0.7911299566428759,0.7188819117066021,0.7091534419577362,0.4332695313172703,0.42796250764558763,0.0016731734523145567,0.0053475935828877,0.42156529426574707,0.40729546546936035,0.0384829894032348,0.025210084033613446
2.0,35,-13.060473442077623,19.0,-0.16992428782985103,0.006343105562907514,135.0,0.06487041711807251,0.7986247653629974,0.7755502837024891,0.730779892144982,0.6423220435808301,0.3785288822487185,0.5060847776387242,0.0023612750885478157,0.006060606060606061,0.4271233379840851,0.3915850520133972,0.03955135773317592,0.03973063973063973
2.0,36,-65.7895924448967,-90.0,0.03641685477607992,-0.029085756763053694,46.0,0.0062506794929504395,0.7457590306854297,0.8151506585004253,0.5980601534596416,0.731223411628201,0.4703738782385633,0.37605691292377896,0.003952569169960474,0.001336898395721925,0.40275201201438904,0.3710536062717438,0.04743083003952569,0.016711229946524065
2.0,37,6.072314679622664,-30.0,0.15440903606134104,-0.15308018019375563,154.0,0.1648678183555603,0.7888643798945645,0.7824220893105941,0.7013032006902056,0.6896376865885989,0.46837207688871335,0.47273042743031934,0.0059031877213695395,0.005434782608695652,0.405734121799469,0.4096399247646332,0.02715466351829988,0.03507905138339921
2.0,38,24.251078903675108,21.0,0.05554738894679234,-0.04029097005532639,153.0,0.09403562545776367,0.7925293861322938,0.7905643179583585,0.7351304663647718,0.6574822846342773,0.4243061896795519,0.5226838110392226,0.0073145245559038665,0.014854426619132501,0.3955823481082916,0.4216175973415375,0.04179728317659352,0.04634581105169341
2.0,39,-0.2618316411972046,-6.0,0.0346501994937185,-0.0584215049284495,120.0,-0.0010194182395935059,0.8164831446696987,0.7698609026890334,0.7264932450514818,0.6430090597797792,0.39726195040256934,0.4793540283850061,0.008333333333333333,0.00937950937950938,0.410908043384552,0.39043721556663513,0.03106060606060606,0.03751803751803752
